Prob_N,Model_N,F1,F2,c,T,Sample,Obj_F,Total Solving Time (TST),CPLEX solving time (CST); ,Solv_Status,T_stage,DP Estimated Solving Time (DEST)
1,M_Agg,400,1200,2,90,1,2982146,0.843277931,0.781921387,optimal,-,-
1,TPM,400,1200,2,90,1,2982146,3.242319584,2.916768312,optimal,-,-
1,TPM_m,400,1200,2,90,1,2982146,1.015441557,0.928705215,optimal,-,-
1,FAL,400,1200,2,90,1,2982146,6.951302528,6.711978436,optimal,-,-
1,SHP,400,1200,2,90,1,2982146,13.48403716,13.33014441,optimal,-,-
1,weakl,400,1200,2,90,1,2982146,37.04222611,1.002057552,optimal,54,60.07
1,envl,400,1200,2,90,1,2982146,36.62984803,0.580236435,optimal,54,60.08
1,weakenvl,400,1200,2,90,1,2982146,37.31018594,1.234198332,optimal,54,60.13
2,M_Agg,400,1200,2,90,2,3031218,0.596982479,0.549599409,optimal,-,-
2,TPM,400,1200,2,90,2,3031218,3.975626945,3.655215263,optimal,-,-
2,TPM_m,400,1200,2,90,2,3031218,1.07165621,0.994281769,optimal,-,-
2,FAL,400,1200,2,90,2,3031218,11.71364403,11.49792171,optimal,-,-
2,SHP,400,1200,2,90,2,3031218,17.23000908,17.08174443,optimal,-,-
2,weakl,400,1200,2,90,2,3031218,39.34579087,0.828226566,optimal,54,64.2
2,envl,400,1200,2,90,2,3031218,39.39538837,0.865643978,optimal,54,64.22
2,weakenvl,400,1200,2,90,2,3031218,39.38721681,0.852143526,optimal,54,64.23
3,M_Agg,400,1200,2,90,3,2957363,0.389719725,0.336580515,optimal,-,-
3,TPM,400,1200,2,90,3,2957363,2.547305346,2.22883606,optimal,-,-
3,TPM_m,400,1200,2,90,3,2957363,0.943435447,0.858604193,optimal,-,-
3,FAL,400,1200,2,90,3,2957363,5.285800695,5.060027838,optimal,-,-
3,SHP,400,1200,2,90,3,2957363,8.964028835,8.815169573,optimal,-,-
3,weakl,400,1200,2,90,3,2957363,34.38846747,0.701090813,optimal,54,56.15
3,envl,400,1200,2,90,3,2957363,34.37769667,0.684225082,optimal,54,56.16
3,weakenvl,400,1200,2,90,3,2957363,34.49053613,0.786967278,optimal,54,56.17
4,M_Agg,400,1200,2,90,4,3045894,1.311043978,1.258444786,optimal,-,-
4,TPM,400,1200,2,90,4,3045894,4.569781542,4.250597,optimal,-,-
4,TPM_m,400,1200,2,90,4,3045894,1.852869643,1.777466536,optimal,-,-
4,FAL,400,1200,2,90,4,3045894,12.00911856,11.7870214,optimal,-,-
4,SHP,400,1200,2,90,4,3045894,39.27065063,39.1102941,optimal,-,-
4,weakl,400,1200,2,90,4,3045894,40.50240144,1.405698538,optimal,54,65.16
4,envl,400,1200,2,90,4,3045894,39.98585424,0.882932186,optimal,54,65.17
4,weakenvl,400,1200,2,90,4,3045894,40.78731689,1.660176039,optimal,54,65.21
5,M_Agg,400,1200,2,100,1,3479208,1.448246479,1.40125823,optimal,-,-
5,TPM,400,1200,2,100,1,3479208,10.94821858,10.54371309,optimal,-,-
5,TPM_m,400,1200,2,100,1,3479208,2.45867147,2.373055696,optimal,-,-
5,FAL,400,1200,2,100,1,3479208,15.02858496,14.73100567,optimal,-,-
5,SHP,400,1200,2,100,1,3479208,177.0312071,176.8536258,optimal,-,-
5,weakl,400,1200,2,100,1,3479208,52.38202931,1.233053446,optimal,60,85.25
5,envl,400,1200,2,100,1,3479208,52.16886856,1.00571084,optimal,60,85.27
5,weakenvl,400,1200,2,100,1,3479208,53.49215152,2.311092138,optimal,60,85.3
6,M_Agg,400,1200,2,100,2,3270610,0.515401125,0.466805935,optimal,-,-
6,TPM,400,1200,2,100,2,3270610,3.910525322,3.529970169,optimal,-,-
6,TPM_m,400,1200,2,100,2,3270610,0.759263654,0.673422575,optimal,-,-
6,FAL,400,1200,2,100,2,3270610,12.89576554,12.6302793,optimal,-,-
6,SHP,400,1200,2,100,2,3270610,12.30162191,12.12530732,optimal,-,-
6,weakl,400,1200,2,100,2,3270610,47.10638317,0.894892693,optimal,60,77.02
6,envl,400,1200,2,100,2,3270610,46.72237094,0.494778156,optimal,60,77.05
6,weakenvl,400,1200,2,100,2,3270610,47.13740714,0.889441252,optimal,60,77.08
7,M_Agg,400,1200,2,100,3,3287931,0.71773982,0.666316509,optimal,-,-
7,TPM,400,1200,2,100,3,3287931,9.2213521,8.829640388,optimal,-,-
7,TPM_m,400,1200,2,100,3,3287931,1.309626014,1.224072695,optimal,-,-
7,FAL,400,1200,2,100,3,3287931,15.84115577,15.56364894,optimal,-,-
7,SHP,400,1200,2,100,3,3287931,207.5249004,207.3369224,optimal,-,-
7,weakl,400,1200,2,100,3,3287931,43.68133391,0.967446327,optimal,60,71.19
7,envl,400,1200,2,100,3,3287931,43.51215066,0.787825346,optimal,60,71.21
7,weakenvl,400,1200,2,100,3,3287931,43.96252931,1.213114738,optimal,60,71.25
8,M_Agg,400,1200,2,100,4,3223719,1.201448917,1.156179428,optimal,-,-
8,TPM,400,1200,2,100,4,3223719,10.22765541,9.856257439,optimal,-,-
8,TPM_m,400,1200,2,100,4,3223719,1.466039272,1.37973547,optimal,-,-
8,FAL,400,1200,2,100,4,3223719,14.65842509,14.39191604,optimal,-,-
8,SHP,400,1200,2,100,4,3223719,107.2476685,107.0686777,optimal,-,-
8,weakl,400,1200,2,100,4,3223719,43.28060898,1.070026398,optimal,60,70.35
8,envl,400,1200,2,100,4,3223719,43.5570713,1.340689421,optimal,60,70.36
8,weakenvl,400,1200,2,100,4,3223719,44.07706437,1.839651823,optimal,60,70.4
9,M_Agg,400,1200,2,120,1,3981676,1.70275116,1.648875952,optimal,-,-
9,TPM,400,1200,2,120,1,3981676,18.30740643,17.77739954,optimal,-,-
9,TPM_m,400,1200,2,120,1,3981676,2.95802465,2.862862349,optimal,-,-
9,FAL,400,1200,2,120,1,3981676,32.0781498,31.70959473,optimal,-,-
9,SHP,400,1200,2,120,1,3981676,1497.952698,1497.707031,optimal,-,-
9,weakl,400,1200,2,120,1,3981676,70.84748759,3.266121149,optimal,72,112.64
9,envl,400,1200,2,120,1,3981676,69.63572707,2.042521477,optimal,72,112.66
9,weakenvl,400,1200,2,120,1,3981676,71.87514772,4.245991707,optimal,72,112.72
10,M_Agg,400,1200,2,120,2,3921017,0.611316681,0.563957691,optimal,-,-
10,TPM,400,1200,2,120,2,3921017,8.576463461,8.038545132,optimal,-,-
10,TPM_m,400,1200,2,120,2,3921017,1.13208903,1.041779995,optimal,-,-
10,FAL,400,1200,2,120,2,3921017,20.74659896,20.34977746,optimal,-,-
10,SHP,400,1200,2,120,2,3921017,60.08359122,59.74181056,optimal,-,-
10,weakl,400,1200,2,120,2,3921017,63.43544254,1.821182489,optimal,72,102.69
10,envl,400,1200,2,120,2,3921017,62.23168979,0.602661133,optimal,72,102.72
10,weakenvl,400,1200,2,120,2,3921017,63.18568382,1.531036139,optimal,72,102.76
11,M_Agg,400,1200,2,120,3,3969679,1.035556793,0.97006917,optimal,-,-
11,TPM,400,1200,2,120,3,3969679,18.31159711,17.71463323,optimal,-,-
11,TPM_m,400,1200,2,120,3,3969679,2.3235011,2.228979111,optimal,-,-
11,FAL,400,1200,2,120,3,3969679,25.26077294,24.88684368,optimal,-,-
11,SHP,400,1200,2,120,3,3969679,82.70240521,82.45922041,optimal,-,-
11,weakl,400,1200,2,120,3,3969679,68.27799425,2.249915361,optimal,72,110.05
11,envl,400,1200,2,120,3,3969679,67.06553207,1.020801067,optimal,72,110.07
11,weakenvl,400,1200,2,120,3,3969679,69.14184914,3.070086479,optimal,72,110.12
12,M_Agg,400,1200,2,120,4,4113262,0.618960381,0.564814091,optimal,-,-
12,TPM,400,1200,2,120,4,4113262,7.491079569,6.93727088,optimal,-,-
12,TPM_m,400,1200,2,120,4,4113262,1.20319802,1.108147621,optimal,-,-
12,FAL,400,1200,2,120,4,4113262,16.59670091,16.23234987,optimal,-,-
12,SHP,400,1200,2,120,4,4113262,89.4647131,89.22213459,optimal,-,-
12,weakl,400,1200,2,120,4,4113262,69.86516485,1.310907364,optimal,72,114.26
12,envl,400,1200,2,120,4,4113262,69.246559,0.677617073,optimal,72,114.28
12,weakenvl,400,1200,2,120,4,4113262,70.15944633,1.533759594,optimal,72,114.38
13,M_Agg,400,1200,2,150,1,5165859,0.652870893,0.600272417,optimal,-,-
13,TPM,400,1200,2,150,1,5165859,14.61681676,13.78090572,optimal,-,-
13,TPM_m,400,1200,2,150,1,5165859,1.614922647,1.507951021,optimal,-,-
13,FAL,400,1200,2,150,1,5165859,32.3023057,31.73065162,optimal,-,-
13,SHP,400,1200,2,150,1,5165859,80.65792656,80.280195,optimal,-,-
13,weakl,400,1200,2,150,1,5165859,108.2545382,2.846860409,optimal,90,175.68
13,envl,400,1200,2,150,1,5165859,106.456314,1.024129629,optimal,90,175.72
13,weakenvl,400,1200,2,150,1,5165859,108.4170813,2.948508024,optimal,90,175.78
14,M_Agg,400,1200,2,150,2,5001888,2.003174543,1.948805809,optimal,-,-
14,TPM,400,1200,2,150,2,5001888,56.94611835,56.12959933,optimal,-,-
14,TPM_m,400,1200,2,150,2,5001888,4.308718455,4.192652702,optimal,-,-
14,FAL,400,1200,2,150,2,5001888,390.1755221,389.6048849,optimal,-,-
14,SHP,400,1200,2,150,2,5001888,1820.423407,1819.890924,maxTimeLimit,-,-
14,weakl,400,1200,2,150,2,5001888,99.38455123,6.114570618,optimal,90,155.45
14,envl,400,1200,2,150,2,5001888,96.52044625,3.218153,optimal,90,155.5
14,weakenvl,400,1200,2,150,2,5001888,100.4609715,7.112168789,optimal,90,155.58
15,M_Agg,400,1200,2,150,3,4946344,1.50835824,1.452375412,optimal,-,-
15,TPM,400,1200,2,150,3,4946344,31.97608423,30.94622469,optimal,-,-
15,TPM_m,400,1200,2,150,3,4946344,1.335662033,1.222704649,optimal,-,-
15,FAL,400,1200,2,150,3,4946344,41.66956401,41.07806802,optimal,-,-
15,SHP,400,1200,2,150,3,4946344,802.8276954,802.3083811,optimal,-,-
15,weakl,400,1200,2,150,3,4946343.971,108.9823407,3.229307652,optimal,90,176.26
15,envl,400,1200,2,150,3,4946344,107.6205729,1.834156275,optimal,90,176.31
15,weakenvl,400,1200,2,150,3,4946344,109.7571954,3.916481733,optimal,90,176.4
16,M_Agg,400,1200,2,150,4,5150335,2.016236782,1.952503204,optimal,-,-
16,TPM,400,1200,2,150,4,5150335,30.31085277,29.48575401,optimal,-,-
16,TPM_m,400,1200,2,150,4,5150335,3.642063972,3.533933401,optimal,-,-
16,FAL,400,1200,2,150,4,5150335,50.3224194,49.75496578,optimal,-,-
16,SHP,400,1200,2,150,4,5150335,1813.049951,1812.663455,maxTimeLimit,-,-
16,weakl,400,1200,2,150,4,5150335,102.5794532,3.703950882,optimal,90,164.79
16,envl,400,1200,2,150,4,5150335,101.9508922,3.060010672,optimal,90,164.82
16,weakenvl,400,1200,2,150,4,5150752,102.900599,3.973555088,optimal,90,164.88
17,M_Agg,400,1200,2,200,1,6793383,2.505851984,2.416197538,optimal,-,-
17,TPM,400,1200,2,200,1,6793383,185.2120686,183.7623348,optimal,-,-
17,TPM_m,400,1200,2,200,1,6793383,5.469521311,5.32377553,optimal,-,-
17,FAL,400,1200,2,200,1,6793383,1815.330835,1814.256942,maxTimeLimit,-,-
17,SHP,400,1200,2,200,1,6793383,1816.749001,1816.130847,maxTimeLimit,-,-
17,weakl,400,1200,2,200,1,6793383,197.3670869,11.79466295,optimal,120,309.29
17,envl,400,1200,2,200,1,6793383,190.3712828,4.722269297,optimal,120,309.42
17,weakenvl,400,1200,2,200,1,6793921,200.9689975,15.25415683,optimal,120,309.52
18,M_Agg,400,1200,2,200,2,6712642,2.00498271,1.944432497,optimal,-,-
18,TPM,400,1200,2,200,2,6712642,61.42846775,59.97158623,optimal,-,-
18,TPM_m,400,1200,2,200,2,6712642,4.547330797,4.401547432,optimal,-,-
18,FAL,400,1200,2,200,2,6712642,1820.989506,1819.998953,maxTimeLimit,-,-
18,SHP,400,1200,2,200,2,6712641.999,1814.518328,1813.883443,maxTimeLimit,-,-
18,weakl,400,1200,2,200,2,6713097,198.5391495,9.94355464,optimal,120,314.33
18,envl,400,1200,2,200,2,6712642,193.4449713,4.73763895,optimal,120,314.51
18,weakenvl,400,1200,2,200,2,6712927,199.3848399,10.60011411,optimal,120,314.64
19,M_Agg,400,1200,2,200,3,6731629,1.867667675,1.800439119,optimal,-,-
19,TPM,400,1200,2,200,3,6731629,50.35969019,48.86172104,optimal,-,-
19,TPM_m,400,1200,2,200,3,6731629,4.578467567,4.440991163,optimal,-,-
19,FAL,400,1200,2,200,3,6731629,1828.548076,1827.540946,maxTimeLimit,-,-
19,SHP,400,1200,2,200,3,6731628.999,1817.005146,1816.17273,maxTimeLimit,-,-
19,weakl,400,1200,2,200,3,6731629,201.8785317,8.369592428,optimal,120,322.51
19,envl,400,1200,2,200,3,6731629,198.1725865,4.525776386,optimal,120,322.74
19,weakenvl,400,1200,2,200,3,6731721,207.8896239,14.21494555,optimal,120,322.79
20,M_Agg,400,1200,2,200,4,6632743,2.05795002,1.999376774,optimal,-,-
20,TPM,400,1200,2,200,4,6632743,65.78039384,64.25717211,optimal,-,-
20,TPM_m,400,1200,2,200,4,6632743,5.016485997,4.869414568,optimal,-,-
20,FAL,400,1200,2,200,4,6632743,1044.566099,1043.463231,optimal,-,-
20,SHP,400,1200,2,200,4,6632743,1817.582531,1816.745356,maxTimeLimit,-,-
20,weakl,400,1200,2,200,4,6632743,209.1428944,11.24985909,optimal,120,329.82
20,envl,400,1200,2,200,4,6632743,203.3869074,5.378432751,optimal,120,330.01
20,weakenvl,400,1200,2,200,4,6632743,215.5032371,17.44303966,optimal,120,330.1
21,M_Agg,400,1200,2,300,1,10363178,3.02986908,2.949200869,optimal,-,-
21,TPM,400,1200,2,300,1,10363178,1835.404697,1831.965732,maxTimeLimit,-,-
21,TPM_m,400,1200,2,300,1,10363178,7.397791132,7.193327665,optimal,-,-
21,FAL,400,1200,2,300,1,10363178,1853.489689,1851.083873,maxTimeLimit,-,-
21,SHP,400,1200,2,300,1,10363178,1806.126987,1804.734471,maxTimeLimit,-,-
21,weakl,400,1200,2,300,1,10363293,314.4463221,11.22053766,optimal,108,842.29
21,envl,400,1200,2,300,1,10363178,312.0897299,8.513464928,optimal,108,843.27
21,weakenvl,400,1200,2,300,1,10363178,324.0866948,20.47655368,optimal,108,843.36
22,M_Agg,400,1200,2,300,2,10144969,3.905885696,3.834805727,optimal,-,-
22,TPM,400,1200,2,300,2,10144969,1864.986896,1861.485245,maxTimeLimit,-,-
22,TPM_m,400,1200,2,300,2,10144969,12.41150465,12.22193885,optimal,-,-
22,FAL,400,1200,2,300,2,10144969,1858.63862,1856.402655,maxTimeLimit,-,-
22,SHP,400,1200,2,300,2,10144969,1809.360497,1807.937543,maxTimeLimit,-,-
22,weakl,400,1200,2,300,2,10144975,315.4467617,12.85156083,optimal,112,810.52
22,envl,400,1200,2,300,2,10144969,324.6897181,21.62397289,optimal,112,811.78
22,weakenvl,400,1200,2,300,2,10144969,334.5085805,31.42705846,optimal,112,811.83
23,M_Agg,400,1200,2,300,3,10152430,3.860387087,3.785782099,optimal,-,-
23,TPM,400,1200,2,300,3,10152430,1831.295766,1827.88332,maxTimeLimit,-,-
23,TPM_m,400,1200,2,300,3,10152430,8.526815029,8.328413725,optimal,-,-
23,FAL,400,1200,2,300,3,10152430,1834.157523,1831.789777,maxTimeLimit,-,-
23,SHP,400,1200,2,300,3,10152430,1804.909882,1803.494323,maxTimeLimit,-,-
23,weakl,400,1200,2,300,3,10152430,314.8779083,14.00402617,optimal,115,784.89
23,envl,400,1200,2,300,3,10152430,310.9934672,9.637778759,optimal,115,786.15
23,weakenvl,400,1200,2,300,3,10152430,320.9384676,19.56118822,optimal,115,786.2
24,M_Agg,400,1200,2,300,4,10102576,3.353910208,3.2797122,optimal,-,-
24,TPM,400,1200,2,300,4,10102576,1824.089763,1820.759389,maxTimeLimit,-,-
24,TPM_m,400,1200,2,300,4,10102576,8.466463541,8.265257835,optimal,-,-
24,FAL,400,1200,2,300,4,10102576,1824.255236,1821.683747,maxTimeLimit,-,-
24,SHP,400,1200,2,300,4,10104935,1806.330898,1804.949327,maxTimeLimit,-,-
24,weakl,400,1200,2,300,4,10103411,316.214104,13.79493499,optimal,122,743.65
24,envl,400,1200,2,300,4,10102576,316.5518058,13.76303124,optimal,122,744.56
24,weakenvl,400,1200,2,300,4,10102576,327.3174961,24.41267061,optimal,122,744.85
25,M_Agg,400,1200,2,500,1,17050475,6.646418571,6.546666384,optimal,-,-
25,TPM,400,1200,2,500,1,17052122,1844.025291,1834.325398,maxTimeLimit,-,-
25,TPM_m,400,1200,2,500,1,17050475,15.04468448,14.67296052,optimal,-,-
25,FAL,400,1200,2,500,1,17052122,1846.676226,1840.403768,maxTimeLimit,-,-
25,SHP,400,1200,2,500,1,17058056,1835.138909,1831.239469,maxTimeLimit,-,-
25,weakl,400,1200,2,500,1,17050475,315.4633315,13.59787893,optimal,111,1359.75
25,envl,400,1200,2,500,1,17050475,320.1772302,17.75342894,optimal,111,1362.27
25,weakenvl,400,1200,2,500,1,17050475,337.709426,35.21756983,optimal,111,1362.58
26,M_Agg,400,1200,2,500,2,17126756,9.262345791,9.166107178,optimal,-,-
26,TPM,400,1200,2,500,2,17126756,1849.197464,1839.248945,maxTimeLimit,-,-
26,TPM_m,400,1200,2,500,2,17126756,33.43908505,33.12159801,optimal,-,-
26,FAL,400,1200,2,500,2,17129489,1841.550965,1834.760211,maxTimeLimit,-,-
26,SHP,400,1200,2,500,2,17137683,1836.973469,1832.845873,maxTimeLimit,-,-
26,weakl,400,1200,2,500,2,17128085,324.6311755,20.95702124,optimal,111,1367.9
26,envl,400,1200,2,500,2,17126756,332.7706379,28.63396573,optimal,111,1369.99
26,weakenvl,400,1200,2,500,2,17126756,348.3062293,44.08851171,optimal,111,1370.35
27,M_Agg,400,1200,2,500,3,17035160,63.5342555,63.44136286,optimal,-,-
27,TPM,400,1200,2,500,3,17036815,1838.014876,1828.80817,maxTimeLimit,-,-
27,TPM_m,400,1200,2,500,3,17035160,79.0530634,78.7207551,optimal,-,-
27,FAL,400,1200,2,500,3,17039434,1838.755973,1832.47701,maxTimeLimit,-,-
27,SHP,400,1200,2,500,3,17053939,1835.928158,1832.037822,maxTimeLimit,-,-
27,weakl,400,1200,2,500,3,17035160,373.2992709,71.14507866,optimal,108,1398.86
27,envl,400,1200,2,500,3,17035160,470.7902735,168.2195091,optimal,108,1400.79
27,weakenvl,400,1200,2,500,3,17035160,525.9140866,223.2900224,optimal,108,1401.04
28,M_Agg,400,1200,2,500,4,16919773,5.928878546,5.781563759,optimal,-,-
28,TPM,400,1200,2,500,4,16919773,1838.90947,1829.56268,maxTimeLimit,-,-
28,TPM_m,400,1200,2,500,4,16919773,14.02437436,13.70130563,optimal,-,-
28,FAL,400,1200,2,500,4,16920552,1838.534866,1829.373943,maxTimeLimit,-,-
28,SHP,400,1200,2,500,4,16924983,1842.465268,1838.393001,maxTimeLimit,-,-
28,weakl,400,1200,2,500,4,16919987,315.2369065,12.21008682,optimal,116,1306.15
28,envl,400,1200,2,500,4,16919773,315.995635,12.47031426,optimal,116,1308.3
28,weakenvl,400,1200,2,500,4,16920152,326.1757414,22.58175254,optimal,116,1308.59
29,M_Agg,400,1200,2,1000,1,33332747,73.65842843,73.50472188,optimal,-,-
29,TPM,400,1200,2,1000,1,33398304,1880.363027,1826.829393,maxTimeLimit,-,-
29,TPM_m,400,1200,2,1000,1,33345277,330.4778976,329.7895501,optimal,-,-
29,FAL,400,1200,2,1000,1,33498281,1885.588026,1846.417769,maxTimeLimit,-,-
29,SHP,400,1200,2,1000,1,33644982.24,1821.306282,1804.100839,maxTimeLimit,-,-
29,weakl,400,1200,2,1000,1,33332747,406.0667799,105.3906796,optimal,109,2758.5
29,envl,400,1200,2,1000,1,33333124,673.4784327,372.2493579,optimal,109,2763.57
29,weakenvl,400,1200,2,1000,1,33332747,772.0578907,470.7513528,optimal,109,2764.28
30,M_Agg,400,1200,2,1000,2,33696260,48.58115602,48.4221859,optimal,-,-
30,TPM,400,1200,2,1000,2,33768788,1889.687087,1830.852293,maxTimeLimit,-,-
30,TPM_m,400,1200,2,1000,2,33696260,1809.201205,1808.472288,maxTimeLimit,-,-
30,FAL,400,1200,2,1000,2,33868117,1864.118049,1826.472799,maxTimeLimit,-,-
30,SHP,400,1200,2,1000,2,33920489,1821.755305,1804.668918,maxTimeLimit,-,-
30,weakl,400,1200,2,1000,2,33696260,373.9024186,72.3885572,optimal,111,2716.34
30,envl,400,1200,2,1000,2,33696260,390.4895349,88.30220652,optimal,111,2722.41
30,weakenvl,400,1200,2,1000,2,33696367,391.2663772,89.02249098,optimal,111,2722.92
31,M_Agg,400,1200,2,1000,3,33636114,169.4566083,169.2747831,optimal,-,-
31,TPM,400,1200,2,1000,3,33704518,1886.19231,1832.052991,maxTimeLimit,-,-
31,TPM_m,400,1200,2,1000,3,33636114,1018.269534,1017.518028,optimal,-,-
31,FAL,400,1200,2,1000,3,33848704,1888.042026,1849.830793,maxTimeLimit,-,-
31,SHP,400,1200,2,1000,3,34137226,1822.566818,1804.722726,maxTimeLimit,-,-
31,weakl,400,1200,2,1000,3,33636114,539.9892661,238.5691147,optimal,108,2790.93
31,envl,400,1200,2,1000,3,33636114,665.7095334,363.7527394,optimal,108,2795.9
31,weakenvl,400,1200,2,1000,3,33636114,798.5542314,496.5381172,optimal,108,2796.45
32,M_Agg,400,1200,2,1000,4,33854244,82.79785037,82.6104393,optimal,-,-
32,TPM,400,1200,2,1000,4,33975447,1878.512325,1831.483881,maxTimeLimit,-,-
32,TPM_m,400,1200,2,1000,4,33860336,1838.149912,1837.382006,maxTimeLimit,-,-
32,FAL,400,1200,2,1000,4,33994519,1870.221426,1833.133782,maxTimeLimit,-,-
32,SHP,400,1200,2,1000,4,34122117,1822.729939,1804.988308,maxTimeLimit,-,-
32,weakl,400,1200,2,1000,4,33854244,351.6566785,49.22403216,optimal,107,2826.47
32,envl,400,1200,2,1000,4,33854244,578.5212958,275.4091799,optimal,107,2832.82
32,weakenvl,400,1200,2,1000,4,33854244,529.1456829,225.9580131,optimal,107,2833.53
33,M_Agg,400,1200,2,2000,1,67574846,1813.350328,1813.053792,maxTimeLimit,-,-
33,TPM,400,1200,2,2000,1,67574846,1813.350328,1813.053792,maxTimeLimit,-,-
33,TPM_m,400,1200,2,2000,1,67590849,1811.227806,1809.485912,maxTimeLimit,-,-
33,FAL,400,1200,2,2000,1,67590849,1811.227806,1809.485912,maxTimeLimit,-,-
33,SHP,400,1200,2,2000,1,67590849,1811.227806,1809.485912,maxTimeLimit,-,-
33,weakl,400,1200,2,2000,1,67574820,1813.61762,1510.323002,maxTimeLimit,107,5669.06
33,envl,400,1200,2,2000,1,67576165,1811.718269,1507.760996,maxTimeLimit,107,5681.44
33,weakenvl,400,1200,2,2000,1,67576370,1812.638066,1508.629963,maxTimeLimit,107,5682.39
34,M_Agg,400,1200,2,2000,2,67200169,1812.208042,1811.921384,maxTimeLimit,-,-
34,TPM,400,1200,2,2000,2,67200169,1812.208042,1811.921384,maxTimeLimit,-,-
34,TPM_m,400,1200,2,2000,2,67202757,1826.057374,1824.365196,maxTimeLimit,-,-
34,FAL,400,1200,2,2000,2,67202757,1826.057374,1824.365196,maxTimeLimit,-,-
34,SHP,400,1200,2,2000,2,67202757,1826.057374,1824.365196,maxTimeLimit,-,-
34,weakl,400,1200,2,2000,2,67198697,1813.514637,1508.258826,maxTimeLimit,107,5705.72
34,envl,400,1200,2,2000,2,67198914,1815.176989,1509.590074,maxTimeLimit,107,5711.9
34,weakenvl,400,1200,2,2000,2,67201199,1812.133813,1506.467354,maxTimeLimit,107,5713.39
35,M_Agg,400,1200,2,2000,3,67325374,1813.139974,1812.838604,maxTimeLimit,-,-
35,TPM,400,1200,2,2000,3,67325374,1813.139974,1812.838604,maxTimeLimit,-,-
35,TPM_m,400,1200,2,2000,3,67337214,1811.583005,1809.898748,maxTimeLimit,-,-
35,FAL,400,1200,2,2000,3,67337214,1811.583005,1809.898748,maxTimeLimit,-,-
35,SHP,400,1200,2,2000,3,67337214,1811.583005,1809.898748,maxTimeLimit,-,-
35,weakl,400,1200,2,2000,3,67327806,1811.849625,1508.40956,maxTimeLimit,107,5671.78
35,envl,400,1200,2,2000,3,67325189,1813.068399,1509.06735,maxTimeLimit,107,5682.26
35,weakenvl,400,1200,2,2000,3,67327130,1813.351802,1509.251445,maxTimeLimit,107,5684.12
36,M_Agg,400,1200,2,2000,4,67461447,1811.836143,1811.570315,maxTimeLimit,-,-
36,TPM,400,1200,2,2000,4,67325374,1813.139974,1812.838604,maxTimeLimit,-,-
36,TPM_m,400,1200,2,2000,4,67337214,1811.583005,1809.898748,maxTimeLimit,-,-
36,FAL,400,1200,2,2000,4,67337214,1811.583005,1809.898748,maxTimeLimit,-,-
36,SHP,400,1200,2,2000,4,67337214,1811.583005,1809.898748,maxTimeLimit,-,-
36,weakl,400,1200,2,2000,4,67327806,1811.849625,1508.40956,maxTimeLimit,106,5725.28
36,envl,400,1200,2,2000,4,67325189,1813.068399,1509.06735,maxTimeLimit,106,5735.87
36,weakenvl,400,1200,2,2000,4,67327130,1813.351802,1509.251445,maxTimeLimit,106,5737.74
37,M_Agg,400,1200,3,90,1,2768611,0.476566792,0.417365789,optimal,-,-
37,TPM,400,1200,3,90,1,2768611,1.99674964,1.646929741,optimal,-,-
37,TPM_m,400,1200,3,90,1,2768611,0.812903759,0.723228693,optimal,-,-
37,FAL,400,1200,3,90,1,2768611,3.877485037,3.647253036,optimal,-,-
37,SHP,400,1200,3,90,1,2768611,3.218813896,3.059429407,optimal,-,-
37,weakl,400,1200,3,90,1,2768611,79.70495027,0.680420399,optimal,54,131.71
37,envl,400,1200,3,90,1,2768611,79.60089701,0.526052237,optimal,54,131.79
37,weakenvl,400,1200,3,90,1,2768611,79.93640178,0.908051729,optimal,54,131.71
38,M_Agg,400,1200,3,90,2,2802491,0.496030092,0.445334435,optimal,-,-
38,TPM,400,1200,3,90,2,2802491,1.951568842,1.626137495,optimal,-,-
38,TPM_m,400,1200,3,90,2,2802491,0.565394898,0.482846737,optimal,-,-
38,FAL,400,1200,3,90,2,2802491,2.251437664,2.017938137,optimal,-,-
38,SHP,400,1200,3,90,2,2802491,1.76435256,1.609679222,optimal,-,-
38,weakl,400,1200,3,90,2,2802491,80.77671726,0.580412865,optimal,54,133.66
38,envl,400,1200,3,90,2,2802491,80.65208061,0.451048374,optimal,54,133.67
38,weakenvl,400,1200,3,90,2,2802491,80.80923064,0.596712351,optimal,54,133.69
39,M_Agg,400,1200,3,90,3,2798405,0.417766094,0.360064983,optimal,-,-
39,TPM,400,1200,3,90,3,2798405,2.019803762,1.695069313,optimal,-,-
39,TPM_m,400,1200,3,90,3,2798405,0.772190606,0.688215017,optimal,-,-
39,FAL,400,1200,3,90,3,2798405,3.02961731,2.788955927,optimal,-,-
39,SHP,400,1200,3,90,3,2798405,2.490635633,2.336465359,optimal,-,-
39,weakl,400,1200,3,90,3,2798429,68.2745336,0.763459206,optimal,54,112.52
39,envl,400,1200,3,90,3,2798405,67.96329126,0.441889763,optimal,54,112.54
39,weakenvl,400,1200,3,90,3,2798405,68.21327123,0.682250261,optimal,54,112.55
40,M_Agg,400,1200,3,90,4,2743353,0.555915117,0.506767988,optimal,-,-
40,TPM,400,1200,3,90,4,2743353,2.456583261,2.115882158,optimal,-,-
40,TPM_m,400,1200,3,90,4,2743353,0.770103444,0.683753967,optimal,-,-
40,FAL,400,1200,3,90,4,2743353,4.885896444,4.649228811,optimal,-,-
40,SHP,400,1200,3,90,4,2743353,7.833877325,7.679326534,optimal,-,-
40,weakl,400,1200,3,90,4,2743353,66.23210564,0.796444893,optimal,54,109.06
40,envl,400,1200,3,90,4,2743353,65.92612329,0.489376783,optimal,54,109.06
40,weakenvl,400,1200,3,90,4,2743353,66.23599854,0.776064634,optimal,54,109.1
41,M_Agg,400,1200,3,100,1,3051271,0.71284318,0.647155285,optimal,-,-
41,TPM,400,1200,3,100,1,3051271,3.370448351,2.957040071,optimal,-,-
41,TPM_m,400,1200,3,100,1,3051271,1.07742288,0.960856676,optimal,-,-
41,FAL,400,1200,3,100,1,3051271,4.701546907,4.417375803,optimal,-,-
41,SHP,400,1200,3,100,1,3051271,4.667226553,4.455746174,optimal,-,-
41,weakl,400,1200,3,100,1,3051271,101.2956348,1.055323124,optimal,60,167.07
41,envl,400,1200,3,100,1,3051271,101.023136,0.767575264,optimal,60,167.09
41,weakenvl,400,1200,3,100,1,3051271,101.3932362,1.127705097,optimal,60,167.11
42,M_Agg,400,1200,3,100,2,2985503,0.573613644,0.511481762,optimal,-,-
42,TPM,400,1200,3,100,2,2985503,2.332210541,1.888965607,optimal,-,-
42,TPM_m,400,1200,3,100,2,2985503,0.555374118,0.447520018,optimal,-,-
42,FAL,400,1200,3,100,2,2985503,3.307346821,2.970141888,optimal,-,-
42,SHP,400,1200,3,100,2,2985503,3.047657013,2.799735785,optimal,-,-
42,weakl,400,1200,3,100,2,2985503,82.89396718,0.79508853,optimal,60,136.83
42,envl,400,1200,3,100,2,2985503,82.68494275,0.577306747,optimal,60,136.85
42,weakenvl,400,1200,3,100,2,2985503,83.24283269,1.110346317,optimal,60,136.89
43,M_Agg,400,1200,3,100,3,3039839,0.500296831,0.444780111,optimal,-,-
43,TPM,400,1200,3,100,3,3039839,2.25447011,1.833879471,optimal,-,-
43,TPM_m,400,1200,3,100,3,3039839,0.738539645,0.651662588,optimal,-,-
43,FAL,400,1200,3,100,3,3039839,3.022421837,2.69999671,optimal,-,-
43,SHP,400,1200,3,100,3,3039839,2.453037739,2.265143394,optimal,-,-
43,weakl,400,1200,3,100,3,3039839,89.52737322,0.710925102,optimal,60,148.03
43,envl,400,1200,3,100,3,3039839,89.10646381,0.288531542,optimal,60,148.03
43,weakenvl,400,1200,3,100,3,3039839,89.53710904,0.702949286,optimal,60,148.06
44,M_Agg,400,1200,3,100,4,3069294,0.506613016,0.454315662,optimal,-,-
44,TPM,400,1200,3,100,4,3069294,2.113782644,1.726671934,optimal,-,-
44,TPM_m,400,1200,3,100,4,3069294,0.747719503,0.661812544,optimal,-,-
44,FAL,400,1200,3,100,4,3069294,3.513837814,3.24838686,optimal,-,-
44,SHP,400,1200,3,100,4,3069294,2.396509886,2.215388775,optimal,-,-
44,weakl,400,1200,3,100,4,3069294,87.79933608,0.710170507,optimal,60,145.15
44,envl,400,1200,3,100,4,3069294,87.5862192,0.471712828,optimal,60,145.19
44,weakenvl,400,1200,3,100,4,3069294,87.90570152,0.784497499,optimal,60,145.2
45,M_Agg,400,1200,3,120,1,3627693,0.610052586,0.541594028,optimal,-,-
45,TPM,400,1200,3,120,1,3627693,4.330516815,3.766998529,optimal,-,-
45,TPM_m,400,1200,3,120,1,3627693,0.979293769,0.864700079,optimal,-,-
45,FAL,400,1200,3,120,1,3627693,17.86268401,17.47997475,optimal,-,-
45,SHP,400,1200,3,120,1,3627693,15.60220647,15.35397959,optimal,-,-
45,weakl,400,1200,3,120,1,3627693,121.3196712,1.593366146,optimal,72,199.54
45,envl,400,1200,3,120,1,3627693,120.3252674,0.581316471,optimal,72,199.57
45,weakenvl,400,1200,3,120,1,3627693,122.1097711,2.337905884,optimal,72,199.62
46,M_Agg,400,1200,3,120,2,3547116,0.611744642,0.548389435,optimal,-,-
46,TPM,400,1200,3,120,2,3547116,4.334734917,3.742397785,optimal,-,-
46,TPM_m,400,1200,3,120,2,3547116,0.991604998,0.881908417,optimal,-,-
46,FAL,400,1200,3,120,2,3547116,9.329444647,8.955496311,optimal,-,-
46,SHP,400,1200,3,120,2,3547116,5.148153067,4.904117823,optimal,-,-
46,weakl,400,1200,3,120,2,3547116,127.2493881,1.402290821,optimal,72,209.75
46,envl,400,1200,3,120,2,3547116,126.4546179,0.594820023,optimal,72,209.77
46,weakenvl,400,1200,3,120,2,3547116,127.0935468,1.205031872,optimal,72,209.81
47,M_Agg,400,1200,3,120,3,3643286,0.644007444,0.577558279,optimal,-,-
47,TPM,400,1200,3,120,3,3643286,4.822942972,4.214917421,optimal,-,-
47,TPM_m,400,1200,3,120,3,3643286,1.08173436,0.964671373,optimal,-,-
47,FAL,400,1200,3,120,3,3643286,7.703430653,7.283560038,optimal,-,-
47,SHP,400,1200,3,120,3,3643286,7.355163336,7.078267574,optimal,-,-
47,weakl,400,1200,3,120,3,3643286,136.0364959,1.300188065,optimal,72,224.56
47,envl,400,1200,3,120,3,3643286,135.419236,0.668865681,optimal,72,224.58
47,weakenvl,400,1200,3,120,3,3643286,136.0284419,1.177198172,optimal,72,224.75
48,M_Agg,400,1200,3,120,4,3677645,0.61490345,0.557099104,optimal,-,-
48,TPM,400,1200,3,120,4,3677645,5.08666873,4.417830944,optimal,-,-
48,TPM_m,400,1200,3,120,4,3677645,1.191832886,1.079675913,optimal,-,-
48,FAL,400,1200,3,120,4,3677645,22.90322328,22.45966148,optimal,-,-
48,SHP,400,1200,3,120,4,3677645,22.1697588,21.88833714,optimal,-,-
48,weakl,400,1200,3,120,4,3677645,125.4263196,1.797563791,optimal,72,206.05
48,envl,400,1200,3,120,4,3677645,124.4040235,0.772849321,optimal,72,206.05
48,weakenvl,400,1200,3,120,4,3677906,126.615299,2.956544399,optimal,72,206.1
49,M_Agg,400,1200,3,150,1,4618184,0.63102746,0.573547602,optimal,-,-
49,TPM,400,1200,3,150,1,4618184,4.186237097,3.310756683,optimal,-,-
49,TPM_m,400,1200,3,150,1,4618184,1.150598037,1.001501322,optimal,-,-
49,FAL,400,1200,3,150,1,4618184,7.531125784,6.919860363,optimal,-,-
49,SHP,400,1200,3,150,1,4618184,5.7773211,5.416034698,optimal,-,-
49,weakl,400,1200,3,150,1,4618184,217.1139505,1.096262455,optimal,90,360.03
49,envl,400,1200,3,150,1,4618322,216.7550387,0.703864098,optimal,90,360.09
49,weakenvl,400,1200,3,150,1,4618184,217.6053621,1.502145529,optimal,90,360.17
50,M_Agg,400,1200,3,150,2,4497201,0.744198799,0.68816781,optimal,-,-
50,TPM,400,1200,3,150,2,4497201,6.02745223,5.12383008,optimal,-,-
50,TPM_m,400,1200,3,150,2,4497201,0.885156887,0.767002106,optimal,-,-
50,FAL,400,1200,3,150,2,4497201,10.40504122,9.837030411,optimal,-,-
50,SHP,400,1200,3,150,2,4497201,20.98416567,20.64393902,optimal,-,-
50,weakl,400,1200,3,150,2,4497201,214.7030625,1.419671297,optimal,90,355.47
50,envl,400,1200,3,150,2,4497201,214.195601,0.872532129,optimal,90,355.54
50,weakenvl,400,1200,3,150,2,4497201,215.2551158,1.887269497,optimal,90,355.61
51,M_Agg,400,1200,3,150,3,4654046,0.958056211,0.900334835,optimal,-,-
51,TPM,400,1200,3,150,3,4654046,10.65842247,9.775441408,optimal,-,-
51,TPM_m,400,1200,3,150,3,4654046,1.276686603,1.162539959,optimal,-,-
51,FAL,400,1200,3,150,3,4654046,25.57011127,24.98143768,optimal,-,-
51,SHP,400,1200,3,150,3,4654046,27.92915249,27.5673368,optimal,-,-
51,weakl,400,1200,3,150,3,4654046,211.9173402,3.665142059,optimal,90,347.09
51,envl,400,1200,3,150,3,4654046,209.4989955,1.210350752,optimal,90,347.15
51,weakenvl,400,1200,3,150,3,4654045.998,210.52889,2.200421572,optimal,90,347.21
52,M_Agg,400,1200,3,150,4,4581430,0.721956968,0.671464443,optimal,-,-
52,TPM,400,1200,3,150,4,4581430,10.56806493,9.754399538,optimal,-,-
52,TPM_m,400,1200,3,150,4,4581430,1.400773197,1.274368286,optimal,-,-
52,FAL,400,1200,3,150,4,4581430,30.38601136,29.78985119,optimal,-,-
52,SHP,400,1200,3,150,4,4581430,26.84232926,26.46467638,optimal,-,-
52,weakl,400,1200,3,150,4,4581430,208.6743943,2.146291018,optimal,90,344.21
52,envl,400,1200,3,150,4,4581430,207.4286462,0.875859499,optimal,90,344.25
52,weakenvl,400,1200,3,150,4,4581430,210.1412693,3.557811022,optimal,90,344.31
53,M_Agg,400,1200,3,200,1,6110423,0.851764441,0.786280155,optimal,-,-
53,TPM,400,1200,3,200,1,6110423,10.51633191,9.077464581,optimal,-,-
53,TPM_m,400,1200,3,200,1,6110423,1.452575468,1.312683105,optimal,-,-
53,FAL,400,1200,3,200,1,6110423,44.74399495,43.71894073,optimal,-,-
53,SHP,400,1200,3,200,1,6110423,46.23912978,45.629807,optimal,-,-
53,weakl,400,1200,3,200,1,6110423,302.5746323,1.488870144,optimal,80,752.71
53,envl,400,1200,3,200,1,6110423,302.3062166,1.101686239,optimal,80,753.01
53,weakenvl,400,1200,3,200,1,6110423,303.4446484,2.199556828,optimal,80,753.11
54,M_Agg,400,1200,3,200,2,6184559,1.170093298,1.104790211,optimal,-,-
54,TPM,400,1200,3,200,2,6184558.968,31.61599374,30.06629467,optimal,-,-
54,TPM_m,400,1200,3,200,2,6184559,1.592154616,1.446731567,optimal,-,-
54,FAL,400,1200,3,200,2,6184559,51.97656822,50.8952136,optimal,-,-
54,SHP,400,1200,3,200,2,6184559,40.52969456,39.92013192,optimal,-,-
54,weakl,400,1200,3,200,2,6184559,303.3566628,1.841302156,optimal,72,837.54
54,envl,400,1200,3,200,2,6184559,303.538981,1.911828518,optimal,72,837.85
54,weakenvl,400,1200,3,200,2,6184559,305.3100859,3.655506849,optimal,72,837.93
55,M_Agg,400,1200,3,200,3,5946781,0.7731359,0.698489189,optimal,-,-
55,TPM,400,1200,3,200,3,5946781,14.2930131,12.78794336,optimal,-,-
55,TPM_m,400,1200,3,200,3,5946781,1.346757031,1.180314064,optimal,-,-
55,FAL,400,1200,3,200,3,5946781,33.31338739,32.26488137,optimal,-,-
55,SHP,400,1200,3,200,3,5946781,38.38373399,37.78834605,optimal,-,-
55,weakl,400,1200,3,200,3,5946781,304.7911558,3.853884697,optimal,90,668.75
55,envl,400,1200,3,200,3,5946781,302.0432072,1.003871679,optimal,90,668.98
55,weakenvl,400,1200,3,200,3,5946781,304.8819499,3.807022095,optimal,90,669.06
56,M_Agg,400,1200,3,200,4,6178963,1.883812189,1.813723803,optimal,-,-
56,TPM,400,1200,3,200,4,6178963,17.52263212,16.07608938,optimal,-,-
56,TPM_m,400,1200,3,200,4,6178963,1.535224704,1.37934947,optimal,-,-
56,FAL,400,1200,3,200,4,6178963,53.35450625,52.38313627,optimal,-,-
56,SHP,400,1200,3,200,4,6178963,52.52173376,51.88600826,optimal,-,-
56,weakl,400,1200,3,200,4,6178963,304.8383491,3.137610197,optimal,75,804.54
56,envl,400,1200,3,200,4,6178963,304.4510352,2.637146235,optimal,75,804.84
56,weakenvl,400,1200,3,200,4,6178963,304.4839952,2.649155855,optimal,75,804.89
57,M_Agg,400,1200,3,300,1,9011874,2.524241924,2.445564747,optimal,-,-
57,TPM,400,1200,3,300,1,9011874,70.24870276,66.57589459,optimal,-,-
57,TPM_m,400,1200,3,300,1,9011874,4.746153043,4.540492058,optimal,-,-
57,FAL,400,1200,3,300,1,9011874,567.57425,565.3620436,optimal,-,-
57,SHP,400,1200,3,300,1,9011874,1806.052051,1804.674183,maxTimeLimit,-,-
57,weakl,400,1200,3,300,1,9011874,307.3156161,4.33399272,optimal,62,1466.04
57,envl,400,1200,3,300,1,9011874,308.4270065,5.12903595,optimal,62,1467.57
57,weakenvl,400,1200,3,300,1,9011951,311.7142854,8.417755127,optimal,62,1467.56
58,M_Agg,400,1200,3,300,2,8888371,1.987766981,1.915961266,optimal,-,-
58,TPM,400,1200,3,300,2,8888370.984,64.6429646,61.20486426,optimal,-,-
58,TPM_m,400,1200,3,300,2,8888371,2.614754762,2.412757158,optimal,-,-
58,FAL,400,1200,3,300,2,8888371,202.2926884,200.0170543,optimal,-,-
58,SHP,400,1200,3,300,2,8888371,261.1845064,259.6663003,optimal,-,-
58,weakl,400,1200,3,300,2,8888371,304.7132065,2.086862326,optimal,62,1464.32
58,envl,400,1200,3,300,2,8888371,305.5010703,2.506400824,optimal,62,1466.1
58,weakenvl,400,1200,3,300,2,8888371,307.2189512,4.253169537,optimal,62,1465.96
59,M_Agg,400,1200,3,300,3,9118401,2.204228878,2.125633001,optimal,-,-
59,TPM,400,1200,3,300,3,9118401,72.04298544,68.16598582,optimal,-,-
59,TPM_m,400,1200,3,300,3,9118401,5.267031231,5.067026138,optimal,-,-
59,FAL,400,1200,3,300,3,9118401,489.378453,487.1225328,optimal,-,-
59,SHP,400,1200,3,300,3,9118401,1807.039178,1805.59337,maxTimeLimit,-,-
59,weakl,400,1200,3,300,3,9118604,307.1402282,3.883916616,optimal,60,1516.28
59,envl,400,1200,3,300,3,9118446,313.8091394,10.17231846,optimal,60,1518.18
59,weakenvl,400,1200,3,300,3,9118401.001,321.1112575,17.46196461,optimal,60,1518.25
60,M_Agg,400,1200,3,300,4,9308844,2.515260458,2.442348957,optimal,-,-
60,TPM,400,1200,3,300,4,9308844,80.23194051,76.71032214,optimal,-,-
60,TPM_m,400,1200,3,300,4,9308844,3.34635341,3.137356997,optimal,-,-
60,FAL,400,1200,3,300,4,9310630,1828.534163,1826.215003,maxTimeLimit,-,-
60,SHP,400,1200,3,300,4,9308844,1804.993996,1803.624988,maxTimeLimit,-,-
60,weakl,400,1200,3,300,4,9308844,313.5419381,4.523177862,optimal,61,1519.76
60,envl,400,1200,3,300,4,9308844,313.6497886,4.27858758,optimal,61,1521.5
60,weakenvl,400,1200,3,300,4,9308844,315.951267,6.557199955,optimal,61,1521.61
61,M_Agg,400,1200,3,500,1,15310451,3.390416384,3.292781115,optimal,-,-
61,TPM,400,1200,3,500,1,15310451,200.4604759,190.6986814,optimal,-,-
61,TPM_m,400,1200,3,500,1,15310451,2.98146511,2.643654823,optimal,-,-
61,FAL,400,1200,3,500,1,15310451,1830.42443,1823.273481,maxTimeLimit,-,-
61,SHP,400,1200,3,500,1,15310451,1823.77747,1819.745443,maxTimeLimit,-,-
61,weakl,400,1200,3,500,1,15310451,305.1777056,4.102941036,optimal,62,2428.02
61,envl,400,1200,3,500,1,15310451,305.9030884,4.486247063,optimal,62,2430.78
61,weakenvl,400,1200,3,500,1,15310451,306.7450712,5.295699596,optimal,62,2431.04
62,M_Agg,400,1200,3,500,2,15280547,4.212390423,4.109031677,optimal,-,-
62,TPM,400,1200,3,500,2,15280547,1824.725518,1815.569648,maxTimeLimit,-,-
62,TPM_m,400,1200,3,500,2,15280547,8.807599938,8.450104237,optimal,-,-
62,FAL,400,1200,3,500,2,15281803,1828.601893,1820.651113,maxTimeLimit,-,-
62,SHP,400,1200,3,500,2,15281803,1831.566252,1827.340994,maxTimeLimit,-,-
62,weakl,400,1200,3,500,2,15280547,316.60527,7.016573906,optimal,60,2579.91
62,envl,400,1200,3,500,2,15280547,321.5872556,11.67710733,optimal,60,2582.58
62,weakenvl,400,1200,3,500,2,15280547,327.1938397,17.24036741,optimal,60,2582.95
63,M_Agg,400,1200,3,500,3,15253388,3.655228615,3.556344032,optimal,-,-
63,TPM,400,1200,3,500,3,15253388,275.1964567,265.351125,optimal,-,-
63,TPM_m,400,1200,3,500,3,15253388,6.914619573,6.55722928,optimal,-,-
63,FAL,400,1200,3,500,3,15253388,1847.125015,1837.050601,maxTimeLimit,-,-
63,SHP,400,1200,3,500,3,15255712,1832.027626,1828.177086,maxTimeLimit,-,-
63,weakl,400,1200,3,500,3,15254217,310.3832497,5.351756096,optimal,60,2541.93
63,envl,400,1200,3,500,3,15253388,310.5814983,5.289735794,optimal,60,2544.1
63,weakenvl,400,1200,3,500,3,15254477,313.3452183,8.052254438,optimal,60,2544.11
64,M_Agg,400,1200,3,500,4,15360537,4.843283892,4.733061552,optimal,-,-
64,TPM,400,1200,3,500,4,15360537,1411.319661,1401.940272,optimal,-,-
64,TPM_m,400,1200,3,500,4,15360537,7.892945879,7.551771164,optimal,-,-
64,FAL,400,1200,3,500,4,15361179,1848.202955,1841.63817,maxTimeLimit,-,-
64,SHP,400,1200,3,500,4,15361332,1838.308229,1834.422311,maxTimeLimit,-,-
64,weakl,400,1200,3,500,4,15361679,315.342076,6.788583517,optimal,63,2448.84
64,envl,400,1200,3,500,4,15360537,317.7885579,8.895961046,optimal,63,2451.53
64,weakenvl,400,1200,3,500,4,15361623,323.7432863,14.82132554,optimal,63,2451.76
65,M_Agg,400,1200,3,1000,1,30448086,7.672493219,7.510240078,optimal,-,-
65,TPM,400,1200,3,1000,1,30452424,1870.146489,1822.265093,maxTimeLimit,-,-
65,TPM_m,400,1200,3,1000,1,30448086,13.24733054,12.49593496,optimal,-,-
65,FAL,400,1200,3,1000,1,30451216,1867.204144,1827.509299,maxTimeLimit,-,-
65,SHP,400,1200,3,1000,1,30451491,1822.934526,1805.982708,maxTimeLimit,-,-
65,weakl,400,1200,3,1000,1,30446967,317.7724043,7.271633387,optimal,59,5262.72
65,envl,400,1200,3,1000,1,30447471,321.1202782,10.33027196,optimal,59,5267.63
65,weakenvl,400,1200,3,1000,1,30447098,322.036924,11.23402119,optimal,59,5267.85
66,M_Agg,400,1200,3,1000,2,30245241,8.171396971,8.013442039,optimal,-,-
66,TPM,400,1200,3,1000,2,30251657,1863.31644,1816.169389,maxTimeLimit,-,-
66,TPM_m,400,1200,3,1000,2,30245241,16.28178616,15.43528414,optimal,-,-
66,FAL,400,1200,3,1000,2,30323433,1902.945177,1866.325529,maxTimeLimit,-,-
66,SHP,400,1200,3,1000,2,30431613,1822.131385,1805.207637,maxTimeLimit,-,-
66,weakl,400,1200,3,1000,2,30246951,308.8672941,8.031792164,optimal,62,4852.19
66,envl,400,1200,3,1000,2,30245241,310.5324909,9.397668123,optimal,62,4857.01
66,weakenvl,400,1200,3,1000,2,30245597,312.3771224,11.27558613,optimal,62,4856.48
67,M_Agg,400,1200,3,1000,3,30387709,8.531894684,8.374583006,optimal,-,-
67,TPM,400,1200,3,1000,3,30398030,1869.329667,1820.866127,maxTimeLimit,-,-
67,TPM_m,400,1200,3,1000,3,30387709,13.87663144,13.12381268,optimal,-,-
67,FAL,400,1200,3,1000,3,30406282,1867.760271,1829.632907,maxTimeLimit,-,-
67,SHP,400,1200,3,1000,3,30410961,1824.016139,1806.733744,maxTimeLimit,-,-
67,weakl,400,1200,3,1000,3,30387709,314.6225703,9.956000566,optimal,64,4760.42
67,envl,400,1200,3,1000,3,30387709,315.6351035,10.70220375,optimal,64,4764.58
67,weakenvl,400,1200,3,1000,3,30387709,315.6590941,10.67927361,optimal,64,4765.31
68,M_Agg,400,1200,3,1000,4,30485626,11.92931628,11.76166105,optimal,-,-
68,TPM,400,1200,3,1000,4,30498456,1866.109379,1820.030472,maxTimeLimit,-,-
68,TPM_m,400,1200,3,1000,4,30485626,16.11454011,15.32961035,optimal,-,-
68,FAL,400,1200,3,1000,4,30574314,1868.81987,1831.472021,maxTimeLimit,-,-
68,SHP,400,1200,3,1000,4,30642576,1822.955613,1805.666173,maxTimeLimit,-,-
68,weakl,400,1200,3,1000,4,30485626,319.893956,12.87356544,optimal,64,4797.19
68,envl,400,1200,3,1000,4,30485626,318.12431,10.76197124,optimal,64,4802.54
68,weakenvl,400,1200,3,1000,4,30485626,324.8774803,17.50195694,optimal,64,4802.74
69,M_Agg,400,1200,3,2000,1,61012027,28.90380573,28.61056781,optimal,-,-
69,TPM,400,1200,3,2000,1,61012027,1868.81987,1831.472021,maxTimeLimit,-,-
69,TPM_m,400,1200,3,2000,1,61012027,28.90380573,28.61056781,optimal,-,-
69,FAL,400,1200,3,2000,1,61012027,1868.81987,1831.472021,maxTimeLimit,-,-
69,SHP,400,1200,3,2000,1,61012027,1868.81987,1831.472021,maxTimeLimit,-,-
69,weakl,400,1200,3,2000,1,61012027,398.3907273,95.32585907,optimal,64,9470.78
69,envl,400,1200,3,2000,1,61012027,429.6320188,126.2945809,optimal,64,9479.29
69,weakenvl,400,1200,3,2000,1,61012027,353.7386737,50.37734485,optimal,64,9480.04
70,M_Agg,400,1200,3,2000,2,60839940,139.8128688,139.5087621,optimal,-,-
70,TPM,400,1200,3,2000,2,60839940,1868.81987,1831.472021,maxTimeLimit,-,-
70,TPM_m,400,1200,3,2000,2,60839940,139.8128688,139.5087621,optimal,-,-
70,FAL,400,1200,3,2000,2,60839940,1868.81987,1831.472021,maxTimeLimit,-,-
70,SHP,400,1200,3,2000,2,60839940,1868.81987,1831.472021,maxTimeLimit,-,-
70,weakl,400,1200,3,2000,2,60839940,348.4802469,41.89766192,optimal,67,9151.72
70,envl,400,1200,3,2000,2,60839940,376.3365136,69.38235497,optimal,67,9162.81
70,weakenvl,400,1200,3,2000,2,60839940,433.5398537,126.475189,optimal,67,9166.11
71,M_Agg,400,1200,3,2000,3,60895281,110.1961567,109.9304793,optimal,-,-
71,TPM,400,1200,3,2000,3,60895281,1868.81987,1831.472021,maxTimeLimit,-,-
71,TPM_m,400,1200,3,2000,3,60895281,44.00054506,42.06975603,optimal,-,-
71,FAL,400,1200,3,2000,3,60895281,1869.329667,1820.866127,maxTimeLimit,-,-
71,SHP,400,1200,3,2000,3,60895281,1868.81987,1831.472021,maxTimeLimit,-,-
71,weakl,400,1200,3,2000,3,60895818,331.2966002,25.529037,optimal,61,10025.17
71,envl,400,1200,3,2000,3,60895818,376.1638077,70.36505795,optimal,61,10026.19
71,weakenvl,400,1200,3,2000,3,60895818,360.0166386,54.19548249,optimal,61,10026.92
72,M_Agg,400,1200,3,2000,4,60592443,43.53472352,43.26671767,optimal,-,-
72,TPM,400,1200,3,2000,4,60592443,1868.81987,1831.472021,maxTimeLimit,-,-
72,TPM_m,400,1200,3,2000,4,60592443,39.0971002,37.23762798,optimal,-,-
72,FAL,400,1200,3,2000,4,60592443,1868.81987,1831.472021,maxTimeLimit,-,-
72,SHP,400,1200,3,2000,4,60592443,1869.329667,1820.866127,maxTimeLimit,-,-
72,weakl,400,1200,3,2000,4,60592443,346.1158372,42.68141246,optimal,60,10114.48
72,envl,400,1200,3,2000,4,60592443,408.1171862,104.6262827,optimal,60,10116.36
72,weakenvl,400,1200,3,2000,4,60592443,343.2048908,39.71061945,optimal,60,10116.48
73,M_Agg,400,1200,5,90,1,2700034,0.521590233,0.45662117,optimal,-,-
73,TPM,400,1200,5,90,1,2700034,0.91403079,0.595045567,optimal,-,-
73,TPM_m,400,1200,5,90,1,2700034,0.355906028,0.269233942,optimal,-,-
73,FAL,400,1200,5,90,1,2700034,0.960706472,0.758771181,optimal,-,-
73,SHP,400,1200,5,90,1,2700034,0.79842782,0.648266077,optimal,-,-
73,weakl,400,1200,5,90,1,2700034,121.3711082,0.47783041,optimal,54,201.49
73,envl,400,1200,5,90,1,2700034,121.284212,0.373223543,optimal,54,201.52
73,weakenvl,400,1200,5,90,1,2700034,121.5977193,0.673389196,optimal,54,201.54
74,M_Agg,400,1200,5,90,2,2601025,0.309241772,0.250268936,optimal,-,-
74,TPM,400,1200,5,90,2,2601025,0.756244421,0.459430456,optimal,-,-
74,TPM_m,400,1200,5,90,2,2601025,0.232988564,0.140942574,optimal,-,-
74,FAL,400,1200,5,90,2,2601025,0.548626184,0.32447958,optimal,-,-
74,SHP,400,1200,5,90,2,2601025,0.449759483,0.301762581,optimal,-,-
74,weakl,400,1200,5,90,2,2601025,133.5452051,0.362830639,optimal,54,221.97
74,envl,400,1200,5,90,2,2601025,133.4377193,0.260555029,optimal,54,221.96
74,weakenvl,400,1200,5,90,2,2601025,133.646929,0.453456879,optimal,54,221.99
75,M_Agg,400,1200,5,90,3,2622385,0.33775878,0.278557539,optimal,-,-
75,TPM,400,1200,5,90,3,2622385,0.782620192,0.480177641,optimal,-,-
75,TPM_m,400,1200,5,90,3,2622385,0.307141477,0.2085886,optimal,-,-
75,FAL,400,1200,5,90,3,2622385,0.592477322,0.333339453,optimal,-,-
75,SHP,400,1200,5,90,3,2622385,0.723854065,0.574516296,optimal,-,-
75,weakl,400,1200,5,90,3,2622385,131.0559869,0.471240282,optimal,54,217.64
75,envl,400,1200,5,90,3,2622385,130.8461377,0.245661736,optimal,54,217.67
75,weakenvl,400,1200,5,90,3,2622385,131.0957801,0.481288195,optimal,54,217.69
76,M_Agg,400,1200,5,90,4,2734851,0.32818675,0.273480892,optimal,-,-
76,TPM,400,1200,5,90,4,2734851,0.675949335,0.347351313,optimal,-,-
76,TPM_m,400,1200,5,90,4,2734851,0.244180821,0.143179655,optimal,-,-
76,FAL,400,1200,5,90,4,2734851,0.718920946,0.46289897,optimal,-,-
76,SHP,400,1200,5,90,4,2734851,0.428871632,0.26844573,optimal,-,-
76,weakl,400,1200,5,90,4,2734851,133.6811395,0.346571445,optimal,54,222.22
76,envl,400,1200,5,90,4,2734851,133.6089888,0.267879963,optimal,54,222.24
76,weakenvl,400,1200,5,90,4,2734851,133.8159339,0.450293064,optimal,54,222.28
77,M_Agg,400,1200,5,100,1,2899869,0.359758377,0.297502756,optimal,-,-
77,TPM,400,1200,5,100,1,2899869,0.74520421,0.35302949,optimal,-,-
77,TPM_m,400,1200,5,100,1,2899869,0.248982009,0.128581047,optimal,-,-
77,FAL,400,1200,5,100,1,2899869,0.542331934,0.229801416,optimal,-,-
77,SHP,400,1200,5,100,1,2899869,0.415432453,0.227152586,optimal,-,-
77,weakl,400,1200,5,100,1,2899869,181.5334483,0.420064211,optimal,60,301.86
77,envl,400,1200,5,100,1,2899869,181.3601485,0.217913151,optimal,60,301.9
77,weakenvl,400,1200,5,100,1,2899869,181.6223961,0.48174572,optimal,60,301.9
78,M_Agg,400,1200,5,100,2,2853480,0.35771656,0.282520056,optimal,-,-
78,TPM,400,1200,5,100,2,2853480,0.689229488,0.313872576,optimal,-,-
78,TPM_m,400,1200,5,100,2,2853480,0.22924918,0.126809597,optimal,-,-
78,FAL,400,1200,5,100,2,2853480,0.73767519,0.458430052,optimal,-,-
78,SHP,400,1200,5,100,2,2853480,0.516515493,0.310802698,optimal,-,-
78,weakl,400,1200,5,100,2,2853480,162.5129823,0.455367804,optimal,60,270.1
78,envl,400,1200,5,100,2,2853480,162.3543684,0.284610271,optimal,60,270.12
78,weakenvl,400,1200,5,100,2,2853480,162.6726856,0.587778091,optimal,60,270.14
79,M_Agg,400,1200,5,100,3,2856090,0.51578474,0.450584412,optimal,-,-
79,TPM,400,1200,5,100,3,2856090,0.647642136,0.275626421,optimal,-,-
79,TPM_m,400,1200,5,100,3,2856090,0.232778889,0.118870974,optimal,-,-
79,FAL,400,1200,5,100,3,2856090,0.514094591,0.248579979,optimal,-,-
79,SHP,400,1200,5,100,3,2856090,0.422343016,0.234502792,optimal,-,-
79,weakl,400,1200,5,100,3,2856090,175.3839369,0.373562813,optimal,60,291.68
79,envl,400,1200,5,100,3,2856090,175.3286546,0.310754299,optimal,60,291.7
79,weakenvl,400,1200,5,100,3,2856090,175.7076336,0.657117605,optimal,60,291.75
80,M_Agg,400,1200,5,100,4,2947893,0.433535814,0.371150255,optimal,-,-
80,TPM,400,1200,5,100,4,2947893,1.252915382,0.878842592,optimal,-,-
80,TPM_m,400,1200,5,100,4,2947893,0.462099742,0.37234211,optimal,-,-
80,FAL,400,1200,5,100,4,2947893,0.913980007,0.657469988,optimal,-,-
80,SHP,400,1200,5,100,4,2947893,0.956885099,0.790063143,optimal,-,-
80,weakl,400,1200,5,100,4,2947893,154.7102604,0.552317381,optimal,60,256.93
80,envl,400,1200,5,100,4,2947893,154.6324546,0.463435888,optimal,60,256.95
80,weakenvl,400,1200,5,100,4,2947893,154.9938648,0.796245575,optimal,60,257
81,M_Agg,400,1200,5,120,1,3491248,0.526540279,0.467622757,optimal,-,-
81,TPM,400,1200,5,120,1,3491248,1.448704243,0.887852669,optimal,-,-
81,TPM_m,400,1200,5,120,1,3491248,0.334712669,0.222698212,optimal,-,-
81,FAL,400,1200,5,120,1,3491248,0.932815552,0.547866106,optimal,-,-
81,SHP,400,1200,5,120,1,3491248,0.80810833,0.575875044,optimal,-,-
81,weakl,400,1200,5,120,1,3491248,265.5110894,0.687108278,optimal,72,441.37
81,envl,400,1200,5,120,1,3491248,265.2216395,0.368386269,optimal,72,441.42
81,weakenvl,400,1200,5,120,1,3491248,265.645419,0.781581879,optimal,72,441.44
82,M_Agg,400,1200,5,120,2,3574299,0.506120443,0.435892105,optimal,-,-
82,TPM,400,1200,5,120,2,3574299,1.346480608,0.785946369,optimal,-,-
82,TPM_m,400,1200,5,120,2,3574299,0.450824767,0.345703602,optimal,-,-
82,FAL,400,1200,5,120,2,3574299,0.922438383,0.55392909,optimal,-,-
82,SHP,400,1200,5,120,2,3574299,0.740262032,0.488674164,optimal,-,-
82,weakl,400,1200,5,120,2,3574299,244.8302732,0.805693626,optimal,72,406.71
82,envl,400,1200,5,120,2,3574299,244.4072101,0.374243498,optimal,72,406.72
82,weakenvl,400,1200,5,120,2,3574298.999,244.8646999,0.795496702,optimal,72,406.78
83,M_Agg,400,1200,5,120,3,3625732,0.4258883,0.3513062,optimal,-,-
83,TPM,400,1200,5,120,3,3625732,1.563760519,1.019102335,optimal,-,-
83,TPM_m,400,1200,5,120,3,3625732,0.402303768,0.302335978,optimal,-,-
83,FAL,400,1200,5,120,3,3625732,1.042363167,0.675195217,optimal,-,-
83,SHP,400,1200,5,120,3,3625732,0.692794323,0.470163107,optimal,-,-
83,weakl,400,1200,5,120,3,3625732,259.7793236,0.902663946,optimal,72,431.46
83,envl,400,1200,5,120,3,3625732,259.237129,0.341214657,optimal,72,431.49
83,weakenvl,400,1200,5,120,3,3625732,259.8014772,0.872333288,optimal,72,431.55
84,M_Agg,400,1200,5,120,4,3359435,0.316769123,0.262163877,optimal,-,-
84,TPM,400,1200,5,120,4,3359435,0.947714329,0.443089724,optimal,-,-
84,TPM_m,400,1200,5,120,4,3359435,0.274036722,0.148397923,optimal,-,-
84,FAL,400,1200,5,120,4,3359435,0.69024539,0.297096014,optimal,-,-
84,SHP,400,1200,5,120,4,3359435,0.506906748,0.264316082,optimal,-,-
84,weakl,400,1200,5,120,4,3359435,250.0135092,0.550477743,optimal,72,415.77
84,envl,400,1200,5,120,4,3359435,249.7248029,0.246291161,optimal,72,415.8
84,weakenvl,400,1200,5,120,4,3359435,249.9771778,0.477080584,optimal,72,415.83
85,M_Agg,400,1200,5,150,1,4266615,0.387377262,0.326047897,optimal,-,-
85,TPM,400,1200,5,150,1,4266615,1.410564899,0.549134731,optimal,-,-
85,TPM_m,400,1200,5,150,1,4266615,0.276038496,0.145252705,optimal,-,-
85,FAL,400,1200,5,150,1,4266615,1.072819948,0.485112906,optimal,-,-
85,SHP,400,1200,5,150,1,4266615,0.930571318,0.455710173,optimal,-,-
85,weakl,400,1200,5,150,1,4266615,302.3688262,0.441203594,optimal,51,888.02
85,envl,400,1200,5,150,1,4266615,302.2947436,0.308296919,optimal,51,888.2
85,weakenvl,400,1200,5,150,1,4266615,302.4807272,0.487341642,optimal,51,888.22
86,M_Agg,400,1200,5,150,2,4453829,0.527951002,0.464028835,optimal,-,-
86,TPM,400,1200,5,150,2,4453829,2.100306273,1.309376955,optimal,-,-
86,TPM_m,400,1200,5,150,2,4453829,0.566684031,0.43642354,optimal,-,-
86,FAL,400,1200,5,150,2,4453829,2.103148222,1.549018383,optimal,-,-
86,SHP,400,1200,5,150,2,4453829,1.639537334,1.203574181,optimal,-,-
86,weakl,400,1200,5,150,2,4453829,301.8638699,0.795392513,optimal,53,852.08
86,envl,400,1200,5,150,2,4453829,301.6198532,0.453272343,optimal,53,852.36
86,weakenvl,400,1200,5,150,2,4453829,302.0327995,0.907350302,optimal,53,852.24
87,M_Agg,400,1200,5,150,3,4398675,0.537512541,0.475703001,optimal,-,-
87,TPM,400,1200,5,150,3,4398675,2.398199797,1.524888515,optimal,-,-
87,TPM_m,400,1200,5,150,3,4398675,0.429801036,0.306321144,optimal,-,-
87,FAL,400,1200,5,150,3,4398675,1.665165901,0.973300695,optimal,-,-
87,SHP,400,1200,5,150,3,4398675,1.172651768,0.781740427,optimal,-,-
87,weakl,400,1200,5,150,3,4398675,303.1904372,0.551208735,optimal,50,907.92
87,envl,400,1200,5,150,3,4398675,303.0548097,0.364403009,optimal,50,908.07
87,weakenvl,400,1200,5,150,3,4398675,303.2953972,0.601647615,optimal,50,908.08
88,M_Agg,400,1200,5,150,4,4430448,0.628019333,0.561979771,optimal,-,-
88,TPM,400,1200,5,150,4,4430448,2.208560228,1.287053347,optimal,-,-
88,TPM_m,400,1200,5,150,4,4430448,0.567782016,0.444484711,optimal,-,-
88,FAL,400,1200,5,150,4,4430448,1.374275208,0.804148436,optimal,-,-
88,SHP,400,1200,5,150,4,4430448,1.455060482,0.990350246,optimal,-,-
88,weakl,400,1200,5,150,4,4430448,303.2748641,0.568898916,optimal,48,945.96
88,envl,400,1200,5,150,4,4430448,303.2399589,0.484781742,optimal,48,946.11
88,weakenvl,400,1200,5,150,4,4430448,303.4573606,0.691442966,optimal,48,946.14
89,M_Agg,400,1200,5,200,1,5914945,0.841152191,0.760275126,optimal,-,-
89,TPM,400,1200,5,200,1,5914945,3.467685699,2.008990288,optimal,-,-
89,TPM_m,400,1200,5,200,1,5914945,0.72733585,0.558024168,optimal,-,-
89,FAL,400,1200,5,200,1,5914945,2.922914505,1.917376041,optimal,-,-
89,SHP,400,1200,5,200,1,5914945,2.280294418,1.5068748,optimal,-,-
89,weakl,400,1200,5,200,1,5914945,311.2766824,0.654428959,optimal,36,1725.68
89,envl,400,1200,5,200,1,5914945,311.333111,0.588373184,optimal,36,1726.36
89,weakenvl,400,1200,5,200,1,5914945,311.4414129,0.68769002,optimal,36,1726.41
90,M_Agg,400,1200,5,200,2,6027794,0.636555195,0.56791687,optimal,-,-
90,TPM,400,1200,5,200,2,6027794,3.3907516,1.957146883,optimal,-,-
90,TPM_m,400,1200,5,200,2,6027794,0.665843121,0.488067389,optimal,-,-
90,FAL,400,1200,5,200,2,6027794,2.533187151,1.429967403,optimal,-,-
90,SHP,400,1200,5,200,2,6027794,2.00013566,1.413227558,optimal,-,-
90,weakl,400,1200,5,200,2,6027794,302.6469553,0.434544802,optimal,38,1590.59
90,envl,400,1200,5,200,2,6027794,303.2888577,0.897451401,optimal,38,1591.53
90,weakenvl,400,1200,5,200,2,6027794,303.3813203,0.97715497,optimal,38,1591.6
91,M_Agg,400,1200,5,200,3,5791882,0.649149418,0.581700563,optimal,-,-
91,TPM,400,1200,5,200,3,5791882,3.30203414,1.822169781,optimal,-,-
91,TPM_m,400,1200,5,200,3,5791882,0.637465678,0.480807781,optimal,-,-
91,FAL,400,1200,5,200,3,5791882,2.98816061,1.939599514,optimal,-,-
91,SHP,400,1200,5,200,3,5791882,2.45253396,1.862454176,optimal,-,-
91,weakl,400,1200,5,200,3,5791882,309.4538588,0.41793704,optimal,38,1626.5
91,envl,400,1200,5,200,3,5791882,309.967869,0.742190838,optimal,38,1627.5
91,weakenvl,400,1200,5,200,3,5791882,310.1137094,0.876400232,optimal,38,1627.56
92,M_Agg,400,1200,5,200,4,5888347,0.515169382,0.446739912,optimal,-,-
92,TPM,400,1200,5,200,4,5888347,2.788986683,1.357398033,optimal,-,-
92,TPM_m,400,1200,5,200,4,5888347,0.350353085,0.199394464,optimal,-,-
92,FAL,400,1200,5,200,4,5888347,2.311427355,1.189894199,optimal,-,-
92,SHP,400,1200,5,200,4,5888347,1.572622538,0.993758917,optimal,-,-
92,weakl,400,1200,5,200,4,5888347,303.6225245,0.44563055,optimal,38,1595.67
92,envl,400,1200,5,200,4,5888347,303.7641428,0.475535631,optimal,38,1596.26
92,weakenvl,400,1200,5,200,4,5888347,303.8811234,0.565634489,optimal,38,1596.4
93,M_Agg,400,1200,5,300,1,8797807,0.755355597,0.670468569,optimal,-,-
93,TPM,400,1200,5,300,1,8797807,7.484392405,4.133623362,optimal,-,-
93,TPM_m,400,1200,5,300,1,8797807,0.904278086,0.676059484,optimal,-,-
93,FAL,400,1200,5,300,1,8797807,7.750308037,5.296575069,optimal,-,-
93,SHP,400,1200,5,300,1,8797807,5.875701904,4.454243422,optimal,-,-
93,weakl,400,1200,5,300,1,8797807,317.2756838,0.755894423,optimal,36,2637.66
93,envl,400,1200,5,300,1,8797807,317.2937474,0.601925135,optimal,36,2639.1
93,weakenvl,400,1200,5,300,1,8797807,317.4852428,0.787025928,optimal,36,2639.15
94,M_Agg,400,1200,5,300,2,8603558,0.74734664,0.666777611,optimal,-,-
94,TPM,400,1200,5,300,2,8603558,6.524344444,3.033561707,optimal,-,-
94,TPM_m,400,1200,5,300,2,8603558,0.931100293,0.701352835,optimal,-,-
94,FAL,400,1200,5,300,2,8603558,6.264054775,3.844916821,optimal,-,-
94,SHP,400,1200,5,300,2,8603558,4.35326767,2.97147274,optimal,-,-
94,weakl,400,1200,5,300,2,8603558,314.0448537,0.798887014,optimal,35,2684.97
94,envl,400,1200,5,300,2,8603558,314.3014953,0.787014723,optimal,35,2687.27
94,weakenvl,400,1200,5,300,2,8603558,314.4174142,0.909341097,optimal,35,2687.21
95,M_Agg,400,1200,5,300,3,8818642,0.777334213,0.696957588,optimal,-,-
95,TPM,400,1200,5,300,3,8818642,7.390531301,4.06248045,optimal,-,-
95,TPM_m,400,1200,5,300,3,8818642,1.154425981,0.931129456,optimal,-,-
95,FAL,400,1200,5,300,3,8818642,6.187249899,3.982025385,optimal,-,-
95,SHP,400,1200,5,300,3,8818642,4.444243193,3.081734419,optimal,-,-
95,weakl,400,1200,5,300,3,8818642,305.5525129,0.807126999,optimal,36,2539.54
95,envl,400,1200,5,300,3,8818642,305.9021158,0.894091368,optimal,36,2541.73
95,weakenvl,400,1200,5,300,3,8818642,306.1424787,1.088196278,optimal,36,2542.12
96,M_Agg,400,1200,5,300,4,8776487,0.882610559,0.802434683,optimal,-,-
96,TPM,400,1200,5,300,4,8776487,7.394201517,4.007305861,optimal,-,-
96,TPM_m,400,1200,5,300,4,8776487,0.573437846,0.361504555,optimal,-,-
96,FAL,400,1200,5,300,4,8776487,7.781037569,5.23298645,optimal,-,-
96,SHP,400,1200,5,300,4,8776487,4.536630154,3.122660637,optimal,-,-
96,weakl,400,1200,5,300,4,8776487,310.5130894,0.589327574,optimal,35,2656.49
96,envl,400,1200,5,300,4,8776487,311.4780147,1.261834621,optimal,35,2659
96,weakenvl,400,1200,5,300,4,8776487,311.572849,1.357712984,optimal,35,2658.99
97,M_Agg,400,1200,5,500,1,14672390,1.012942076,0.907097816,optimal,-,-
97,TPM,400,1200,5,500,1,14672390,19.27879119,9.508517981,optimal,-,-
97,TPM_m,400,1200,5,500,1,14672390,1.06361695,0.67615509,optimal,-,-
97,FAL,400,1200,5,500,1,14672390,33.84741187,27.1229775,optimal,-,-
97,SHP,400,1200,5,500,1,14672390,18.13742757,14.02262044,optimal,-,-
97,weakl,400,1200,5,500,1,14672390,322.7247612,1.130886316,optimal,37,4345.86
97,envl,400,1200,5,500,1,14672390,323.2329521,1.249899387,optimal,37,4351.12
97,weakenvl,400,1200,5,500,1,14672390,323.4069936,1.414366484,optimal,37,4351.25
98,M_Agg,400,1200,5,500,2,14584223,1.203288794,1.100017071,optimal,-,-
98,TPM,400,1200,5,500,2,14584223,36.56143212,26.49170303,optimal,-,-
98,TPM_m,400,1200,5,500,2,14584223,1.379448843,1.010505199,optimal,-,-
98,FAL,400,1200,5,500,2,14584223,64.3721447,57.71261239,optimal,-,-
98,SHP,400,1200,5,500,2,14584223,27.34254384,23.03571057,optimal,-,-
98,weakl,400,1200,5,500,2,14584223,303.6554877,1.122207165,optimal,33,4583.84
98,envl,400,1200,5,500,2,14584223,303.8942563,1.118855715,optimal,33,4587.51
98,weakenvl,400,1200,5,500,2,14584223,303.9734876,1.212096214,optimal,33,4587.29
99,M_Agg,400,1200,5,500,3,14652806,1.124224663,1.026328564,optimal,-,-
99,TPM,400,1200,5,500,3,14652806,26.45130372,16.62736726,optimal,-,-
99,TPM_m,400,1200,5,500,3,14652806,1.266700964,0.905295134,optimal,-,-
99,FAL,400,1200,5,500,3,14652806,54.81528759,48.02904272,optimal,-,-
99,SHP,400,1200,5,500,3,14652806,25.4423635,20.52894878,optimal,-,-
99,weakl,400,1200,5,500,3,14653983,310.6448903,1.093348742,optimal,34,4552.23
99,envl,400,1200,5,500,3,14654144,310.8124494,1.008675814,optimal,34,4555.94
99,weakenvl,400,1200,5,500,3,14654144,311.1070485,1.310009956,optimal,34,4555.84
100,M_Agg,400,1200,5,500,4,14699444,1.123609066,1.027502537,optimal,-,-
100,TPM,400,1200,5,500,4,14699444,26.79149985,17.04962134,optimal,-,-
100,TPM_m,400,1200,5,500,4,14699444,0.968100108,0.581469059,optimal,-,-
100,FAL,400,1200,5,500,4,14699444,38.47627139,31.46084046,optimal,-,-
100,SHP,400,1200,5,500,4,14699444,20.6277914,16.62402797,optimal,-,-
100,weakl,400,1200,5,500,4,14699444,311.6806084,1.127345562,optimal,34,4566.96
100,envl,400,1200,5,500,4,14699444,311.6981405,0.908075571,optimal,34,4570.44
100,weakenvl,400,1200,5,500,4,14699444,312.0533708,1.241331816,optimal,34,4570.77
101,M_Agg,400,1200,5,1000,1,29490847,2.116868734,1.958772182,optimal,-,-
101,TPM,400,1200,5,1000,1,29490847,115.6791596,74.16610146,optimal,-,-
101,TPM_m,400,1200,5,1000,1,29490847,2.087391904,1.295077324,optimal,-,-
101,FAL,400,1200,5,1000,1,29490847,245.3798878,215.5869849,optimal,-,-
101,SHP,400,1200,5,1000,1,29490847,105.1065922,86.94114161,optimal,-,-
101,weakl,400,1200,5,1000,1,29490847,305.4549646,2.292296171,optimal,34,8916.55
101,envl,400,1200,5,1000,1,29490847,305.9504206,2.514487505,optimal,34,8924.59
101,weakenvl,400,1200,5,1000,1,29490847,305.8131425,2.366936207,optimal,34,8924.89
102,M_Agg,400,1200,5,1000,2,29320671,2.655341625,2.501372099,optimal,-,-
102,TPM,400,1200,5,1000,2,29320671,189.9304249,148.1223304,optimal,-,-
102,TPM_m,400,1200,5,1000,2,29320671,2.993875185,2.165347338,optimal,-,-
102,FAL,400,1200,5,1000,2,29320671,669.2641325,639.4782794,optimal,-,-
102,SHP,400,1200,5,1000,2,29320671,377.2131331,358.7031875,optimal,-,-
102,weakl,400,1200,5,1000,2,29320671,306.9914208,3.574943304,optimal,35,8669.04
102,envl,400,1200,5,1000,2,29320671,306.6442486,3.068905354,optimal,35,8673.58
102,weakenvl,400,1200,5,1000,2,29320671,306.0719777,2.498123407,optimal,35,8673.54
103,M_Agg,400,1200,5,1000,3,29210870,1.899801731,1.754824877,optimal,-,-
103,TPM,400,1200,5,1000,3,29210870,112.158216,69.79751086,optimal,-,-
103,TPM_m,400,1200,5,1000,3,29210870,1.877875194,1.097210169,optimal,-,-
103,FAL,400,1200,5,1000,3,29210870,390.4808931,361.1143768,optimal,-,-
103,SHP,400,1200,5,1000,3,29210870,115.7197838,97.99084473,optimal,-,-
103,weakl,400,1200,5,1000,3,29210870,310.9809134,1.742272377,optimal,36,8589.96
103,envl,400,1200,5,1000,3,29210870,311.4012869,1.987081528,optimal,36,8594.84
103,weakenvl,400,1200,5,1000,3,29210870,311.5225578,2.091961384,optimal,36,8595.29
104,M_Agg,400,1200,5,1000,4,29303982,2.141654968,1.977249861,optimal,-,-
104,TPM,400,1200,5,1000,4,29303982,106.0473392,63.76145196,optimal,-,-
104,TPM_m,400,1200,5,1000,4,29303982,2.333605673,1.537939787,optimal,-,-
104,FAL,400,1200,5,1000,4,29303982,186.335273,155.8829398,optimal,-,-
104,SHP,400,1200,5,1000,4,29303982,100.5221491,82.19385743,optimal,-,-
104,weakl,400,1200,5,1000,4,29303982,313.7011577,2.059608221,optimal,34,9165.93
104,envl,400,1200,5,1000,4,29303982,313.6736874,1.833183765,optimal,34,9171.78
104,weakenvl,400,1200,5,1000,4,29303982,313.840383,1.979609013,optimal,34,9172.38
105,M_Agg,400,1200,5,2000,1,58608441,8.857161045,8.588200092,optimal,-,-
105,TPM,400,1200,5,2000,1,NA,NA,NA,NA,-,-
105,TPM_m,400,1200,5,2000,1,58608441,4.220881194,1.878657579,optimal,-,-
105,FAL,400,1200,5,2000,1,NA,NA,NA,NA,-,-
105,SHP,400,1200,5,2000,1,NA,NA,NA,NA,-,-
105,weakl,400,1200,5,2000,1,58608441,316.6339606,7.847438097,optimal,33,18714.33
105,envl,400,1200,5,2000,1,58608441,317.0902732,8.086671114,optimal,33,18727.49
105,weakenvl,400,1200,5,2000,1,58608441,316.3899587,7.351695776,optimal,33,18729.59
106,M_Agg,400,1200,5,2000,2,58370479,5.308497429,5.023183823,optimal,-,-
106,TPM,400,1200,5,2000,2,NA,NA,NA,NA,-,-
106,TPM_m,400,1200,5,2000,2,58370479,4.085014742,1.964384556,optimal,-,-
106,FAL,400,1200,5,2000,2,NA,NA,NA,NA,-,-
106,SHP,400,1200,5,2000,2,NA,NA,NA,NA,-,-
106,weakl,400,1200,5,2000,2,58370479,312.3773893,6.343027353,optimal,35,17487.68
106,envl,400,1200,5,2000,2,58370479,314.5926505,8.247232437,optimal,35,17505.45
106,weakenvl,400,1200,5,2000,2,58370479,312.4983724,6.157251835,optimal,35,17505.21
107,M_Agg,400,1200,5,2000,3,58047932,5.153065205,4.880947351,optimal,-,-
107,TPM,400,1200,5,2000,3,NA,NA,NA,NA,-,-
107,TPM_m,400,1200,5,2000,3,58047932,3.595305648,1.488025188,optimal,-,-
107,FAL,400,1200,5,2000,3,NA,NA,NA,NA,-,-
107,SHP,400,1200,5,2000,3,NA,NA,NA,NA,-,-
107,weakl,400,1200,5,2000,3,58047932,308.9023297,3.700072527,optimal,34,17953.07
107,envl,400,1200,5,2000,3,58047932,309.3499234,3.961455345,optimal,34,17964.03
107,weakenvl,400,1200,5,2000,3,58047932,309.2100385,3.813147068,optimal,34,17964.52
108,M_Agg,400,1200,5,2000,4,58540029,7.112622023,6.822443008,optimal,-,-
108,TPM,400,1200,5,2000,4,NA,NA,NA,NA,-,-
108,TPM_m,400,1200,5,2000,4,58540029,4.777222617,2.646124363,optimal,-,-
108,FAL,400,1200,5,2000,4,NA,NA,NA,NA,-,-
108,SHP,400,1200,5,2000,4,NA,NA,NA,NA,-,-
108,weakl,400,1200,5,2000,4,58540029,322.5749022,7.665629148,optimal,32,19681.83
108,envl,400,1200,5,2000,4,58540029,322.4931681,7.181462526,optimal,32,19706.98
108,weakenvl,400,1200,5,2000,4,58540029,323.0273337,7.812244415,optimal,32,19700.94
109,M_Agg,400,1200,8,90,1,2598917,0.403757572,0.328856945,optimal,-,-
109,TPM,400,1200,8,90,1,2598917,0.585901737,0.265604019,optimal,-,-
109,TPM_m,400,1200,8,90,1,2598917,0.237947374,0.130604506,optimal,-,-
109,FAL,400,1200,8,90,1,2598917,0.445592403,0.217201233,optimal,-,-
109,SHP,400,1200,8,90,1,2598917,0.476118326,0.228603363,optimal,-,-
109,weakl,400,1200,8,90,1,2598917,219.5266074,0.463669062,optimal,54,365.1
109,envl,400,1200,8,90,1,2598917,219.4159334,0.263220787,optimal,54,365.25
109,weakenvl,400,1200,8,90,1,2598917,219.4758499,0.38160181,optimal,54,365.16
110,M_Agg,400,1200,8,90,2,2656568,0.337229729,0.275600672,optimal,-,-
110,TPM,400,1200,8,90,2,2656568,0.623621464,0.289782286,optimal,-,-
110,TPM_m,400,1200,8,90,2,2656568,0.259171706,0.130570173,optimal,-,-
110,FAL,400,1200,8,90,2,2656568,0.478774309,0.230982304,optimal,-,-
110,SHP,400,1200,8,90,2,2656568,0.432642937,0.271923304,optimal,-,-
110,weakl,400,1200,8,90,2,2656568,229.7547165,0.365638256,optimal,54,382.32
110,envl,400,1200,8,90,2,2656568,229.6873468,0.287240744,optimal,54,382.33
110,weakenvl,400,1200,8,90,2,2656568,229.9901989,0.576339006,optimal,54,382.36
111,M_Agg,400,1200,8,90,3,2684320,0.41496563,0.353276014,optimal,-,-
111,TPM,400,1200,8,90,3,2684320,0.62185359,0.319640875,optimal,-,-
111,TPM_m,400,1200,8,90,3,2684320,0.214033169,0.109489441,optimal,-,-
111,FAL,400,1200,8,90,3,2684320,0.693925142,0.471689701,optimal,-,-
111,SHP,400,1200,8,90,3,2684320,0.379237413,0.211019278,optimal,-,-
111,weakl,400,1200,8,90,3,2684320,220.7273423,0.557370424,optimal,54,366.95
111,envl,400,1200,8,90,3,2684320,220.5441443,0.339425802,optimal,54,367.01
111,weakenvl,400,1200,8,90,3,2684320,220.8045214,0.591345072,optimal,54,367.02
112,M_Agg,400,1200,8,90,4,2606025,0.295932055,0.234097958,optimal,-,-
112,TPM,400,1200,8,90,4,2606025,0.728329897,0.392363548,optimal,-,-
112,TPM_m,400,1200,8,90,4,2606025,0.262956611,0.142334223,optimal,-,-
112,FAL,400,1200,8,90,4,2606025,0.788646936,0.555717468,optimal,-,-
112,SHP,400,1200,8,90,4,2606025,0.524896145,0.36836648,optimal,-,-
112,weakl,400,1200,8,90,4,2606025,233.7800452,0.476434946,optimal,54,388.84
112,envl,400,1200,8,90,4,2606025,233.720373,0.391845703,optimal,54,388.88
112,weakenvl,400,1200,8,90,4,2606025,234.0563349,0.713383913,optimal,54,388.9
113,M_Agg,400,1200,8,100,1,2875559,0.453126907,0.382264614,optimal,-,-
113,TPM,400,1200,8,100,1,2875559,0.691714287,0.310215712,optimal,-,-
113,TPM_m,400,1200,8,100,1,2875559,0.257709987,0.133688927,optimal,-,-
113,FAL,400,1200,8,100,1,2875559,0.48253274,0.23204565,optimal,-,-
113,SHP,400,1200,8,100,1,2875559,0.426032782,0.251300812,optimal,-,-
113,weakl,400,1200,8,100,1,2875558.999,292.0558224,0.589230537,optimal,60,485.78
113,envl,400,1200,8,100,1,2875559,291.7852211,0.303184509,optimal,60,485.8
113,weakenvl,400,1200,8,100,1,2875559,292.0476585,0.547727585,optimal,60,485.83
114,M_Agg,400,1200,8,100,2,2962627,0.351520777,0.292099476,optimal,-,-
114,TPM,400,1200,8,100,2,2962627,0.719469309,0.332878828,optimal,-,-
114,TPM_m,400,1200,8,100,2,2962627,0.274738746,0.159744978,optimal,-,-
114,FAL,400,1200,8,100,2,2962627,0.524019718,0.251973867,optimal,-,-
114,SHP,400,1200,8,100,2,2962627,0.411229372,0.216308594,optimal,-,-
114,weakl,400,1200,8,100,2,2962627,272.2975382,0.568449259,optimal,60,452.88
114,envl,400,1200,8,100,2,2962627,272.0955388,0.337805986,optimal,60,452.93
114,weakenvl,400,1200,8,100,2,2962627.001,272.3679635,0.593244553,optimal,60,452.96
115,M_Agg,400,1200,8,100,3,2932503,0.346074343,0.295840502,optimal,-,-
115,TPM,400,1200,8,100,3,2932503,0.752691984,0.358577967,optimal,-,-
115,TPM_m,400,1200,8,100,3,2932503,0.239474425,0.127642155,optimal,-,-
115,FAL,400,1200,8,100,3,2932503,0.734184265,0.481628418,optimal,-,-
115,SHP,400,1200,8,100,3,2932503,0.389627457,0.219441652,optimal,-,-
115,weakl,400,1200,8,100,3,2932503,282.6579076,0.474951267,optimal,60,470.3
115,envl,400,1200,8,100,3,2932503,282.4955734,0.290516138,optimal,60,470.34
115,weakenvl,400,1200,8,100,3,2932503,282.7792624,0.549343586,optimal,60,470.38
116,M_Agg,400,1200,8,100,4,2940443,0.398625135,0.341910839,optimal,-,-
116,TPM,400,1200,8,100,4,2940443,0.703449965,0.329180479,optimal,-,-
116,TPM_m,400,1200,8,100,4,2940443,0.247871009,0.118438005,optimal,-,-
116,FAL,400,1200,8,100,4,2940443,0.480445147,0.2276299,optimal,-,-
116,SHP,400,1200,8,100,4,2940443,0.441795349,0.253510237,optimal,-,-
116,weakl,400,1200,8,100,4,2940443,268.8092908,0.590693235,optimal,60,447.03
116,envl,400,1200,8,100,4,2940443,268.7063431,0.460204124,optimal,60,447.08
116,weakenvl,400,1200,8,100,4,2940443,268.8328067,0.574871063,optimal,60,447.1
117,M_Agg,400,1200,8,120,1,3510235,0.410667419,0.358228445,optimal,-,-
117,TPM,400,1200,8,120,1,3510235,1.012443066,0.493890524,optimal,-,-
117,TPM_m,400,1200,8,120,1,3510235,0.269127281,0.138740301,optimal,-,-
117,FAL,400,1200,8,120,1,3510235,0.675937414,0.286804438,optimal,-,-
117,SHP,400,1200,8,120,1,3510235,0.733686686,0.274934053,optimal,-,-
117,weakl,400,1200,8,120,1,3510235,301.2873419,0.307308435,optimal,36,1003.27
117,envl,400,1200,8,120,1,3510235,301.2208841,0.214286089,optimal,36,1003.36
117,weakenvl,400,1200,8,120,1,3510235,301.3186977,0.30493927,optimal,36,1003.38
118,M_Agg,400,1200,8,120,2,3512769,0.389711618,0.331986427,optimal,-,-
118,TPM,400,1200,8,120,2,3512769,0.891453028,0.373069525,optimal,-,-
118,TPM_m,400,1200,8,120,2,3512769,0.307389984,0.180784941,optimal,-,-
118,FAL,400,1200,8,120,2,3512769,0.637559414,0.28902626,optimal,-,-
118,SHP,400,1200,8,120,2,3512769,0.497709036,0.274413586,optimal,-,-
118,weakl,400,1200,8,120,2,3512769,304.4192023,0.318352938,optimal,35,1042.63
118,envl,400,1200,8,120,2,3512769,304.3827972,0.244722128,optimal,35,1042.76
118,weakenvl,400,1200,8,120,2,3512769,304.4498379,0.302748919,optimal,35,1042.79
119,M_Agg,400,1200,8,120,3,3520431,0.377021313,0.31206274,optimal,-,-
119,TPM,400,1200,8,120,3,3520431,0.977074146,0.475285292,optimal,-,-
119,TPM_m,400,1200,8,120,3,3520431,0.287923284,0.156357527,optimal,-,-
119,FAL,400,1200,8,120,3,3520431,0.678397894,0.279791594,optimal,-,-
119,SHP,400,1200,8,120,3,3520431,0.502031326,0.269756079,optimal,-,-
119,weakl,400,1200,8,120,3,3520431,301.390144,0.324048281,optimal,37,976.43
119,envl,400,1200,8,120,3,3520431,301.3003182,0.196252108,optimal,37,976.55
119,weakenvl,400,1200,8,120,3,3520431,301.4885463,0.37340045,optimal,37,976.59
120,M_Agg,400,1200,8,120,4,3662312,0.538635492,0.478107452,optimal,-,-
120,TPM,400,1200,8,120,4,3662312,1.023801565,0.459177256,optimal,-,-
120,TPM_m,400,1200,8,120,4,3662312,0.295474435,0.164501429,optimal,-,-
120,FAL,400,1200,8,120,4,3662312,0.670661688,0.317487717,optimal,-,-
120,SHP,400,1200,8,120,4,3662312,0.527931213,0.282529593,optimal,-,-
120,weakl,400,1200,8,120,4,3662312,308.0802063,0.466657639,optimal,36,1025.38
120,envl,400,1200,8,120,4,3662312,307.9877845,0.323683023,optimal,36,1025.55
120,weakenvl,400,1200,8,120,4,3662312,308.1355871,0.471116066,optimal,36,1025.55
121,M_Agg,400,1200,8,150,1,4434116,0.658859491,0.594388723,optimal,-,-
121,TPM,400,1200,8,150,1,4434116,1.467919588,0.666381598,optimal,-,-
121,TPM_m,400,1200,8,150,1,4434116,0.329475599,0.177922487,optimal,-,-
121,FAL,400,1200,8,150,1,4434116,1.062400341,0.470941305,optimal,-,-
121,SHP,400,1200,8,150,1,4434116,0.913627148,0.460802794,optimal,-,-
121,weakl,400,1200,8,150,1,4434116,302.5537071,0.305535078,optimal,26,1743.74
121,envl,400,1200,8,150,1,4434116,302.590513,0.27338624,optimal,26,1744.14
121,weakenvl,400,1200,8,150,1,4434116,302.6212435,0.300014019,optimal,26,1744.16
122,M_Agg,400,1200,8,150,2,4362013,0.527991295,0.454894781,optimal,-,-
122,TPM,400,1200,8,150,2,4362013,1.50455308,0.571974516,optimal,-,-
122,TPM_m,400,1200,8,150,2,4362013,0.306041003,0.148765087,optimal,-,-
122,FAL,400,1200,8,150,2,4362013,1.016466379,0.465189219,optimal,-,-
122,SHP,400,1200,8,150,2,4362013,0.814422846,0.467489719,optimal,-,-
122,weakl,400,1200,8,150,2,4362013,310.1545248,0.458652973,optimal,28,1659.09
122,envl,400,1200,8,150,2,4362013,310.0493825,0.289827108,optimal,28,1659.43
122,weakenvl,400,1200,8,150,2,4362013,310.2412028,0.480156898,optimal,28,1659.43
123,M_Agg,400,1200,8,150,3,4343533,0.434859514,0.373004198,optimal,-,-
123,TPM,400,1200,8,150,3,4343533,1.592853308,0.666768312,optimal,-,-
123,TPM_m,400,1200,8,150,3,4343533,0.324030415,0.165509462,optimal,-,-
123,FAL,400,1200,8,150,3,4343533,1.0032866,0.449586391,optimal,-,-
123,SHP,400,1200,8,150,3,4343533,0.809240818,0.458622694,optimal,-,-
123,weakl,400,1200,8,150,3,4343533,311.8178663,0.345466375,optimal,28,1668.6
123,envl,400,1200,8,150,3,4343533,311.8100443,0.277328253,optimal,28,1668.93
123,weakenvl,400,1200,8,150,3,4343533,311.8539886,0.321674585,optimal,28,1668.92
124,M_Agg,400,1200,8,150,4,4486129,0.564718962,0.479866266,optimal,-,-
124,TPM,400,1200,8,150,4,4486129,1.530875683,0.561579466,optimal,-,-
124,TPM_m,400,1200,8,150,4,4486129,0.308014326,0.147568703,optimal,-,-
124,FAL,400,1200,8,150,4,4486129,0.91206336,0.350500822,optimal,-,-
124,SHP,400,1200,8,150,4,4486129,0.741980553,0.393641472,optimal,-,-
124,weakl,400,1200,8,150,4,4486129,305.1231172,0.382733822,optimal,26,1758.12
124,envl,400,1200,8,150,4,4486129,305.0674276,0.255955458,optimal,26,1758.53
124,weakenvl,400,1200,8,150,4,4486129,305.3045962,0.484790087,optimal,26,1758.58
125,M_Agg,400,1200,8,200,1,5765160,0.435092211,0.360925913,optimal,-,-
125,TPM,400,1200,8,200,1,5765160,2.444380999,0.988079786,optimal,-,-
125,TPM_m,400,1200,8,200,1,5765160,0.417746424,0.217266798,optimal,-,-
125,FAL,400,1200,8,200,1,5765160,1.660984755,0.66940093,optimal,-,-
125,SHP,400,1200,8,200,1,5765160,1.269256353,0.674994469,optimal,-,-
125,weakl,400,1200,8,200,1,5765160,309.5457395,0.473699331,optimal,24,2575.6
125,envl,400,1200,8,200,1,5765160,309.6060992,0.330622673,optimal,24,2577.3
125,weakenvl,400,1200,8,200,1,5765160,309.7745243,0.505154133,optimal,24,2577.24
126,M_Agg,400,1200,8,200,2,5872377,0.544364691,0.478824615,optimal,-,-
126,TPM,400,1200,8,200,2,5872377,2.519777298,1.000490427,optimal,-,-
126,TPM_m,400,1200,8,200,2,5872377,0.367712897,0.180472374,optimal,-,-
126,FAL,400,1200,8,200,2,5872377,1.581369877,0.625526428,optimal,-,-
126,SHP,400,1200,8,200,2,5872377,1.464663982,0.675314188,optimal,-,-
126,weakl,400,1200,8,200,2,5872377,305.3301488,0.33433938,optimal,22,2772.69
126,envl,400,1200,8,200,2,5872377,305.6593334,0.469782352,optimal,22,2774.45
126,weakenvl,400,1200,8,200,2,5872377,305.5244414,0.342848301,optimal,22,2774.38
127,M_Agg,400,1200,8,200,3,5829237,0.438900471,0.365010023,optimal,-,-
127,TPM,400,1200,8,200,3,5829237,2.472205162,0.956514835,optimal,-,-
127,TPM_m,400,1200,8,200,3,5829237,0.378976885,0.18810606,optimal,-,-
127,FAL,400,1200,8,200,3,5829237,1.664224148,0.681831598,optimal,-,-
127,SHP,400,1200,8,200,3,5829237,1.310468197,0.694792747,optimal,-,-
127,weakl,400,1200,8,200,3,5829237,304.9547848,0.319591284,optimal,22,2769.41
127,envl,400,1200,8,200,3,5829237,305.0513612,0.309798717,optimal,22,2770.38
127,weakenvl,400,1200,8,200,3,5829237,305.0921761,0.343478918,optimal,22,2770.44
128,M_Agg,400,1200,8,200,4,5822785,0.429967642,0.358169556,optimal,-,-
128,TPM,400,1200,8,200,4,5822785,2.480643034,0.991690397,optimal,-,-
128,TPM_m,400,1200,8,200,4,5822785,0.371201467,0.175858259,optimal,-,-
128,FAL,400,1200,8,200,4,5822785,1.688647985,0.681637049,optimal,-,-
128,SHP,400,1200,8,200,4,5822785,1.431140661,0.696873426,optimal,-,-
128,weakl,400,1200,8,200,4,5822785,308.8929477,0.348569155,optimal,23,2682.99
128,envl,400,1200,8,200,4,5822785,309.0856876,0.386642694,optimal,23,2684.34
128,weakenvl,400,1200,8,200,4,5822785,309.1985767,0.498714447,optimal,23,2684.35
129,M_Agg,400,1200,8,300,1,8714012,0.67038846,0.592201948,optimal,-,-
129,TPM,400,1200,8,300,1,8714012,6.164554596,2.540444374,optimal,-,-
129,TPM_m,400,1200,8,300,1,8714012,0.558165656,0.284480572,optimal,-,-
129,FAL,400,1200,8,300,1,8714012,4.259812117,1.500894547,optimal,-,-
129,SHP,400,1200,8,300,1,8714012,3.281839132,1.515719891,optimal,-,-
129,weakl,400,1200,8,300,1,8714012,329.5612255,0.500696182,optimal,21,4700.86
129,envl,400,1200,8,300,1,8714012,329.78195,0.46181035,optimal,21,4704.57
129,weakenvl,400,1200,8,300,1,8714012,329.9134436,0.590976715,optimal,21,4704.61
130,M_Agg,400,1200,8,300,2,8774841,0.673501015,0.585643053,optimal,-,-
130,TPM,400,1200,8,300,2,8774841,6.008973598,2.435712337,optimal,-,-
130,TPM_m,400,1200,8,300,2,8774841,0.544448477,0.26833868,optimal,-,-
130,FAL,400,1200,8,300,2,8774841,4.282822371,1.608084202,optimal,-,-
130,SHP,400,1200,8,300,2,8774841,3.439996719,1.532725096,optimal,-,-
130,weakl,400,1200,8,300,2,8774841,305.742592,0.47476387,optimal,22,4162.74
130,envl,400,1200,8,300,2,8774841,305.9333743,0.487651587,optimal,22,4165.17
130,weakenvl,400,1200,8,300,2,8774841,305.9343857,0.493893147,optimal,22,4165.1
131,M_Agg,400,1200,8,300,3,8842787,0.659156561,0.581421375,optimal,-,-
131,TPM,400,1200,8,300,3,8842787,5.538565874,2.12013483,optimal,-,-
131,TPM_m,400,1200,8,300,3,8842787,0.590717611,0.218134642,optimal,-,-
131,FAL,400,1200,8,300,3,8842787,3.864837646,1.418436766,optimal,-,-
131,SHP,400,1200,8,300,3,8842787,3.138811111,1.484443426,optimal,-,-
131,weakl,400,1200,8,300,3,8842787,306.892849,0.580970049,optimal,20,4594.68
131,envl,400,1200,8,300,3,8842787,306.9747351,0.470773935,optimal,20,4597.56
131,weakenvl,400,1200,8,300,3,8842787,307.0732556,0.571621895,optimal,20,4597.52
132,M_Agg,400,1200,8,300,4,8860430,0.645519495,0.56721139,optimal,-,-
132,TPM,400,1200,8,300,4,8860430,5.645918369,2.184143305,optimal,-,-
132,TPM_m,400,1200,8,300,4,8860430,0.514447629,0.24015522,optimal,-,-
132,FAL,400,1200,8,300,4,8860430,3.885750294,1.396358728,optimal,-,-
132,SHP,400,1200,8,300,4,8860430,3.160202265,1.500485182,optimal,-,-
132,weakl,400,1200,8,300,4,8860430,311.8715173,0.475912571,optimal,21,4448.51
132,envl,400,1200,8,300,4,8860430,312.0451044,0.476688147,optimal,21,4450.98
132,weakenvl,400,1200,8,300,4,8860430,312.1250287,0.493589878,optimal,21,4451.88
133,M_Agg,400,1200,8,500,1,14603968,0.913196325,0.802173376,optimal,-,-
133,TPM,400,1200,8,500,1,14603968,15.93329883,5.698351622,optimal,-,-
133,TPM_m,400,1200,8,500,1,14603968,0.809403163,0.330316305,optimal,-,-
133,FAL,400,1200,8,500,1,14603968,11.81080008,4.340173244,optimal,-,-
133,SHP,400,1200,8,500,1,14603968,9.519724131,5.344705582,optimal,-,-
133,weakl,400,1200,8,500,1,14603968,302.7829611,0.77752614,optimal,21,7190.61
133,envl,400,1200,8,500,1,14603968,303.0919595,0.802864313,optimal,21,7197.36
133,weakenvl,400,1200,8,500,1,14603968,303.1064463,0.819084883,optimal,21,7197.32
134,M_Agg,400,1200,8,500,2,14498626,0.988749266,0.889458895,optimal,-,-
134,TPM,400,1200,8,500,2,14498626,15.65783906,5.577090263,optimal,-,-
134,TPM_m,400,1200,8,500,2,14498626,0.813230449,0.335637808,optimal,-,-
134,FAL,400,1200,8,500,2,14498626,11.77109861,4.436925411,optimal,-,-
134,SHP,400,1200,8,500,2,14498626,9.241451502,5.171864986,optimal,-,-
134,weakl,400,1200,8,500,2,14498626,320.5422422,0.809106112,optimal,23,6950.72
134,envl,400,1200,8,500,2,14498626,320.9397265,0.924159765,optimal,23,6956.86
134,weakenvl,400,1200,8,500,2,14498626,320.7981705,0.790684223,optimal,23,6956.68
135,M_Agg,400,1200,8,500,3,14531808,0.860553503,0.702683449,optimal,-,-
135,TPM,400,1200,8,500,3,14531808,14.91995668,5.307729006,optimal,-,-
135,TPM_m,400,1200,8,500,3,14531808,0.794371322,0.326922894,optimal,-,-
135,FAL,400,1200,8,500,3,14531808,10.60023522,3.997396708,optimal,-,-
135,SHP,400,1200,8,500,3,14531808,9.150502443,4.350811958,optimal,-,-
135,weakl,400,1200,8,500,3,14531808,315.8927389,0.787130833,optimal,22,7161.49
135,envl,400,1200,8,500,3,14531808,315.9779456,0.675698757,optimal,22,7165.96
135,weakenvl,400,1200,8,500,3,14531808,316.0915273,0.787188053,optimal,22,7166.01
136,M_Agg,400,1200,8,500,4,14765764,0.919718266,0.823698521,optimal,-,-
136,TPM,400,1200,8,500,4,14765764,14.91012335,5.323307991,optimal,-,-
136,TPM_m,400,1200,8,500,4,14765764,0.747797842,0.29729557,optimal,-,-
136,FAL,400,1200,8,500,4,14765764,10.0812552,3.734128952,optimal,-,-
136,SHP,400,1200,8,500,4,14765764,8.938493013,4.967645168,optimal,-,-
136,weakl,400,1200,8,500,4,14765764,336.4170161,0.905888081,optimal,22,7625.25
136,envl,400,1200,8,500,4,14765764,336.6029883,0.914790392,optimal,22,7629.28
136,weakenvl,400,1200,8,500,4,14765764,336.6163204,0.921266317,optimal,22,7629.43
137,M_Agg,400,1200,8,1000,1,29479128,2.04498148,1.895071268,optimal,-,-
137,TPM,400,1200,8,1000,1,29479128,69.90909052,25.36523795,optimal,-,-
137,TPM_m,400,1200,8,1000,1,29479128,1.563038745,0.56410718,optimal,-,-
137,FAL,400,1200,8,1000,1,29479128,115.704453,86.11104178,optimal,-,-
137,SHP,400,1200,8,1000,1,29479128,55.4942441,37.21734333,optimal,-,-
137,weakl,400,1200,8,1000,1,29479128,328.4013396,1.952706575,optimal,20,16322.43
137,envl,400,1200,8,1000,1,29479128,328.7358365,2.054805756,optimal,20,16334.05
137,weakenvl,400,1200,8,1000,1,29479128,328.5415311,1.856280565,optimal,20,16334.26
138,M_Agg,400,1200,8,1000,2,29222147,2.158517838,1.996022701,optimal,-,-
138,TPM,400,1200,8,1000,2,29222147,63.8512311,23.38607001,optimal,-,-
138,TPM_m,400,1200,8,1000,2,29222147,1.571479555,0.583281279,optimal,-,-
138,FAL,400,1200,8,1000,2,29222147,116.0001254,86.29183006,optimal,-,-
138,SHP,400,1200,8,1000,2,29222147,58.91695762,41.06731534,optimal,-,-
138,weakl,400,1200,8,1000,2,29222147,324.3191022,2.210750103,optimal,22,14641.29
138,envl,400,1200,8,1000,2,29222147,324.0675327,1.775541306,optimal,22,14649.64
138,weakenvl,400,1200,8,1000,2,29222147,324.1909487,1.891475677,optimal,22,14649.98
139,M_Agg,400,1200,8,1000,3,29473575,1.809276819,1.655577898,optimal,-,-
139,TPM,400,1200,8,1000,3,29473575,65.17808104,23.65715313,optimal,-,-
139,TPM_m,400,1200,8,1000,3,29473575,1.552115741,0.558433771,optimal,-,-
139,FAL,400,1200,8,1000,3,29473575,113.7686222,85.20561838,optimal,-,-
139,SHP,400,1200,8,1000,3,29473575,57.90059543,37.81518126,optimal,-,-
139,weakl,400,1200,8,1000,3,29473575,323.33994,1.385123253,optimal,21,15331.18
139,envl,400,1200,8,1000,3,29473575,323.8216659,1.617670298,optimal,21,15343.05
139,weakenvl,400,1200,8,1000,3,29473575,323.9641387,1.760155678,optimal,21,15343.05
140,M_Agg,400,1200,8,1000,4,29530369,2.370648146,1.871200562,optimal,-,-
140,TPM,400,1200,8,1000,4,29530369,65.92256665,23.18966293,optimal,-,-
140,TPM_m,400,1200,8,1000,4,29530369,1.535762929,0.570743084,optimal,-,-
140,FAL,400,1200,8,1000,4,29530369,114.1945405,85.32707453,optimal,-,-
140,SHP,400,1200,8,1000,4,29530369,59.71908331,41.62950993,optimal,-,-
140,weakl,400,1200,8,1000,4,29530369,303.2030763,1.765556097,optimal,20,15071.88
140,envl,400,1200,8,1000,4,29530369,303.3591516,1.758916855,optimal,20,15080.01
140,weakenvl,400,1200,8,1000,4,29530369,303.473679,1.867769718,optimal,20,15080.3
141,M_Agg,400,1200,8,2000,1,58735920,4.482982159,4.218234301,optimal,-,-
141,TPM,400,1200,8,2000,1,58735920,321.1270094,141.3377197,optimal,-,-
141,TPM_m,400,1200,8,2000,1,58735920,3.563139146,1.188704014,optimal,-,-
141,FAL,400,1200,8,2000,1,58735920,1058.563422,932.4816494,optimal,-,-
141,SHP,400,1200,8,2000,1,58735920,508.0995631,431.6928566,optimal,-,-
141,weakl,400,1200,8,2000,1,58735920,325.1268911,3.539075851,optimal,22,29235.26
141,envl,400,1200,8,2000,1,58735920,324.8671302,3.122651815,optimal,22,29249.5
141,weakenvl,400,1200,8,2000,1,58735920,325.1030745,3.350514889,optimal,22,29250.23
142,M_Agg,400,1200,8,2000,2,58203778,4.455034256,4.190267086,optimal,-,-
142,TPM,400,1200,8,2000,2,58203778,343.2431145,148.6788461,optimal,-,-
142,TPM_m,400,1200,8,2000,2,58203778,3.685234853,1.268881798,optimal,-,-
142,FAL,400,1200,8,2000,2,58203778,1065.921374,940.698627,optimal,-,-
142,SHP,400,1200,8,2000,2,58203778,417.3507688,339.6525056,optimal,-,-
142,weakl,400,1200,8,2000,2,58203778,328.6260913,3.391816854,optimal,21,30974.69
142,envl,400,1200,8,2000,2,58203778,328.7584853,3.178229809,optimal,21,31007.64
142,weakenvl,400,1200,8,2000,2,58203778,328.8948655,3.472895861,optimal,21,30992.57
143,M_Agg,400,1200,8,2000,3,58328788,3.709869862,3.455425262,optimal,-,-
143,TPM,400,1200,8,2000,3,58328788,317.4818847,139.1100693,optimal,-,-
143,TPM_m,400,1200,8,2000,3,58328788,3.886216285,1.415784359,optimal,-,-
143,FAL,400,1200,8,2000,3,58328788,1072.073247,945.8215458,optimal,-,-
143,SHP,400,1200,8,2000,3,58328788,476.5537539,399.8395452,optimal,-,-
143,weakl,400,1200,8,2000,3,58328788,307.5046669,4.017958164,optimal,21,28903.5
143,envl,400,1200,8,2000,3,58328788,307.193678,3.560362816,optimal,21,28917.46
143,weakenvl,400,1200,8,2000,3,58328788,307.525261,3.891552448,optimal,21,28917.5
144,M_Agg,400,1200,8,2000,4,58446891,3.870914459,3.581019402,optimal,-,-
144,TPM,400,1200,8,2000,4,58446891,316.0061338,133.1286762,optimal,-,-
144,TPM_m,400,1200,8,2000,4,58446891,3.92720662,1.507944584,optimal,-,-
144,FAL,400,1200,8,2000,4,58446891,1061.864086,942.3991547,optimal,-,-
144,SHP,400,1200,8,2000,4,58446891,511.2743051,433.6558523,optimal,-,-
144,weakl,400,1200,8,2000,4,58446891,323.3525396,3.927274942,optimal,22,29038.66
144,envl,400,1200,8,2000,4,58446891,323.4858125,3.777993679,optimal,22,29064.35
144,weakenvl,400,1200,8,2000,4,58446891,323.7409979,4.134114742,optimal,22,29055.17
1,M_Agg,2400,2800,2,90,1,6396298,3.875803709,3.809432268,optimal,-,-
1,TPM,2400,2800,2,90,1,6396298,178.7337165,178.4059424,optimal,-,-
1,TPM_m,2400,2800,2,90,1,6396298,35.19919828,35.09902215,optimal,-,-
1,FAL,2400,2800,2,90,1,6396298,1834.797453,1834.568849,maxTimeLimit,-,-
1,SHP,2400,2800,2,90,1,6396298,1821.782761,1821.49372,maxTimeLimit,-,-
1,weakl,2400,2800,2,90,1,6396298,38.03041967,2.651054859,optimal,54,39.01835455
1,envl,2400,2800,2,90,1,6396298,39.77002152,4.370340824,optimal,54,39.45109405
1,weakenvl,2400,2800,2,90,1,6396298,38.18587192,2.773370266,optimal,54,39.25391616
2,M_Agg,2400,2800,2,90,2,6278363,2.557197332,2.509405851,optimal,-,-
2,TPM,2400,2800,2,90,2,6278363,1040.545038,1040.178172,optimal,-,-
2,TPM_m,2400,2800,2,90,2,6278363,7.363368838,7.150507212,optimal,-,-
2,FAL,2400,2800,2,90,2,6278363,1876.70608,1876.466667,maxTimeLimit,-,-
2,SHP,2400,2800,2,90,2,6278363,1722.32461,1721.991863,optimal,-,-
2,weakl,2400,2800,2,90,2,6278363,42.03789549,3.982693672,optimal,54,41.51359525
2,envl,2400,2800,2,90,2,6278363,41.62842207,3.558946133,optimal,54,41.65267118
2,weakenvl,2400,2800,2,90,2,6278363,42.28922706,4.216991663,optimal,54,41.74023654
3,M_Agg,2400,2800,2,90,3,6234630,2.288472891,2.240999937,optimal,-,-
3,TPM,2400,2800,2,90,3,6234630,148.0400374,147.6360307,optimal,-,-
3,TPM_m,2400,2800,2,90,3,6234630,9.835531482,9.715069532,optimal,-,-
3,FAL,2400,2800,2,90,3,6234630,130.5398295,130.2996991,optimal,-,-
3,SHP,2400,2800,2,90,3,6234630,504.6337438,504.4583521,optimal,-,-
3,weakl,2400,2800,2,90,3,6234630,34.2403057,2.061320543,optimal,54,42.54022053
3,envl,2400,2800,2,90,3,6234630,34.96177605,2.754575968,optimal,54,42.80661336
3,weakenvl,2400,2800,2,90,3,6234630,34.45286707,2.224919558,optimal,54,42.97287658
4,M_Agg,2400,2800,2,90,4,6397114,2.277062416,2.224158764,optimal,-,-
4,TPM,2400,2800,2,90,4,6397114,237.9661329,237.6339772,optimal,-,-
4,TPM_m,2400,2800,2,90,4,6397114,10.28942079,10.18313074,optimal,-,-
4,FAL,2400,2800,2,90,4,6397114,130.9903157,130.7612493,optimal,-,-
4,SHP,2400,2800,2,90,4,6397114,180.7034395,180.5281527,optimal,-,-
4,weakl,2400,2800,2,90,4,6397114,41.76479735,2.967885017,optimal,54,45.56814264
4,envl,2400,2800,2,90,4,6397114,41.44415655,2.632604122,optimal,54,49.85899417
4,weakenvl,2400,2800,2,90,4,6397114,42.0876986,3.249619484,optimal,54,46.2381268
5,M_Agg,2400,2800,2,100,1,7077094,3.409416676,3.359235764,optimal,-,-
5,TPM,2400,2800,2,100,1,7077094,1822.4734,1821.890278,maxTimeLimit,-,-
5,TPM_m,2400,2800,2,100,1,7077094,18.81408543,18.70508909,optimal,-,-
5,FAL,2400,2800,2,100,1,7077094,1834.100449,1833.809464,maxTimeLimit,-,-
5,SHP,2400,2800,2,100,1,7077094,1822.026572,1821.827149,maxTimeLimit,-,-
5,weakl,2400,2800,2,100,1,7077094,48.01138245,4.230581999,optimal,60,46.91381468
5,envl,2400,2800,2,100,1,7077094,48.57633005,4.773465395,optimal,60,51.26364518
5,weakenvl,2400,2800,2,100,1,7077094,48.13115345,4.309032202,optimal,60,47.59410836
6,M_Agg,2400,2800,2,100,2,6911157,2.558982372,2.506677151,optimal,-,-
6,TPM,2400,2800,2,100,2,6911157,1840.720747,1840.304619,maxTimeLimit,-,-
6,TPM_m,2400,2800,2,100,2,6911157,40.14928433,40.0398469,optimal,-,-
6,FAL,2400,2800,2,100,2,6911157,711.923177,711.6010871,optimal,-,-
6,SHP,2400,2800,2,100,2,6911157,1817.810387,1817.574206,maxTimeLimit,-,-
6,weakl,2400,2800,2,100,2,6911157,46.14439662,3.694586992,optimal,60,50.8332473
6,envl,2400,2800,2,100,2,6911157,46.24419077,3.765754223,optimal,60,58.33532798
6,weakenvl,2400,2800,2,100,2,6911157,47.2197872,4.725707769,optimal,60,51.89020872
7,M_Agg,2400,2800,2,100,3,7025190,9.711291075,9.657995701,optimal,-,-
7,TPM,2400,2800,2,100,3,7025612,1849.524823,1849.139663,maxTimeLimit,-,-
7,TPM_m,2400,2800,2,100,3,7025190,71.74618447,71.63752532,optimal,-,-
7,FAL,2400,2800,2,100,3,7025190,1805.229298,1804.954758,maxTimeLimit,-,-
7,SHP,2400,2800,2,100,3,7025190,1820.745629,1820.552039,maxTimeLimit,-,-
7,weakl,2400,2800,2,100,3,7025190,46.35199414,4.30851984,optimal,60,56.14580764
7,envl,2400,2800,2,100,3,7025190,63.17129932,21.09885502,optimal,60,63.40037973
7,weakenvl,2400,2800,2,100,3,7025190,47.51386796,5.414744854,optimal,60,57.10214682
8,M_Agg,2400,2800,2,100,4,6901854,2.868351221,2.820198536,optimal,-,-
8,TPM,2400,2800,2,100,4,6901854,1837.150857,1836.778079,maxTimeLimit,-,-
8,TPM_m,2400,2800,2,100,4,6901854,18.17658931,18.06438351,optimal,-,-
8,FAL,2400,2800,2,100,4,6901854,1830.267436,1829.997949,maxTimeLimit,-,-
8,SHP,2400,2800,2,100,4,6901854,1808.573207,1808.383408,maxTimeLimit,-,-
8,weakl,2400,2800,2,100,4,6901854,47.1474855,3.992803097,optimal,60,63.43009779
8,envl,2400,2800,2,100,4,6901854,47.0627606,3.880288601,optimal,60,79.0016118
8,weakenvl,2400,2800,2,100,4,6901854,47.51162482,4.319074869,optimal,60,63.81844011
9,M_Agg,2400,2800,2,120,1,8600450,17.23681664,17.18016815,optimal,-,-
9,TPM,2400,2800,2,120,1,8600450,1871.905226,1871.346561,maxTimeLimit,-,-
9,TPM_m,2400,2800,2,120,1,8600450,70.58312018,70.46012187,optimal,-,-
9,FAL,2400,2800,2,120,1,8604080,1860.060184,1859.647964,maxTimeLimit,-,-
9,SHP,2400,2800,2,120,1,8600450,1820.761875,1820.512374,maxTimeLimit,-,-
9,weakl,2400,2800,2,120,1,8600450,63.68911294,8.301848412,optimal,72,68.80770667
9,envl,2400,2800,2,120,1,8600450,76.86306122,21.43276358,optimal,72,84.60320558
9,weakenvl,2400,2800,2,120,1,8600450,65.31555489,9.865679979,optimal,72,69.04571112
10,M_Agg,2400,2800,2,120,2,8248900,2.474005938,2.426623106,optimal,-,-
10,TPM,2400,2800,2,120,2,8257735,1828.53362,1827.993341,maxTimeLimit,-,-
10,TPM_m,2400,2800,2,120,2,8248900,26.0592213,25.93349147,optimal,-,-
10,FAL,2400,2800,2,120,2,8248900,927.642921,927.2308583,optimal,-,-
10,SHP,2400,2800,2,120,2,8248900,1817.96684,1817.705201,maxTimeLimit,-,-
10,weakl,2400,2800,2,120,2,8248900,67.39463797,5.329753637,optimal,72,82.09766108
10,envl,2400,2800,2,120,2,8248900,66.50439778,4.41305089,optimal,72,99.91517258
10,weakenvl,2400,2800,2,120,2,8248900,68.0675396,5.919926643,optimal,72,88.9259497
11,M_Agg,2400,2800,2,120,3,8373760,37.60887623,37.55282068,optimal,-,-
11,TPM,2400,2800,2,120,3,8373760,1866.059316,1865.502383,maxTimeLimit,-,-
11,TPM_m,2400,2800,2,120,3,8373759.999,323.0099167,322.8593023,optimal,-,-
11,FAL,2400,2800,2,120,3,8376381,1843.465218,1843.053109,maxTimeLimit,-,-
11,SHP,2400,2800,2,120,3,8373760,1819.131077,1818.859277,maxTimeLimit,-,-
11,weakl,2400,2800,2,120,3,8373760,75.48915474,10.18557382,optimal,72,91.69862834
11,envl,2400,2800,2,120,3,8373760,125.5762276,60.22815895,optimal,72,119.0429221
11,weakenvl,2400,2800,2,120,3,8373760,74.37904112,9.003948927,optimal,72,98.65044639
12,M_Agg,2400,2800,2,120,4,8331567,4.61675787,4.567414761,optimal,-,-
12,TPM,2400,2800,2,120,4,8331567,1818.361238,1817.820553,maxTimeLimit,-,-
12,TPM_m,2400,2800,2,120,4,8331567,37.37083722,37.24416375,optimal,-,-
12,FAL,2400,2800,2,120,4,8331567,1804.550375,1804.154006,maxTimeLimit,-,-
12,SHP,2400,2800,2,120,4,8331567,1819.211562,1818.941539,maxTimeLimit,-,-
12,weakl,2400,2800,2,120,4,8331567,68.65792105,5.72615242,optimal,72,109.7723821
12,envl,2400,2800,2,120,4,8331567,69.46913574,6.494474649,optimal,72,135.2460668
12,weakenvl,2400,2800,2,120,4,8332093.974,68.42070887,5.421159983,optimal,72,119.0276743
13,M_Agg,2400,2800,2,150,1,10538980,24.25855422,24.20174432,optimal,-,-
13,TPM,2400,2800,2,150,1,10538980,1853.446116,1852.611458,maxTimeLimit,-,-
13,TPM_m,2400,2800,2,150,1,10538980,916.5926981,916.4302242,optimal,-,-
13,FAL,2400,2800,2,150,1,10538980,1809.375791,1808.73329,maxTimeLimit,-,-
13,SHP,2400,2800,2,150,1,10538980,1813.466286,1813.084067,maxTimeLimit,-,-
13,weakl,2400,2800,2,150,1,10538980,116.8489306,14.0435946,optimal,90,126.4163725
13,envl,2400,2800,2,150,1,10538980,138.1109292,35.24865294,optimal,90,279.2699761
13,weakenvl,2400,2800,2,150,1,10538980,144.8365092,41.93126678,optimal,90,150.315914
14,M_Agg,2400,2800,2,150,2,10682401,29.43293834,29.38017535,optimal,-,-
14,TPM,2400,2800,2,150,2,10682401,1831.499512,1830.668361,maxTimeLimit,-,-
14,TPM_m,2400,2800,2,150,2,10682401,511.3009855,511.14693,optimal,-,-
14,FAL,2400,2800,2,150,2,10682401,1816.784213,1816.174815,maxTimeLimit,-,-
14,SHP,2400,2800,2,150,2,10682401,1818.673719,1818.289393,maxTimeLimit,-,-
14,weakl,2400,2800,2,150,2,10682401,105.798507,14.67792106,optimal,90,172.9682751
14,envl,2400,2800,2,150,2,10682401,143.0153959,51.8119278,optimal,90,697.0033595
14,weakenvl,2400,2800,2,150,2,10683202,106.9655264,15.7320385,optimal,90,203.8481905
15,M_Agg,2400,2800,2,150,3,10433011,103.9948163,103.9355285,optimal,-,-
15,TPM,2400,2800,2,150,3,10451170,1844.748996,1843.921735,maxTimeLimit,-,-
15,TPM_m,2400,2800,2,150,3,10433011,1805.542359,1805.386528,maxTimeLimit,-,-
15,FAL,2400,2800,2,150,3,10443550,1851.834747,1851.093189,maxTimeLimit,-,-
15,SHP,2400,2800,2,150,3,10433011,1820.744944,1820.34795,maxTimeLimit,-,-
15,weakl,2400,2800,2,150,3,10433011,147.78417,49.85483527,optimal,90,211.2966679
15,envl,2400,2800,2,150,3,10433011,190.3888061,92.30876756,optimal,90,1112.574884
15,weakenvl,2400,2800,2,150,3,10433011,155.8879526,57.82644105,optimal,90,255.7014085
16,M_Agg,2400,2800,2,150,4,10433706,242.7359169,242.6722054,optimal,-,-
16,TPM,2400,2800,2,150,4,10436212,1848.20867,1847.376785,maxTimeLimit,-,-
16,TPM_m,2400,2800,2,150,4,10433706,1808.60232,1808.447081,maxTimeLimit,-,-
16,FAL,2400,2800,2,150,4,10436212,1877.805545,1877.167354,maxTimeLimit,-,-
16,SHP,2400,2800,2,150,4,10458725,1822.621233,1822.23493,maxTimeLimit,-,-
16,weakl,2400,2800,2,150,4,10433706,135.2338824,30.50354838,optimal,90,229.4021614
16,envl,2400,2800,2,150,4,10433706,645.564773,540.6540542,optimal,90,1248.764311
16,weakenvl,2400,2800,2,150,4,10434310,193.5736677,88.66742229,optimal,90,276.57125
17,M_Agg,2400,2800,2,200,1,13934206,1814.561228,1814.491404,maxTimeLimit,-,-
17,TPM,2400,2800,2,200,1,13944341,1828.259278,1826.770281,maxTimeLimit,-,-
17,TPM_m,2400,2800,2,200,1,13935793,1810.609863,1810.415328,maxTimeLimit,-,-
17,FAL,2400,2800,2,200,1,13966705,1846.076719,1844.992055,maxTimeLimit,-,-
17,SHP,2400,2800,2,200,1,13934206,1816.58622,1815.979338,maxTimeLimit,-,-
17,weakl,2400,2800,2,200,1,13934206,303.056541,119.8728573,optimal,120,280.4784953
17,envl,2400,2800,2,200,1,13934206,1809.044463,1625.613145,maxTimeLimit,120,1541.816527
17,weakenvl,2400,2800,2,200,1,13934206,358.9656153,175.5198991,optimal,120,325.5410991
18,M_Agg,2400,2800,2,200,2,14018174,1804.353097,1804.249204,maxTimeLimit,-,-
18,TPM,2400,2800,2,200,2,14018174,1836.870951,1835.270553,maxTimeLimit,-,-
18,TPM_m,2400,2800,2,200,2,14018174,1813.153033,1812.923143,maxTimeLimit,-,-
18,FAL,2400,2800,2,200,2,14018174,1810.421051,1809.414129,maxTimeLimit,-,-
18,SHP,2400,2800,2,200,2,14020291,1815.136839,1814.530637,maxTimeLimit,-,-
18,weakl,2400,2800,2,200,2,14018174,259.1120782,74.24049187,optimal,120,655.9766235
18,envl,2400,2800,2,200,2,14018174,1805.301492,1620.167586,maxTimeLimit,120,1545.110737
18,weakenvl,2400,2800,2,200,2,14018174,314.3783984,129.2003686,optimal,120,686.8901019
19,M_Agg,2400,2800,2,200,3,14067117,262.5629311,262.4981017,optimal,-,-
19,TPM,2400,2800,2,200,3,14068492,1821.722974,1820.119721,maxTimeLimit,-,-
19,TPM_m,2400,2800,2,200,3,14067117,1812.437255,1812.25897,maxTimeLimit,-,-
19,FAL,2400,2800,2,200,3,14067117,1810.457967,1809.373709,maxTimeLimit,-,-
19,SHP,2400,2800,2,200,3,14067117,1811.821093,1811.171186,maxTimeLimit,-,-
19,weakl,2400,2800,2,200,3,14067117,220.2061442,42.86737299,optimal,120,1048.330124
19,envl,2400,2800,2,200,3,14067117,735.1465157,557.5803685,optimal,120,1547.45015
19,weakenvl,2400,2800,2,200,3,14067117,239.3673188,61.70351624,optimal,120,1061.823167
20,M_Agg,2400,2800,2,200,4,14150181,1815.917758,1815.850477,maxTimeLimit,-,-
20,TPM,2400,2800,2,200,4,14150181,1840.287212,1838.663472,maxTimeLimit,-,-
20,TPM_m,2400,2800,2,200,4,14150181,1811.923143,1811.739104,maxTimeLimit,-,-
20,FAL,2400,2800,2,200,4,14150181,1821.746711,1820.712211,maxTimeLimit,-,-
20,SHP,2400,2800,2,200,4,14156767,1815.059272,1814.463142,maxTimeLimit,-,-
20,weakl,2400,2800,2,200,4,14150181,339.5392176,158.3569176,optimal,120,1449.679039
20,envl,2400,2800,2,200,4,14150181,1817.773637,1636.282279,maxTimeLimit,120,1821.715775
20,weakenvl,2400,2800,2,200,4,14150181,389.4530641,207.9138875,optimal,120,1453.794615
21,M_Agg,2400,2800,2,300,1,21054557,1833.390383,1833.309877,maxTimeLimit,-,-
21,TPM,2400,2800,2,300,1,21054557,1928.805588,1925.494137,maxTimeLimit,-,-
21,TPM_m,2400,2800,2,300,1,21054557,1814.039701,1813.791898,maxTimeLimit,-,-
21,FAL,2400,2800,2,300,1,21066117,1853.171484,1850.709857,maxTimeLimit,-,-
21,SHP,2400,2800,2,300,1,21063030,1809.926573,1808.20266,maxTimeLimit,-,-
21,weakl,2400,2800,2,300,1,21054557,1805.049054,1504.203936,maxTimeLimit,110,1816.83442
21,envl,2400,2800,2,300,1,21054557,1822.221301,1520.890819,maxTimeLimit,110,1822.228516
21,weakenvl,2400,2800,2,300,1,21054557,1804.361626,1502.965641,maxTimeLimit,110,1808.764524
22,M_Agg,2400,2800,2,300,2,21181442,1827.852324,1827.772229,maxTimeLimit,-,-
22,TPM,2400,2800,2,300,2,21181217,1822.406689,1819.29143,maxTimeLimit,-,-
22,TPM_m,2400,2800,2,300,2,21176802,1812.242371,1811.984849,maxTimeLimit,-,-
22,FAL,2400,2800,2,300,2,21200722,1813.926815,1811.64324,maxTimeLimit,-,-
22,SHP,2400,2800,2,300,2,21187886,1810.910483,1809.532736,maxTimeLimit,-,-
22,weakl,2400,2800,2,300,2,21181442,1828.526079,1524.912225,maxTimeLimit,106,1385.382657
22,envl,2400,2800,2,300,2,21176802,1814.659147,1510.433919,maxTimeLimit,106,1386.617774
22,weakenvl,2400,2800,2,300,2,21176802,1814.110658,1509.857997,maxTimeLimit,106,1377.522679
23,M_Agg,2400,2800,2,300,3,21031649,1841.543361,1841.440807,maxTimeLimit,-,-
23,TPM,2400,2800,2,300,3,21031150,1953.049361,1949.743439,maxTimeLimit,-,-
23,TPM_m,2400,2800,2,300,3,21042294,1812.956931,1812.689504,maxTimeLimit,-,-
23,FAL,2400,2800,2,300,3,21036609,1832.698407,1830.424285,maxTimeLimit,-,-
23,SHP,2400,2800,2,300,3,21042938,1810.316702,1808.92587,maxTimeLimit,-,-
23,weakl,2400,2800,2,300,3,21040564,1825.601807,1522.253692,maxTimeLimit,108,947.4380243
23,envl,2400,2800,2,300,3,21029233,1832.209014,1528.480151,maxTimeLimit,108,952.0785751
23,weakenvl,2400,2800,2,300,3,21030963,1807.25311,1503.464439,maxTimeLimit,108,943.3890021
24,M_Agg,2400,2800,2,300,4,21024974,1824.850456,1824.768623,maxTimeLimit,-,-
24,TPM,2400,2800,2,300,4,21024195,1864.429793,1861.231613,maxTimeLimit,-,-
24,TPM_m,2400,2800,2,300,4,21025196,1812.098464,1811.844298,maxTimeLimit,-,-
24,FAL,2400,2800,2,300,4,21026226,1846.019878,1843.719582,maxTimeLimit,-,-
24,SHP,2400,2800,2,300,4,21036290,1808.496519,1807.042876,maxTimeLimit,-,-
24,weakl,2400,2800,2,300,4,21025273,1808.16074,1507.778179,maxTimeLimit,110,509.2437612
24,envl,2400,2800,2,300,4,21021783,1819.824604,1518.931289,maxTimeLimit,110,512.1509788
24,weakenvl,2400,2800,2,300,4,21026226,1809.3327,1508.379454,maxTimeLimit,110,509.8774925
25,M_Agg,2400,2800,3,90,1,4909605,1.753206968,1.695901632,optimal,-,-
25,TPM,2400,2800,3,90,1,4909605,15.02231693,14.70459914,optimal,-,-
25,TPM_m,2400,2800,3,90,1,4909605,4.8884334,4.783152819,optimal,-,-
25,FAL,2400,2800,3,90,1,4909605,40.30850267,40.07311225,optimal,-,-
25,SHP,2400,2800,3,90,1,4909605,36.07927704,35.92545843,optimal,-,-
25,weakl,2400,2800,3,90,1,4909605,79.24200255,1.717738152,optimal,54,74.95563307
25,envl,2400,2800,3,90,1,4909605,79.77832992,2.219714165,optimal,54,75.145035
25,weakenvl,2400,2800,3,90,1,4909605,79.39424688,1.825616121,optimal,54,75.43433615
26,M_Agg,2400,2800,3,90,2,5096656,2.336058617,2.283174276,optimal,-,-
26,TPM,2400,2800,3,90,2,5096656,20.18357563,19.86914206,optimal,-,-
26,TPM_m,2400,2800,3,90,2,5096656,6.818671479,6.723795176,optimal,-,-
26,FAL,2400,2800,3,90,2,5096656,157.0416064,156.8254042,optimal,-,-
26,SHP,2400,2800,3,90,2,5096656,146.8349631,146.678508,optimal,-,-
26,weakl,2400,2800,3,90,2,5096656,76.74754731,3.012075424,optimal,54,79.54205256
26,envl,2400,2800,3,90,2,5096656,76.50235263,2.734069347,optimal,54,79.73131936
26,weakenvl,2400,2800,3,90,2,5096656,77.57595174,3.796854019,optimal,54,80.05446136
27,M_Agg,2400,2800,3,90,3,5100160,1.90423727,1.861115932,optimal,-,-
27,TPM,2400,2800,3,90,3,5100160,15.92218542,15.57181478,optimal,-,-
27,TPM_m,2400,2800,3,90,3,5100160,4.394268245,4.305480719,optimal,-,-
27,FAL,2400,2800,3,90,3,5100160,621.3850596,621.1528406,optimal,-,-
27,SHP,2400,2800,3,90,3,5100160,61.12304521,60.96065211,optimal,-,-
27,weakl,2400,2800,3,90,3,5100160,72.8247549,2.465662241,optimal,54,84.25405488
27,envl,2400,2800,3,90,3,5100160,72.49862903,2.108962059,optimal,54,84.70874546
27,weakenvl,2400,2800,3,90,3,5100160,73.20707172,2.808349848,optimal,54,84.71907578
28,M_Agg,2400,2800,3,90,4,4985023,2.66428709,2.617829323,optimal,-,-
28,TPM,2400,2800,3,90,4,4985023,18.53063512,18.21017814,optimal,-,-
28,TPM_m,2400,2800,3,90,4,4985023,7.034019662,6.937261581,optimal,-,-
28,FAL,2400,2800,3,90,4,4985023,131.1480238,130.9099662,optimal,-,-
28,SHP,2400,2800,3,90,4,4985023,180.6027224,180.4246531,optimal,-,-
28,weakl,2400,2800,3,90,4,4985075,71.00822752,2.354863882,optimal,54,88.48738207
28,envl,2400,2800,3,90,4,4985023,71.80082839,3.129617691,optimal,54,89.96732279
28,weakenvl,2400,2800,3,90,4,4985023,71.56007427,2.884531021,optimal,54,88.98482313
29,M_Agg,2400,2800,3,100,1,5560226,2.135762215,2.091297626,optimal,-,-
29,TPM,2400,2800,3,100,1,5560226,20.77744365,20.35443592,optimal,-,-
29,TPM_m,2400,2800,3,100,1,5560226,5.271710567,5.166508436,optimal,-,-
29,FAL,2400,2800,3,100,1,5560226,1824.742878,1824.337629,maxTimeLimit,-,-
29,SHP,2400,2800,3,100,1,5560226,141.616339,141.4296081,optimal,-,-
29,weakl,2400,2800,3,100,1,5560226,97.58768052,2.68265295,optimal,60,96.42113365
29,envl,2400,2800,3,100,1,5560226,98.12346739,3.179877758,optimal,60,97.74088706
29,weakenvl,2400,2800,3,100,1,5560226,97.8747477,2.921239614,optimal,60,96.75620832
30,M_Agg,2400,2800,3,100,2,5693716,3.080906868,3.027151108,optimal,-,-
30,TPM,2400,2800,3,100,2,5693716,50.96513844,50.5610671,optimal,-,-
30,TPM_m,2400,2800,3,100,2,5693716,7.74364583,7.647551775,optimal,-,-
30,FAL,2400,2800,3,100,2,5693716,269.885999,269.6230795,optimal,-,-
30,SHP,2400,2800,3,100,2,5693716,1345.237407,1345.043715,optimal,-,-
30,weakl,2400,2800,3,100,2,5693716,95.5955566,3.805714846,optimal,60,103.9771896
30,envl,2400,2800,3,100,2,5693716,96.41205702,4.587524414,optimal,60,124.023295
30,weakenvl,2400,2800,3,100,2,5693716,96.23440943,4.394849777,optimal,60,105.7339921
31,M_Agg,2400,2800,3,100,3,5654253,5.370209694,5.325231552,optimal,-,-
31,TPM,2400,2800,3,100,3,5654253,84.98674297,84.57662964,optimal,-,-
31,TPM_m,2400,2800,3,100,3,5654253,8.355421821,8.252968073,optimal,-,-
31,FAL,2400,2800,3,100,3,5654253,1857.898104,1857.622725,maxTimeLimit,-,-
31,SHP,2400,2800,3,100,3,5654253,1262.079381,1261.893803,optimal,-,-
31,weakl,2400,2800,3,100,3,5654253,89.75806365,2.849407673,optimal,60,113.6314274
31,envl,2400,2800,3,100,3,5654253,93.53293834,6.58822608,optimal,60,136.7568092
31,weakenvl,2400,2800,3,100,3,5654253,90.27006111,3.316003799,optimal,60,115.8003454
32,M_Agg,2400,2800,3,100,4,5685316,1.851827145,1.802242041,optimal,-,-
32,TPM,2400,2800,3,100,4,5685316,17.33677363,16.97264004,optimal,-,-
32,TPM_m,2400,2800,3,100,4,5685316,4.990436622,4.891373396,optimal,-,-
32,FAL,2400,2800,3,100,4,5685316,88.34181452,88.07869959,optimal,-,-
32,SHP,2400,2800,3,100,4,5685316,225.799006,225.6169713,optimal,-,-
32,weakl,2400,2800,3,100,4,5685316,102.7432338,2.888413668,optimal,60,123.7683094
32,envl,2400,2800,3,100,4,5685316,102.8950855,3.011906147,optimal,60,146.7339205
32,weakenvl,2400,2800,3,100,4,5685316,102.645615,2.726672888,optimal,60,125.927736
33,M_Agg,2400,2800,3,120,1,6884439,35.68321776,35.62752318,optimal,-,-
33,TPM,2400,2800,3,120,1,6886109,1834.346158,1833.841875,maxTimeLimit,-,-
33,TPM_m,2400,2800,3,120,1,6884439,89.00979281,88.89401388,optimal,-,-
33,FAL,2400,2800,3,120,1,6884439,1875.410382,1875.031364,maxTimeLimit,-,-
33,SHP,2400,2800,3,120,1,6884438.998,1819.459225,1819.193412,maxTimeLimit,-,-
33,weakl,2400,2800,3,120,1,6884439,127.8119044,7.668987989,optimal,72,132.6659994
33,envl,2400,2800,3,120,1,6884439,203.253099,82.98331904,optimal,72,158.4406072
33,weakenvl,2400,2800,3,120,1,6884439,133.7858827,13.49945855,optimal,72,135.1728698
34,M_Agg,2400,2800,3,120,2,6826155,21.26118922,21.20603728,optimal,-,-
34,TPM,2400,2800,3,120,2,6826155,262.3881266,261.8953745,optimal,-,-
34,TPM_m,2400,2800,3,120,2,6826155,41.007227,40.8878808,optimal,-,-
34,FAL,2400,2800,3,120,2,6830846,1858.879643,1858.500656,maxTimeLimit,-,-
34,SHP,2400,2800,3,120,2,6830846,1819.508657,1819.237976,maxTimeLimit,-,-
34,weakl,2400,2800,3,120,2,6826155,134.2125075,9.964785337,optimal,72,152.585697
34,envl,2400,2800,3,120,2,6826155,147.3461141,23.05418301,optimal,72,160.0915926
34,weakenvl,2400,2800,3,120,2,6826155,136.4998228,12.14584875,optimal,72,155.4637792
35,M_Agg,2400,2800,3,120,3,6666415,4.918414831,4.866936207,optimal,-,-
35,TPM,2400,2800,3,120,3,6666415,59.80310559,59.30141187,optimal,-,-
35,TPM_m,2400,2800,3,120,3,6666415,10.57500898,10.45310163,optimal,-,-
35,FAL,2400,2800,3,120,3,6666415,1878.979095,1878.613671,maxTimeLimit,-,-
35,SHP,2400,2800,3,120,3,6666414.999,1820.12963,1819.88259,maxTimeLimit,-,-
35,weakl,2400,2800,3,120,3,6666415,130.3055917,4.020714045,optimal,72,173.2511161
35,envl,2400,2800,3,120,3,6666415,133.4413833,7.103886604,optimal,72,189.0156128
35,weakenvl,2400,2800,3,120,3,6666415,130.7796234,4.418035746,optimal,72,175.9282942
36,M_Agg,2400,2800,3,120,4,6631603,15.41284466,15.36689734,optimal,-,-
36,TPM,2400,2800,3,120,4,6631603,118.3670719,117.8462253,optimal,-,-
36,TPM_m,2400,2800,3,120,4,6631603,9.814913396,9.700402021,optimal,-,-
36,FAL,2400,2800,3,120,4,6631603,1829.695497,1829.28332,maxTimeLimit,-,-
36,SHP,2400,2800,3,120,4,6631602.999,1818.269902,1818.009893,maxTimeLimit,-,-
36,weakl,2400,2800,3,120,4,6631603,138.3339941,5.578213215,optimal,72,191.7008461
36,envl,2400,2800,3,120,4,6631603,149.7218322,16.88790131,optimal,72,218.1540738
36,weakenvl,2400,2800,3,120,4,6631603,139.6261501,6.767347336,optimal,72,196.9537155
37,M_Agg,2400,2800,3,150,1,8278202,3.799876213,3.748260736,optimal,-,-
37,TPM,2400,2800,3,150,1,8278202,106.8003178,105.977113,optimal,-,-
37,TPM_m,2400,2800,3,150,1,8278202,12.54182934,12.41264367,optimal,-,-
37,FAL,2400,2800,3,150,1,8278202,1860.050499,1859.477099,maxTimeLimit,-,-
37,SHP,2400,2800,3,150,1,8278202,1818.785832,1818.434779,maxTimeLimit,-,-
37,weakl,2400,2800,3,150,1,8278202,207.4906948,7.918886185,optimal,90,211.7334638
37,envl,2400,2800,3,150,1,8278202,209.8570407,10.17329764,optimal,90,244.7785403
37,weakenvl,2400,2800,3,150,1,8278202,214.9495206,15.21203732,optimal,90,219.7286524
38,M_Agg,2400,2800,3,150,2,8447781,12.93572569,12.88546228,optimal,-,-
38,TPM,2400,2800,3,150,2,8447781,137.8524566,137.0748312,optimal,-,-
38,TPM_m,2400,2800,3,150,2,8447781,14.73785364,14.58873272,optimal,-,-
38,FAL,2400,2800,3,150,2,8447781,1855.889395,1855.269515,maxTimeLimit,-,-
38,SHP,2400,2800,3,150,2,8447781,1821.43823,1821.066283,maxTimeLimit,-,-
38,weakl,2400,2800,3,150,2,8447781,216.8741838,11.36672044,optimal,90,247.2591909
38,envl,2400,2800,3,150,2,8447781,263.0421952,57.4152925,optimal,90,295.5968439
38,weakenvl,2400,2800,3,150,2,8447781,218.3578829,12.7020638,optimal,90,259.9333575
39,M_Agg,2400,2800,3,150,3,8361105,31.01578307,30.96375656,optimal,-,-
39,TPM,2400,2800,3,150,3,8361105,529.2142291,528.410851,optimal,-,-
39,TPM_m,2400,2800,3,150,3,8361105,55.96591849,55.809659,optimal,-,-
39,FAL,2400,2800,3,150,3,8361105,1845.900783,1845.278129,maxTimeLimit,-,-
39,SHP,2400,2800,3,150,3,8361105,1818.528638,1818.168034,maxTimeLimit,-,-
39,weakl,2400,2800,3,150,3,8361105,204.1045116,13.76825666,optimal,90,302.8232691
39,envl,2400,2800,3,150,3,8361105,249.9952272,59.52045107,optimal,90,526.5446202
39,weakenvl,2400,2800,3,150,3,8361105,214.8813085,24.37213659,optimal,90,301.1243516
40,M_Agg,2400,2800,3,150,4,8505891,37.64678574,37.58618903,optimal,-,-
40,TPM,2400,2800,3,150,4,8505891,467.795078,466.8896196,optimal,-,-
40,TPM_m,2400,2800,3,150,4,8505891,83.37583529,83.22594929,optimal,-,-
40,FAL,2400,2800,3,150,4,8515793,1866.597999,1865.99888,maxTimeLimit,-,-
40,SHP,2400,2800,3,150,4,8505890.999,1816.460543,1816.107293,maxTimeLimit,-,-
40,weakl,2400,2800,3,150,4,8505891.01,218.4644648,11.20467877,optimal,90,356.213974
40,envl,2400,2800,3,150,4,8505891,256.2196981,48.83845091,optimal,90,838.5343366
40,weakenvl,2400,2800,3,150,4,8505891,230.7258977,23.31206703,optimal,90,421.0943877
41,M_Agg,2400,2800,3,200,1,11132046,56.0806036,56.02276134,optimal,-,-
41,TPM,2400,2800,3,200,1,11132046,1820.519439,1819.131788,maxTimeLimit,-,-
41,TPM_m,2400,2800,3,200,1,11132046,96.95880151,96.77828765,optimal,-,-
41,FAL,2400,2800,3,200,1,11132046,1824.202144,1823.238531,maxTimeLimit,-,-
41,SHP,2400,2800,3,200,1,11133444,1815.086977,1814.457314,maxTimeLimit,-,-
41,weakl,2400,2800,3,200,1,11132046,349.5936032,47.10387778,optimal,89,394.8818214
41,envl,2400,2800,3,200,1,11132046,413.1302551,110.4701886,optimal,89,901.1717697
41,weakenvl,2400,2800,3,200,1,11132046,375.7683409,73.07723188,optimal,89,464.4366485
42,M_Agg,2400,2800,3,200,2,11266671,1427.94626,1427.880584,optimal,-,-
42,TPM,2400,2800,3,200,2,11266671,1828.826364,1827.410296,maxTimeLimit,-,-
42,TPM_m,2400,2800,3,200,2,11266671,231.991387,231.8169689,optimal,-,-
42,FAL,2400,2800,3,200,2,11266908,1811.247689,1810.133465,maxTimeLimit,-,-
42,SHP,2400,2800,3,200,2,11266671,1817.712027,1817.08831,maxTimeLimit,-,-
42,weakl,2400,2800,3,200,2,11266671,439.1304966,137.4149909,optimal,85,764.3789486
42,envl,2400,2800,3,200,2,11266671,1186.8333,884.9116449,optimal,85,1258.331751
42,weakenvl,2400,2800,3,200,2,11266671,383.1218594,81.19786596,optimal,85,827.5411219
43,M_Agg,2400,2800,3,200,3,11228877,1172.774537,1172.709437,optimal,-,-
43,TPM,2400,2800,3,200,3,11231845,1832.343204,1830.989871,maxTimeLimit,-,-
43,TPM_m,2400,2800,3,200,3,11228877,490.3252452,490.1446016,optimal,-,-
43,FAL,2400,2800,3,200,3,11248467,1833.8314,1832.837272,maxTimeLimit,-,-
43,SHP,2400,2800,3,200,3,11234130,1815.372159,1814.760988,maxTimeLimit,-,-
43,weakl,2400,2800,3,200,3,11228877,417.6673315,115.7961609,optimal,77,1106.253742
43,envl,2400,2800,3,200,3,11228877,1497.954093,1195.89595,optimal,77,1413.927329
43,weakenvl,2400,2800,3,200,3,11228877,694.7614529,392.690484,optimal,77,1183.836309
44,M_Agg,2400,2800,3,200,4,11266166,156.7515669,156.6896012,optimal,-,-
44,TPM,2400,2800,3,200,4,11269359,1834.74334,1833.365537,maxTimeLimit,-,-
44,TPM_m,2400,2800,3,200,4,11266166,178.589577,178.4041333,optimal,-,-
44,FAL,2400,2800,3,200,4,11276467,1833.13027,1832.122827,maxTimeLimit,-,-
44,SHP,2400,2800,3,200,4,11269359,1814.956339,1814.301311,maxTimeLimit,-,-
44,weakl,2400,2800,3,200,4,11266166,373.1358544,71.78679204,optimal,84,1459.412119
44,envl,2400,2800,3,200,4,11266166,506.7694303,205.2260659,optimal,84,1499.180383
44,weakenvl,2400,2800,3,200,4,11266166,404.0949406,102.5250769,optimal,84,1468.469751
45,M_Agg,2400,2800,3,300,1,16760637,1832.826421,1832.750233,maxTimeLimit,-,-
45,TPM,2400,2800,3,300,1,16760637,1879.759521,1876.526349,maxTimeLimit,-,-
45,TPM_m,2400,2800,3,300,1,16759272,1811.628964,1811.368811,maxTimeLimit,-,-
45,FAL,2400,2800,3,300,1,16760637,1816.448906,1814.199626,maxTimeLimit,-,-
45,SHP,2400,2800,3,300,1,16764074,1810.965881,1809.654495,maxTimeLimit,-,-
45,weakl,2400,2800,3,300,1,16767422,1827.582112,1524.928131,maxTimeLimit,62,1819.08058
45,envl,2400,2800,3,300,1,16760637,1841.770179,1538.798836,maxTimeLimit,62,1831.754449
45,weakenvl,2400,2800,3,300,1,16760637,1828.186235,1525.190925,maxTimeLimit,62,1822.432944
46,M_Agg,2400,2800,3,300,2,16713720,1810.028923,1809.954973,maxTimeLimit,-,-
46,TPM,2400,2800,3,300,2,16723190,1829.873232,1826.623303,maxTimeLimit,-,-
46,TPM_m,2400,2800,3,300,2,16713720,594.0437709,593.7735226,optimal,-,-
46,FAL,2400,2800,3,300,2,16741439,1853.263749,1851.017467,maxTimeLimit,-,-
46,SHP,2400,2800,3,300,2,16724393,1812.270888,1810.864765,maxTimeLimit,-,-
46,weakl,2400,2800,3,300,2,16713720,1806.62967,1500.244191,maxTimeLimit,63,1396.465509
46,envl,2400,2800,3,300,2,16713720,1809.215615,1502.525101,maxTimeLimit,63,1405.54441
46,weakenvl,2400,2800,3,300,2,16713720,1808.302608,1501.597307,maxTimeLimit,63,1399.627438
47,M_Agg,2400,2800,3,300,3,17040819,1829.381619,1829.299829,maxTimeLimit,-,-
47,TPM,2400,2800,3,300,3,17042876,1842.707274,1839.376415,maxTimeLimit,-,-
47,TPM_m,2400,2800,3,300,3,17029761,1810.021982,1809.736586,maxTimeLimit,-,-
47,FAL,2400,2800,3,300,3,17029761,1883.99068,1881.44913,maxTimeLimit,-,-
47,SHP,2400,2800,3,300,3,17093928,1812.035566,1810.460387,maxTimeLimit,-,-
47,weakl,2400,2800,3,300,3,17029444,1830.300841,1527.952381,maxTimeLimit,62,978.7897074
47,envl,2400,2800,3,300,3,17029444,1838.966308,1536.226659,maxTimeLimit,62,987.1516554
47,weakenvl,2400,2800,3,300,3,17029761,1833.295221,1530.548088,maxTimeLimit,62,981.7958794
48,M_Agg,2400,2800,3,300,4,16890642,1831.30669,1831.224457,maxTimeLimit,-,-
48,TPM,2400,2800,3,300,4,16877436,1826.993872,1823.348078,maxTimeLimit,-,-
48,TPM_m,2400,2800,3,300,4,16871767,1805.179368,1804.902477,maxTimeLimit,-,-
48,FAL,2400,2800,3,300,4,16885951,1871.40116,1869.126208,maxTimeLimit,-,-
48,SHP,2400,2800,3,300,4,16871767,1812.559561,1811.09629,maxTimeLimit,-,-
48,weakl,2400,2800,3,300,4,16871767,1811.809697,1506.27396,maxTimeLimit,63,559.5292841
48,envl,2400,2800,3,300,4,16871767,1837.065693,1531.174528,maxTimeLimit,63,565.6778527
48,weakenvl,2400,2800,3,300,4,16876143,1819.94771,1514.05205,maxTimeLimit,63,561.9572566
49,M_Agg,2400,2800,5,90,1,4328619,2.153377533,2.085033894,optimal,-,-
49,TPM,2400,2800,5,90,1,4328619,5.37029314,5.063000441,optimal,-,-
49,TPM_m,2400,2800,5,90,1,4328619,1.588860374,1.485808611,optimal,-,-
49,FAL,2400,2800,5,90,1,4328619,11.1602931,10.94523907,optimal,-,-
49,SHP,2400,2800,5,90,1,4328619,7.257329941,7.100785971,optimal,-,-
49,weakl,2400,2800,5,90,1,4328619,137.1218289,2.317662001,optimal,54,142.9452525
49,envl,2400,2800,5,90,1,4328619,136.9300226,2.087309599,optimal,54,142.6850261
49,weakenvl,2400,2800,5,90,1,4328619,136.9642135,2.113321304,optimal,54,143.3684689
50,M_Agg,2400,2800,5,90,2,4249874,1.549613953,1.476114511,optimal,-,-
50,TPM,2400,2800,5,90,2,4249874,3.805588484,3.456403732,optimal,-,-
50,TPM_m,2400,2800,5,90,2,4249874,1.110971587,1.005877495,optimal,-,-
50,FAL,2400,2800,5,90,2,4249874,5.719623327,5.469631433,optimal,-,-
50,SHP,2400,2800,5,90,2,4249874,7.844467402,7.685488701,optimal,-,-
50,weakl,2400,2800,5,90,2,4249874,135.9264625,1.501410246,optimal,54,153.686799
50,envl,2400,2800,5,90,2,4249874,135.6445984,1.201333523,optimal,54,153.3418571
50,weakenvl,2400,2800,5,90,2,4249874,136.9763724,2.521642208,optimal,54,154.2101196
51,M_Agg,2400,2800,5,90,3,4344497,1.632653236,1.583941698,optimal,-,-
51,TPM,2400,2800,5,90,3,4344497,4.289920568,3.98225832,optimal,-,-
51,TPM_m,2400,2800,5,90,3,4344497,1.469475328,1.368300915,optimal,-,-
51,FAL,2400,2800,5,90,3,4344497,8.376788139,8.141714334,optimal,-,-
51,SHP,2400,2800,5,90,3,4344497,7.256236076,7.099337101,optimal,-,-
51,weakl,2400,2800,5,90,3,4344497,153.2591479,2.005242825,optimal,54,162.1478821
51,envl,2400,2800,5,90,3,4344497,153.0710969,1.77840519,optimal,54,161.7317973
51,weakenvl,2400,2800,5,90,3,4344497,153.9407304,2.653750181,optimal,54,162.5526189
52,M_Agg,2400,2800,5,90,4,4337791,1.010400772,0.949818373,optimal,-,-
52,TPM,2400,2800,5,90,4,4337791,3.449211359,3.135293961,optimal,-,-
52,TPM_m,2400,2800,5,90,4,4337791,1.210163019,1.104010105,optimal,-,-
52,FAL,2400,2800,5,90,4,4337791,7.872730017,7.652337551,optimal,-,-
52,SHP,2400,2800,5,90,4,4337791,3.602492809,3.452769756,optimal,-,-
52,weakl,2400,2800,5,90,4,4337791,145.4735704,1.425629616,optimal,54,168.0413824
52,envl,2400,2800,5,90,4,4337791,145.0943864,1.003786802,optimal,54,167.5032236
52,weakenvl,2400,2800,5,90,4,4337791,145.5925594,1.50236249,optimal,54,168.1893887
53,M_Agg,2400,2800,5,100,1,4850197,0.925813198,0.868076324,optimal,-,-
53,TPM,2400,2800,5,100,1,4850197,4.013070583,3.65219903,optimal,-,-
53,TPM_m,2400,2800,5,100,1,4850197,1.118020939,0.992124796,optimal,-,-
53,FAL,2400,2800,5,100,1,4850197,5.464967728,5.192114115,optimal,-,-
53,SHP,2400,2800,5,100,1,4850197,3.242563963,3.065600395,optimal,-,-
53,weakl,2400,2800,5,100,1,4850197,180.0880152,1.641130924,optimal,60,178.2763749
53,envl,2400,2800,5,100,1,4850197,179.5573465,1.075264215,optimal,60,177.7372786
53,weakenvl,2400,2800,5,100,1,4850197,180.3308164,1.827154398,optimal,60,178.4853254
54,M_Agg,2400,2800,5,100,2,4837047,1.860848427,1.802621603,optimal,-,-
54,TPM,2400,2800,5,100,2,4837047,14.88302755,14.51135635,optimal,-,-
54,TPM_m,2400,2800,5,100,2,4837047,2.360188666,2.236529112,optimal,-,-
54,FAL,2400,2800,5,100,2,4837047,15.22218871,14.95479846,optimal,-,-
54,SHP,2400,2800,5,100,2,4837047,10.48911476,10.29881287,optimal,-,-
54,weakl,2400,2800,5,100,2,4837047,169.7707948,3.345671415,optimal,60,196.0750442
54,envl,2400,2800,5,100,2,4837047,169.2043592,2.752412558,optimal,60,195.8246775
54,weakenvl,2400,2800,5,100,2,4837047,170.3463692,3.893760204,optimal,60,196.4129009
55,M_Agg,2400,2800,5,100,3,4716580,2.243209839,2.181198597,optimal,-,-
55,TPM,2400,2800,5,100,3,4716579.987,15.59917712,15.1701231,optimal,-,-
55,TPM_m,2400,2800,5,100,3,4716580,3.17219783,2.947663069,optimal,-,-
55,FAL,2400,2800,5,100,3,4716580,16.14835644,15.87265062,optimal,-,-
55,SHP,2400,2800,5,100,3,4716580,11.73582244,11.48104715,optimal,-,-
55,weakl,2400,2800,5,100,3,4716580,176.833149,3.567258358,optimal,60,217.3340624
55,envl,2400,2800,5,100,3,4716580,176.1568024,2.851542234,optimal,60,216.9813757
55,weakenvl,2400,2800,5,100,3,4716580,176.4878097,3.149768353,optimal,60,217.716444
56,M_Agg,2400,2800,5,100,4,4710599,0.606231928,0.555691719,optimal,-,-
56,TPM,2400,2800,5,100,4,4710599,3.424025536,2.944857359,optimal,-,-
56,TPM_m,2400,2800,5,100,4,4710599,1.199125448,1.077433348,optimal,-,-
56,FAL,2400,2800,5,100,4,4710599,2.855060816,2.558641911,optimal,-,-
56,SHP,2400,2800,5,100,4,4710599,2.212117672,2.023353577,optimal,-,-
56,weakl,2400,2800,5,100,4,4710599,186.4135406,1.198331356,optimal,60,242.3563977
56,envl,2400,2800,5,100,4,4710599,186.0306063,0.771739721,optimal,60,241.808872
56,weakenvl,2400,2800,5,100,4,4710599,186.7763062,1.49793148,optimal,60,243.0681701
57,M_Agg,2400,2800,5,120,1,5712404,2.637205124,2.574567556,optimal,-,-
57,TPM,2400,2800,5,120,1,5712403.997,21.82100677,21.14674568,optimal,-,-
57,TPM_m,2400,2800,5,120,1,5712404,2.87812329,2.740384817,optimal,-,-
57,FAL,2400,2800,5,120,1,5712404,36.9687705,36.55996013,optimal,-,-
57,SHP,2400,2800,5,120,1,5712404,21.32508302,21.08401346,optimal,-,-
57,weakl,2400,2800,5,120,1,5712404,251.2826925,4.809686422,optimal,72,260.336963
57,envl,2400,2800,5,120,1,5712404,251.9069422,5.366947651,optimal,72,260.3111235
57,weakenvl,2400,2800,5,120,1,5712404,252.0411184,5.487591505,optimal,72,261.6761397
58,M_Agg,2400,2800,5,120,2,5700713,2.381042242,2.329607248,optimal,-,-
58,TPM,2400,2800,5,120,2,5700713,19.98571944,19.42649674,optimal,-,-
58,TPM_m,2400,2800,5,120,2,5700713,2.755020784,2.620367527,optimal,-,-
58,FAL,2400,2800,5,120,2,5700713,25.58450174,25.2032361,optimal,-,-
58,SHP,2400,2800,5,120,2,5700713,14.45793533,14.19386005,optimal,-,-
58,weakl,2400,2800,5,120,2,5700713,254.8068676,4.194289446,optimal,72,273.9645444
58,envl,2400,2800,5,120,2,5700713,253.831152,3.196808815,optimal,72,274.1583675
58,weakenvl,2400,2800,5,120,2,5700713,255.5605419,4.8989079,optimal,72,275.594675
59,M_Agg,2400,2800,5,120,3,5757767,2.585160732,2.523305655,optimal,-,-
59,TPM,2400,2800,5,120,3,5757767,22.11527157,21.54018235,optimal,-,-
59,TPM_m,2400,2800,5,120,3,5757767,4.97022873,4.821616411,optimal,-,-
59,FAL,2400,2800,5,120,3,5757767,41.33536053,40.92269778,optimal,-,-
59,SHP,2400,2800,5,120,3,5757767,23.63960671,23.33767414,optimal,-,-
59,weakl,2400,2800,5,120,3,5757767,276.9224902,6.717973709,optimal,72,287.3275888
59,envl,2400,2800,5,120,3,5757767,275.4667874,5.207833529,optimal,72,288.0572445
59,weakenvl,2400,2800,5,120,3,5757767,277.8947139,7.615548849,optimal,72,289.3472058
60,M_Agg,2400,2800,5,120,4,5812918,2.380453825,2.320659161,optimal,-,-
60,TPM,2400,2800,5,120,4,5812918,8.121278763,7.582396507,optimal,-,-
60,TPM_m,2400,2800,5,120,4,5812918,2.363829235,2.224268675,optimal,-,-
60,FAL,2400,2800,5,120,4,5812918,26.76462221,26.26203394,optimal,-,-
60,SHP,2400,2800,5,120,4,5812918,16.69771791,16.44954252,optimal,-,-
60,weakl,2400,2800,5,120,4,5812918,258.3358018,3.469280481,optimal,72,294.8263756
60,envl,2400,2800,5,120,4,5812918,260.0396125,5.11136198,optimal,72,296.3972598
60,weakenvl,2400,2800,5,120,4,5812918,261.2081847,6.258580685,optimal,72,296.9600686
61,M_Agg,2400,2800,5,150,1,7142846,3.950554609,3.887212753,optimal,-,-
61,TPM,2400,2800,5,150,1,7142846,33.37713981,32.40735722,optimal,-,-
61,TPM_m,2400,2800,5,150,1,7142846,9.920927124,9.758831501,optimal,-,-
61,FAL,2400,2800,5,150,1,7142846,895.6607051,895.0452764,optimal,-,-
61,SHP,2400,2800,5,150,1,7142846,371.8001866,371.4248202,optimal,-,-
61,weakl,2400,2800,5,150,1,7142846,305.793018,4.907950401,optimal,51,307.726665
61,envl,2400,2800,5,150,1,7142846,307.2959181,6.310585976,optimal,51,309.8598529
61,weakenvl,2400,2800,5,150,1,7142846,307.7152594,6.716401339,optimal,51,309.666768
62,M_Agg,2400,2800,5,150,2,7206951,3.455558062,3.391959667,optimal,-,-
62,TPM,2400,2800,5,150,2,7206951,36.70891333,35.82948089,optimal,-,-
62,TPM_m,2400,2800,5,150,2,7206951,9.682267683,9.491614819,optimal,-,-
62,FAL,2400,2800,5,150,2,7206951,311.2283905,310.6240783,optimal,-,-
62,SHP,2400,2800,5,150,2,7206951,230.8633831,230.4873843,optimal,-,-
62,weakl,2400,2800,5,150,2,7206951,308.2590451,4.82040596,optimal,50,309.7413222
62,envl,2400,2800,5,150,2,7206951,309.42666,5.900449991,optimal,50,312.3658265
62,weakenvl,2400,2800,5,150,2,7206951,310.5706653,7.033246756,optimal,50,312.0340959
63,M_Agg,2400,2800,5,150,3,7034799,2.259759188,2.20311141,optimal,-,-
63,TPM,2400,2800,5,150,3,7034799,13.16253662,12.32311606,optimal,-,-
63,TPM_m,2400,2800,5,150,3,7034799,1.960352613,1.801448822,optimal,-,-
63,FAL,2400,2800,5,150,3,7034799,38.88709641,38.32556605,optimal,-,-
63,SHP,2400,2800,5,150,3,7034799,20.25348902,19.85500717,optimal,-,-
63,weakl,2400,2800,5,150,3,7034799,306.9176376,3.446006536,optimal,53,308.8304763
63,envl,2400,2800,5,150,3,7034799,308.8268485,5.201040983,optimal,53,311.090403
63,weakenvl,2400,2800,5,150,3,7034799,308.3461652,4.702243328,optimal,53,310.5602129
64,M_Agg,2400,2800,5,150,4,7235727,3.178593874,3.106760263,optimal,-,-
64,TPM,2400,2800,5,150,4,7235727,33.38761234,32.50478411,optimal,-,-
64,TPM_m,2400,2800,5,150,4,7235727,8.933953375,8.780338287,optimal,-,-
64,FAL,2400,2800,5,150,4,7235727,312.8289011,312.2164268,optimal,-,-
64,SHP,2400,2800,5,150,4,7235727,100.728842,100.2532229,optimal,-,-
64,weakl,2400,2800,5,150,4,7235727,309.9369592,4.654134035,optimal,46,308.9029652
64,envl,2400,2800,5,150,4,7235727,313.8899851,8.456499815,optimal,46,310.6627701
64,weakenvl,2400,2800,5,150,4,7235727,312.0349822,6.603337049,optimal,46,310.3745849
65,M_Agg,2400,2800,5,200,1,9702880,6.772927523,6.698118448,optimal,-,-
65,TPM,2400,2800,5,200,1,9702880,60.3009913,58.7537837,optimal,-,-
65,TPM_m,2400,2800,5,200,1,9702880,15.59544729,15.37831426,optimal,-,-
65,FAL,2400,2800,5,200,1,9704149,1819.371703,1818.209469,maxTimeLimit,-,-
65,SHP,2400,2800,5,200,1,9702880,981.8472764,981.2273767,optimal,-,-
65,weakl,2400,2800,5,200,1,9702880,313.8516467,4.630899668,optimal,34,308.0282112
65,envl,2400,2800,5,200,1,9702880,317.3198126,7.895248175,optimal,34,309.0449834
65,weakenvl,2400,2800,5,200,1,9702880,317.1845709,7.746886969,optimal,34,309.379184
66,M_Agg,2400,2800,5,200,2,9484796,2.768857718,2.698477745,optimal,-,-
66,TPM,2400,2800,5,200,2,9484796,38.51904321,37.02675366,optimal,-,-
66,TPM_m,2400,2800,5,200,2,9484796,3.720121697,3.538069725,optimal,-,-
66,FAL,2400,2800,5,200,2,9484796,108.8587105,107.7635963,optimal,-,-
66,SHP,2400,2800,5,200,2,9484796,43.15704107,42.51107717,optimal,-,-
66,weakl,2400,2800,5,200,2,9484796,304.6156616,3.770690441,optimal,37,308.3437878
66,envl,2400,2800,5,200,2,9484796,304.3249657,3.353082418,optimal,37,308.606758
66,weakenvl,2400,2800,5,200,2,9484796,304.6751335,3.705589533,optimal,37,309.8354097
67,M_Agg,2400,2800,5,200,3,9520099,3.630885839,3.57010746,optimal,-,-
67,TPM,2400,2800,5,200,3,9520099,51.07403636,49.66391683,optimal,-,-
67,TPM_m,2400,2800,5,200,3,9520098.993,10.90857841,10.70580506,optimal,-,-
67,FAL,2400,2800,5,200,3,9520883,1829.499059,1828.260454,maxTimeLimit,-,-
67,SHP,2400,2800,5,200,3,9520099,1312.11767,1311.491476,optimal,-,-
67,weakl,2400,2800,5,200,3,9520099,307.2075932,4.637761116,optimal,36,323.1408199
67,envl,2400,2800,5,200,3,9520099,307.116317,4.381222248,optimal,36,325.776115
67,weakenvl,2400,2800,5,200,3,9520099,307.6036529,4.861400127,optimal,36,325.7086603
68,M_Agg,2400,2800,5,200,4,9535643,4.531569242,4.473213911,optimal,-,-
68,TPM,2400,2800,5,200,4,9535643,50.29376602,48.88020754,optimal,-,-
68,TPM_m,2400,2800,5,200,4,9535643,11.82589377,11.46916056,optimal,-,-
68,FAL,2400,2800,5,200,4,9535643,1825.829545,1824.763165,maxTimeLimit,-,-
68,SHP,2400,2800,5,200,4,9535643,731.8075864,731.1742208,optimal,-,-
68,weakl,2400,2800,5,200,4,9535643,306.4379431,5.000160694,optimal,38,324.9492106
68,envl,2400,2800,5,200,4,9535643,307.4188381,5.862251282,optimal,38,328.5278706
68,weakenvl,2400,2800,5,200,4,9535643,308.0533787,6.472620487,optimal,38,327.5577204
69,M_Agg,2400,2800,5,300,1,14283904,10.04618144,9.972448826,optimal,-,-
69,TPM,2400,2800,5,300,1,14283904,136.9008727,133.6517134,optimal,-,-
69,TPM_m,2400,2800,5,300,1,14283904,15.17281039,14.8985424,optimal,-,-
69,FAL,2400,2800,5,300,1,14286399,1822.886733,1820.395503,maxTimeLimit,-,-
69,SHP,2400,2800,5,300,1,14283904,1810.676356,1808.939479,maxTimeLimit,-,-
69,weakl,2400,2800,5,300,1,14283904,315.1139534,7.995589733,optimal,35,335.3662669
69,envl,2400,2800,5,300,1,14283904,315.5669113,8.182406425,optimal,35,353.9615202
69,weakenvl,2400,2800,5,300,1,14283904,319.0094736,11.62154555,optimal,35,345.7662994
70,M_Agg,2400,2800,5,300,2,14282189,41.36949015,41.29456973,optimal,-,-
70,TPM,2400,2800,5,300,2,14282189,367.1351862,363.6080258,optimal,-,-
70,TPM_m,2400,2800,5,300,2,14282189,18.91675497,18.6303308,optimal,-,-
70,FAL,2400,2800,5,300,2,14286323,1826.790621,1824.230082,maxTimeLimit,-,-
70,SHP,2400,2800,5,300,2,14282189,1811.646466,1809.995144,maxTimeLimit,-,-
70,weakl,2400,2800,5,300,2,14282189,363.8037901,53.19679976,optimal,36,546.2160469
70,envl,2400,2800,5,300,2,14282189,373.0023938,62.16855812,optimal,36,494.8325853
70,weakenvl,2400,2800,5,300,2,14282189,368.1681359,57.32206178,optimal,36,388.3944388
71,M_Agg,2400,2800,5,300,3,14229744,8.423438787,8.34965682,optimal,-,-
71,TPM,2400,2800,5,300,3,14229744,100.9075851,97.59287262,optimal,-,-
71,TPM_m,2400,2800,5,300,3,14229744,13.10175067,12.83213425,optimal,-,-
71,FAL,2400,2800,5,300,3,14232675,1823.065049,1820.426656,maxTimeLimit,-,-
71,SHP,2400,2800,5,300,3,14229744,1810.82953,1809.445698,maxTimeLimit,-,-
71,weakl,2400,2800,5,300,3,14229744,314.4411556,9.3696661,optimal,35,562.5751367
71,envl,2400,2800,5,300,3,14229744,318.1233391,12.78367829,optimal,35,500.6460847
71,weakenvl,2400,2800,5,300,3,14229744,314.9998934,9.653514147,optimal,35,464.4916096
72,M_Agg,2400,2800,5,300,4,14318208,32.95046473,32.87037611,optimal,-,-
72,TPM,2400,2800,5,300,4,14318208,211.3336353,207.9452233,optimal,-,-
72,TPM_m,2400,2800,5,300,4,14318208,16.27473851,16.00646544,optimal,-,-
72,FAL,2400,2800,5,300,4,14320413,1817.023219,1814.671504,maxTimeLimit,-,-
72,SHP,2400,2800,5,300,4,14320413,1810.880829,1809.472607,maxTimeLimit,-,-
72,weakl,2400,2800,5,300,4,14318208,348.1061684,33.41209936,optimal,34,571.6520392
72,envl,2400,2800,5,300,4,14318208,409.1534368,94.21461129,optimal,34,505.2598863
72,weakenvl,2400,2800,5,300,4,14318208,380.8876947,65.9563601,optimal,34,474.396347
73,M_Agg,2400,2800,5,500,1,23767730,214.2933981,214.1972477,optimal,-,-
73,TPM,2400,2800,5,500,1,23767730,1845.29777,1832.960226,maxTimeLimit,-,-
73,TPM_m,2400,2800,5,500,1,23767730,36.15938883,35.55843544,optimal,-,-
73,FAL,2400,2800,5,500,1,23774480,1861.54307,1848.561219,maxTimeLimit,-,-
73,SHP,2400,2800,5,500,1,23783184,1829.070875,1824.981324,maxTimeLimit,-,-
73,weakl,2400,2800,5,500,1,23767730,1158.513073,858.3369064,optimal,34,614.8917602
73,envl,2400,2800,5,500,1,23767730,879.0511716,578.6238892,optimal,34,516.1673253
73,weakenvl,2400,2800,5,500,1,23767730,489.5220313,189.0897729,optimal,34,494.0068244
74,M_Agg,2400,2800,5,500,2,23916479,94.97498798,94.87289619,optimal,-,-
74,TPM,2400,2800,5,500,2,23916479,1823.662468,1814.067772,maxTimeLimit,-,-
74,TPM_m,2400,2800,5,500,2,23917039,26.228646,25.74206829,optimal,-,-
74,FAL,2400,2800,5,500,2,23917503,1835.092789,1828.706059,maxTimeLimit,-,-
74,SHP,2400,2800,5,500,2,23916479,1831.470581,1827.306295,maxTimeLimit,-,-
74,weakl,2400,2800,5,500,2,23916479,429.2401494,119.6013913,optimal,34,779.2411948
74,envl,2400,2800,5,500,2,23916479,396.2563912,86.35316777,optimal,34,749.6370261
74,weakenvl,2400,2800,5,500,2,23916479,672.5568191,362.6527126,optimal,34,825.3957527
75,M_Agg,2400,2800,5,500,3,23731541,38.02986002,37.92026186,optimal,-,-
75,TPM,2400,2800,5,500,3,23731541,722.6410377,712.5692604,optimal,-,-
75,TPM_m,2400,2800,5,500,3,23731707,24.83200574,24.36205578,optimal,-,-
75,FAL,2400,2800,5,500,3,23731541,1831.849865,1824.828236,maxTimeLimit,-,-
75,SHP,2400,2800,5,500,3,23731541,1826.461992,1822.346542,maxTimeLimit,-,-
75,weakl,2400,2800,5,500,3,23731541,350.7487654,33.11853266,optimal,34,1126.022111
75,envl,2400,2800,5,500,3,23731541,336.5785457,18.66863203,optimal,34,1104.044466
75,weakenvl,2400,2800,5,500,3,23731541,354.6188427,36.70762563,optimal,34,1111.043763
76,M_Agg,2400,2800,5,500,4,23833903,387.3095784,387.2009161,optimal,-,-
76,TPM,2400,2800,5,500,4,23833903,1830.636381,1821.46394,maxTimeLimit,-,-
76,TPM_m,2400,2800,5,500,4,23833903,30.6177821,30.11130619,optimal,-,-
76,FAL,2400,2800,5,500,4,23851326,1838.987912,1832.260714,maxTimeLimit,-,-
76,SHP,2400,2800,5,500,4,23845934,1826.087127,1821.973809,maxTimeLimit,-,-
76,weakl,2400,2800,5,500,4,23833903,521.0650525,213.655329,optimal,35,1493.886146
76,envl,2400,2800,5,500,4,23833903,452.7831927,145.1187174,optimal,35,1474.024261
76,weakenvl,2400,2800,5,500,4,23833903,459.3296044,151.659992,optimal,35,1475.986528
77,M_Agg,2400,2800,5,1000,1,47580649,1815.261451,1815.090544,maxTimeLimit,-,-
77,TPM,2400,2800,5,1000,1,47923263,1881.694261,1835.485651,maxTimeLimit,-,-
77,TPM_m,2400,2800,5,1000,1,47580649,611.8969775,610.8113441,optimal,-,-
77,FAL,2400,2800,5,1000,1,47943809,1854.267074,1820.293032,maxTimeLimit,-,-
77,SHP,2400,2800,5,1000,1,47740590,1827.380193,1806.910625,maxTimeLimit,-,-
77,weakl,2400,2800,5,1000,1,47601961,1815.910812,1507.880889,maxTimeLimit,33,1816.990803
77,envl,2400,2800,5,1000,1,47600815,1812.929975,1504.570358,maxTimeLimit,33,1814.951385
77,weakenvl,2400,2800,5,1000,1,47589465,1815.077745,1506.757076,maxTimeLimit,33,1814.600121
78,M_Agg,2400,2800,5,1000,2,47749591,1818.623909,1818.46515,maxTimeLimit,-,-
78,TPM,2400,2800,5,1000,2,48098549,1869.286205,1818.486111,maxTimeLimit,-,-
78,TPM_m,2400,2800,5,1000,2,47740471,88.93627578,87.90268111,optimal,-,-
78,FAL,2400,2800,5,1000,2,48011246,1861.850834,1826.465154,maxTimeLimit,-,-
78,SHP,2400,2800,5,1000,2,48011862,1829.007262,1808.185785,maxTimeLimit,-,-
78,weakl,2400,2800,5,1000,2,47770667,1816.363812,1508.53055,maxTimeLimit,34,1419.222608
78,envl,2400,2800,5,1000,2,47747523,1813.886151,1505.778859,maxTimeLimit,34,1417.579974
78,weakenvl,2400,2800,5,1000,2,47754290,1815.148859,1507.042653,maxTimeLimit,34,1417.083779
79,M_Agg,2400,2800,5,1000,3,47607411,1816.131884,1815.969112,maxTimeLimit,-,-
79,TPM,2400,2800,5,1000,3,48060528,1862.261011,1812.69411,maxTimeLimit,-,-
79,TPM_m,2400,2800,5,1000,3,47601210,1161.481198,1160.269159,optimal,-,-
79,FAL,2400,2800,5,1000,3,47866107,1869.385461,1836.724425,maxTimeLimit,-,-
79,SHP,2400,2800,5,1000,3,48121975,1823.694147,1805.443493,maxTimeLimit,-,-
79,weakl,2400,2800,5,1000,3,47602401,1822.204907,1506.791397,maxTimeLimit,35,1023.142969
79,envl,2400,2800,5,1000,3,47604706,1816.497727,1500.847582,maxTimeLimit,35,1021.74671
79,weakenvl,2400,2800,5,1000,3,47611095,1814.389904,1498.780112,maxTimeLimit,35,1021.350052
80,M_Agg,2400,2800,5,1000,4,47590137,1816.831919,1816.62859,maxTimeLimit,-,-
80,TPM,2400,2800,5,1000,4,47861388,1876.305191,1818.030479,maxTimeLimit,-,-
80,TPM_m,2400,2800,5,1000,4,47590137,762.8115274,761.7544627,optimal,-,-
80,FAL,2400,2800,5,1000,4,48100633,1872.192014,1834.394458,maxTimeLimit,-,-
80,SHP,2400,2800,5,1000,4,48005896,1825.542577,1808.131561,maxTimeLimit,-,-
80,weakl,2400,2800,5,1000,4,47609755,1813.483679,1497.377529,maxTimeLimit,34,629.9709623
80,envl,2400,2800,5,1000,4,47591341,1816.491686,1500.158682,maxTimeLimit,34,629.5725283
80,weakenvl,2400,2800,5,1000,4,47607746,1813.783976,1497.411374,maxTimeLimit,34,630.1405906
81,M_Agg,2400,2800,8,90,1,4109369,0.679430008,0.613232613,optimal,-,-
81,TPM,2400,2800,8,90,1,4109369,0.791182041,0.474172354,optimal,-,-
81,TPM_m,2400,2800,8,90,1,4109369,0.353737138,0.240190744,optimal,-,-
81,FAL,2400,2800,8,90,1,4109369,0.576695442,0.358507633,optimal,-,-
81,SHP,2400,2800,8,90,1,4109369,0.560899973,0.338175058,optimal,-,-
81,weakl,2400,2800,8,90,1,4109369,224.8380348,2.22212553,optimal,54,230.5949467
81,envl,2400,2800,8,90,1,4109369,223.4443309,0.787746191,optimal,54,229.207573
81,weakenvl,2400,2800,8,90,1,4109369,225.0123758,2.34423852,optimal,54,230.8310722
82,M_Agg,2400,2800,8,90,2,4143591,0.737078667,0.682471514,optimal,-,-
82,TPM,2400,2800,8,90,2,4143591,1.095350981,0.766386986,optimal,-,-
82,TPM_m,2400,2800,8,90,2,4143591,0.394763291,0.268619537,optimal,-,-
82,FAL,2400,2800,8,90,2,4143591,0.710211277,0.484118223,optimal,-,-
82,SHP,2400,2800,8,90,2,4143591,0.610487461,0.457509756,optimal,-,-
82,weakl,2400,2800,8,90,2,4143591,232.0452573,2.341699123,optimal,54,249.9379933
82,envl,2400,2800,8,90,2,4143591,230.5530948,0.802751064,optimal,54,248.7374425
82,weakenvl,2400,2800,8,90,2,4143591,232.213952,2.439216375,optimal,54,250.1790057
83,M_Agg,2400,2800,8,90,3,4190418,0.713118792,0.658670664,optimal,-,-
83,TPM,2400,2800,8,90,3,4190418,0.595582962,0.276719093,optimal,-,-
83,TPM_m,2400,2800,8,90,3,4190418,0.253961217,0.131189108,optimal,-,-
83,FAL,2400,2800,8,90,3,4190418,0.775497437,0.535317898,optimal,-,-
83,SHP,2400,2800,8,90,3,4190418,0.433645487,0.262045383,optimal,-,-
83,weakl,2400,2800,8,90,3,4190418,249.5168781,2.552175045,optimal,54,262.6305647
83,envl,2400,2800,8,90,3,4190418,247.8010017,0.81193614,optimal,54,261.1611937
83,weakenvl,2400,2800,8,90,3,4190418.001,249.5520586,2.541827679,optimal,54,262.6333415
84,M_Agg,2400,2800,8,90,4,4025205,0.748070002,0.695189953,optimal,-,-
84,TPM,2400,2800,8,90,4,4025205,0.92269659,0.594544411,optimal,-,-
84,TPM_m,2400,2800,8,90,4,4025205,0.620977193,0.498583317,optimal,-,-
84,FAL,2400,2800,8,90,4,4025205,0.948478222,0.7255795,optimal,-,-
84,SHP,2400,2800,8,90,4,4025205,0.619648695,0.463166237,optimal,-,-
84,weakl,2400,2800,8,90,4,4025205,215.9796166,1.726381302,optimal,54,272.3160353
84,envl,2400,2800,8,90,4,4025205,215.0318646,0.754185915,optimal,54,270.8719719
84,weakenvl,2400,2800,8,90,4,4025205,216.5459022,2.24721837,optimal,54,272.4003847
85,M_Agg,2400,2800,8,100,1,4612843,0.65053916,0.595431805,optimal,-,-
85,TPM,2400,2800,8,100,1,4612843,0.805851698,0.419360876,optimal,-,-
85,TPM_m,2400,2800,8,100,1,4612843,0.417888082,0.283457756,optimal,-,-
85,FAL,2400,2800,8,100,1,4612843,0.75775528,0.477433205,optimal,-,-
85,SHP,2400,2800,8,100,1,4612843,0.523174763,0.325202942,optimal,-,-
85,weakl,2400,2800,8,100,1,4612843,302.2102214,1.376235962,optimal,50,291.8800648
85,envl,2400,2800,8,100,1,4612843,301.563809,0.663858891,optimal,50,290.3332721
85,weakenvl,2400,2800,8,100,1,4612843,302.4041098,1.515389204,optimal,50,291.9315335
86,M_Agg,2400,2800,8,100,2,4656694,0.709962606,0.663163662,optimal,-,-
86,TPM,2400,2800,8,100,2,4656694,1.618853807,1.226391315,optimal,-,-
86,TPM_m,2400,2800,8,100,2,4656694,0.63770218,0.486746073,optimal,-,-
86,FAL,2400,2800,8,100,2,4656694,1.058773518,0.792686462,optimal,-,-
86,SHP,2400,2800,8,100,2,4656694,1.172651768,0.987441301,optimal,-,-
86,weakl,2400,2800,8,100,2,4656694,282.8155427,3.478635073,optimal,60,292.8135809
86,envl,2400,2800,8,100,2,4656694,280.2480995,0.86953187,optimal,60,291.3869035
86,weakenvl,2400,2800,8,100,2,4656694,282.0312955,2.608145714,optimal,60,292.8076928
87,M_Agg,2400,2800,8,100,3,4557184,0.759740353,0.69982338,optimal,-,-
87,TPM,2400,2800,8,100,3,4557184,0.887302637,0.47631216,optimal,-,-
87,TPM_m,2400,2800,8,100,3,4557184,0.337746244,0.208903551,optimal,-,-
87,FAL,2400,2800,8,100,3,4557184,0.776830435,0.46257329,optimal,-,-
87,SHP,2400,2800,8,100,3,4557184,0.502570629,0.330059528,optimal,-,-
87,weakl,2400,2800,8,100,3,4557184,288.2587604,2.524472713,optimal,60,297.7472784
87,envl,2400,2800,8,100,3,4557184,286.6441145,0.871834755,optimal,60,296.9064384
87,weakenvl,2400,2800,8,100,3,4557184,288.6202311,2.832178354,optimal,60,297.9641315
88,M_Agg,2400,2800,8,100,4,4672798,0.918114424,0.861715317,optimal,-,-
88,TPM,2400,2800,8,100,4,4672798,0.700439692,0.300294876,optimal,-,-
88,TPM_m,2400,2800,8,100,4,4672798,0.258386974,0.133846521,optimal,-,-
88,FAL,2400,2800,8,100,4,4672798,0.532489538,0.254761696,optimal,-,-
88,SHP,2400,2800,8,100,4,4672798,0.530741453,0.337628126,optimal,-,-
88,weakl,2400,2800,8,100,4,4672798,294.2357348,2.249763489,optimal,60,301.1673088
88,envl,2400,2800,8,100,4,4672798,292.8770653,0.855987787,optimal,60,300.6988545
88,weakenvl,2400,2800,8,100,4,4672798,294.6704976,2.632871866,optimal,60,301.3172205
89,M_Agg,2400,2800,8,120,1,5454045,0.973740101,0.914937019,optimal,-,-
89,TPM,2400,2800,8,120,1,5454045,1.744480848,1.210133076,optimal,-,-
89,TPM_m,2400,2800,8,120,1,5454045,0.706026665,0.566933155,optimal,-,-
89,FAL,2400,2800,8,120,1,5454045,1.540134668,1.165933371,optimal,-,-
89,SHP,2400,2800,8,120,1,5454045,1.250942707,1.009043217,optimal,-,-
89,weakl,2400,2800,8,120,1,5454045,305.9442858,1.098356724,optimal,34,303.9788695
89,envl,2400,2800,8,120,1,5454045,305.7783345,0.869121313,optimal,34,303.7663923
89,weakenvl,2400,2800,8,120,1,5454045,305.9087468,0.986231804,optimal,34,304.0237624
90,M_Agg,2400,2800,8,120,2,5472924,0.940411329,0.885975838,optimal,-,-
90,TPM,2400,2800,8,120,2,5472924,1.209280729,0.686739683,optimal,-,-
90,TPM_m,2400,2800,8,120,2,5472924,0.44784524,0.308255672,optimal,-,-
90,FAL,2400,2800,8,120,2,5472924,1.082486629,0.668428183,optimal,-,-
90,SHP,2400,2800,8,120,2,5472924,0.813073397,0.565638304,optimal,-,-
90,weakl,2400,2800,8,120,2,5472924,302.5503327,1.091074944,optimal,37,304.5858636
90,envl,2400,2800,8,120,2,5472924,302.3262392,0.799463987,optimal,37,304.444615
90,weakenvl,2400,2800,8,120,2,5472924,302.6570503,1.113762856,optimal,37,304.6401298
91,M_Agg,2400,2800,8,120,3,5497824,0.815963984,0.763343573,optimal,-,-
91,TPM,2400,2800,8,120,3,5497824,1.197202444,0.578369141,optimal,-,-
91,TPM_m,2400,2800,8,120,3,5497824,0.377511072,0.216419458,optimal,-,-
91,FAL,2400,2800,8,120,3,5497824,0.953177691,0.569708347,optimal,-,-
91,SHP,2400,2800,8,120,3,5497824,0.855738163,0.556240559,optimal,-,-
91,weakl,2400,2800,8,120,3,5497824,301.938882,1.157726526,optimal,33,305.7598639
91,envl,2400,2800,8,120,3,5497824,301.813779,0.976603508,optimal,33,305.7721898
91,weakenvl,2400,2800,8,120,3,5497824,302.0325875,1.184132814,optimal,33,305.990985
92,M_Agg,2400,2800,8,120,4,5529477,1.0536623,0.988935709,optimal,-,-
92,TPM,2400,2800,8,120,4,5529477,1.443857431,0.913505554,optimal,-,-
92,TPM_m,2400,2800,8,120,4,5529477,0.617028431,0.472682714,optimal,-,-
92,FAL,2400,2800,8,120,4,5529477,1.615109921,1.201978683,optimal,-,-
92,SHP,2400,2800,8,120,4,5529477,0.840506792,0.589788198,optimal,-,-
92,weakl,2400,2800,8,120,4,5529477,305.4819775,1.176784277,optimal,35,308.6326183
92,envl,2400,2800,8,120,4,5529477,305.1472166,0.773373604,optimal,35,308.8595378
92,weakenvl,2400,2800,8,120,4,5529477,305.496665,1.111442804,optimal,35,308.9046734
93,M_Agg,2400,2800,8,150,1,6918343,1.354259968,1.289579868,optimal,-,-
93,TPM,2400,2800,8,150,1,6918343,2.37711978,1.501713037,optimal,-,-
93,TPM_m,2400,2800,8,150,1,6918343,0.752081119,0.54700613,optimal,-,-
93,FAL,2400,2800,8,150,1,6918343,1.849856138,1.179453135,optimal,-,-
93,SHP,2400,2800,8,150,1,6918343,1.589251041,1.191566467,optimal,-,-
93,weakl,2400,2800,8,150,1,6918343,308.3722623,1.486528873,optimal,27,307.7580395
93,envl,2400,2800,8,150,1,6918343,308.4912253,1.399682045,optimal,27,308.1210563
93,weakenvl,2400,2800,8,150,1,6918343,308.3742166,1.279793501,optimal,27,308.0202485
94,M_Agg,2400,2800,8,150,2,6835804,0.948902845,0.887200117,optimal,-,-
94,TPM,2400,2800,8,150,2,6835804,1.834024906,0.879738569,optimal,-,-
94,TPM_m,2400,2800,8,150,2,6835804,0.443579346,0.26837039,optimal,-,-
94,FAL,2400,2800,8,150,2,6835804,1.36963892,0.805441618,optimal,-,-
94,SHP,2400,2800,8,150,2,6835804,0.956355333,0.580401182,optimal,-,-
94,weakl,2400,2800,8,150,2,6835804,307.2463339,1.031195879,optimal,27,307.7799266
94,envl,2400,2800,8,150,2,6835804,307.6365381,1.288655758,optimal,27,307.8761079
94,weakenvl,2400,2800,8,150,2,6835804,308.0604709,1.705097914,optimal,27,307.9350514
95,M_Agg,2400,2800,8,150,3,6884928,1.088246822,1.032535553,optimal,-,-
95,TPM,2400,2800,8,150,3,6884928,2.179788828,1.260401249,optimal,-,-
95,TPM_m,2400,2800,8,150,3,6884928,0.673800023,0.485007048,optimal,-,-
95,FAL,2400,2800,8,150,3,6884928,1.452545166,0.895348072,optimal,-,-
95,SHP,2400,2800,8,150,3,6884928,1.223677635,0.793195009,optimal,-,-
95,weakl,2400,2800,8,150,3,6884928,313.4298997,2.254830122,optimal,27,310.2884098
95,envl,2400,2800,8,150,3,6884928,314.1631713,2.734812498,optimal,27,310.2707382
95,weakenvl,2400,2800,8,150,3,6884928,313.687341,2.23263669,optimal,27,310.4742852
96,M_Agg,2400,2800,8,150,4,6926470,1.059245825,0.997573614,optimal,-,-
96,TPM,2400,2800,8,150,4,6926470,2.221205235,1.351155043,optimal,-,-
96,TPM_m,2400,2800,8,150,4,6926470,0.781551638,0.595626831,optimal,-,-
96,FAL,2400,2800,8,150,4,6926470,1.951508522,1.284184694,optimal,-,-
96,SHP,2400,2800,8,150,4,6926470,1.255023956,0.863215685,optimal,-,-
96,weakl,2400,2800,8,150,4,6926470,301.9836623,1.28772521,optimal,25,311.3833567
96,envl,2400,2800,8,150,4,6926470,302.1932904,1.412543297,optimal,25,311.5060537
96,weakenvl,2400,2800,8,150,4,6926470,301.9589654,1.177741051,optimal,25,311.9356538
97,M_Agg,2400,2800,8,200,1,9235816,2.315164089,2.248002291,optimal,-,-
97,TPM,2400,2800,8,200,1,9235816,3.966550589,2.515725851,optimal,-,-
97,TPM_m,2400,2800,8,200,1,9235816,0.974387263,0.582145452,optimal,-,-
97,FAL,2400,2800,8,200,1,9235816,2.719400644,1.764020443,optimal,-,-
97,SHP,2400,2800,8,200,1,9235816,1.849883556,1.234652996,optimal,-,-
97,weakl,2400,2800,8,200,1,9235816,308.4598106,2.432882547,optimal,21,313.9300346
97,envl,2400,2800,8,200,1,9235816,307.511432,1.296369553,optimal,21,314.4043658
97,weakenvl,2400,2800,8,200,1,9235816,308.0334283,1.813868284,optimal,21,314.6670998
98,M_Agg,2400,2800,8,200,2,9092397,2.384602547,2.322075367,optimal,-,-
98,TPM,2400,2800,8,200,2,9092397,4.070772886,2.53628087,optimal,-,-
98,TPM_m,2400,2800,8,200,2,9092397,1.192459713,0.980108023,optimal,-,-
98,FAL,2400,2800,8,200,2,9092397,4.161017179,3.056987047,optimal,-,-
98,SHP,2400,2800,8,200,2,9092397,3.073705196,2.457327366,optimal,-,-
98,weakl,2400,2800,8,200,2,9092397,317.2802667,2.538473129,optimal,23,315.5872187
98,envl,2400,2800,8,200,2,9092397,317.2150592,2.32897234,optimal,23,316.2531226
98,weakenvl,2400,2800,8,200,2,9092397,318.217406,3.333408833,optimal,23,316.4434668
99,M_Agg,2400,2800,8,200,3,9112783,2.714183569,2.649730682,optimal,-,-
99,TPM,2400,2800,8,200,3,9112783,5.117352724,3.653279781,optimal,-,-
99,TPM_m,2400,2800,8,200,3,9112783,1.541492512,1.323911905,optimal,-,-
99,FAL,2400,2800,8,200,3,9112783,5.388280392,4.275762796,optimal,-,-
99,SHP,2400,2800,8,200,3,9112783,2.963777542,2.376284122,optimal,-,-
99,weakl,2400,2800,8,200,3,9112783,317.8096873,2.631880045,optimal,22,312.667336
99,envl,2400,2800,8,200,3,9112783,319.1044332,3.767205477,optimal,22,313.3479362
99,weakenvl,2400,2800,8,200,3,9112783,319.5328154,4.187018871,optimal,22,313.4961896
100,M_Agg,2400,2800,8,200,4,9199491,2.6227777,2.554661989,optimal,-,-
100,TPM,2400,2800,8,200,4,9199491,4.344296217,2.848406792,optimal,-,-
100,TPM_m,2400,2800,8,200,4,9199491,1.423220028,0.954016209,optimal,-,-
100,FAL,2400,2800,8,200,4,9199491,3.938841343,2.914368153,optimal,-,-
100,SHP,2400,2800,8,200,4,9199491,2.886375904,2.034621954,optimal,-,-
100,weakl,2400,2800,8,200,4,9199491,312.1703737,2.484158278,optimal,22,311.0041223
100,envl,2400,2800,8,200,4,9199491,313.7865389,3.919090986,optimal,22,311.6248244
100,weakenvl,2400,2800,8,200,4,9199491,312.8847495,3.019554138,optimal,22,311.6392713
101,M_Agg,2400,2800,8,300,1,13857792,1.91472578,1.840001345,optimal,-,-
101,TPM,2400,2800,8,300,1,13857792,6.293420553,2.756649256,optimal,-,-
101,TPM_m,2400,2800,8,300,1,13857792,1.070021975,0.736291409,optimal,-,-
101,FAL,2400,2800,8,300,1,13857792,6.429036379,3.947004795,optimal,-,-
101,SHP,2400,2800,8,300,1,13857792,4.242754698,2.549132824,optimal,-,-
101,weakl,2400,2800,8,300,1,13857792,315.0885471,3.127651691,optimal,21,315.2015936
101,envl,2400,2800,8,300,1,13857792,314.9064589,2.727172613,optimal,21,315.3792733
101,weakenvl,2400,2800,8,300,1,13857792,315.1388965,2.967388391,optimal,21,315.663578
102,M_Agg,2400,2800,8,300,2,13837297,3.43945241,3.347618818,optimal,-,-
102,TPM,2400,2800,8,300,2,13837297,7.158578634,3.83946681,optimal,-,-
102,TPM_m,2400,2800,8,300,2,13837297,0.840018728,0.532319546,optimal,-,-
102,FAL,2400,2800,8,300,2,13837297,7.121209145,4.729069233,optimal,-,-
102,SHP,2400,2800,8,300,2,13837297,4.554311514,2.718190432,optimal,-,-
102,weakl,2400,2800,8,300,2,13837297,305.6007361,3.677726984,optimal,21,316.5656942
102,envl,2400,2800,8,300,2,13837297,305.5943138,3.469492435,optimal,21,316.6509293
102,weakenvl,2400,2800,8,300,2,13837297,306.428297,4.303955078,optimal,21,316.8737205
103,M_Agg,2400,2800,8,300,3,13691675,3.977386713,3.891080618,optimal,-,-
103,TPM,2400,2800,8,300,3,13691675,14.41333914,10.85528135,optimal,-,-
103,TPM_m,2400,2800,8,300,3,13691675,1.6216371,1.274706364,optimal,-,-
103,FAL,2400,2800,8,300,3,13691675,12.01822114,9.687218666,optimal,-,-
103,SHP,2400,2800,8,300,3,13691675,7.421622753,5.982708931,optimal,-,-
103,weakl,2400,2800,8,300,3,13691675,311.1568322,3.473413467,optimal,22,318.0327731
103,envl,2400,2800,8,300,3,13691675,312.2119858,4.309276104,optimal,22,318.0230871
103,weakenvl,2400,2800,8,300,3,13691675,312.1051424,4.206460476,optimal,22,318.2613548
104,M_Agg,2400,2800,8,300,4,13706645,3.405148983,3.334837675,optimal,-,-
104,TPM,2400,2800,8,300,4,13706645,10.20046091,6.62008357,optimal,-,-
104,TPM_m,2400,2800,8,300,4,13706645,1.535323313,1.218678474,optimal,-,-
104,FAL,2400,2800,8,300,4,13706645,14.26755047,11.84582138,optimal,-,-
104,SHP,2400,2800,8,300,4,13706645,6.181334257,4.386066198,optimal,-,-
104,weakl,2400,2800,8,300,4,13706645,328.9602588,3.993261576,optimal,21,317.9180165
104,envl,2400,2800,8,300,4,13706645,328.8043345,3.561304569,optimal,21,317.8359121
104,weakenvl,2400,2800,8,300,4,13706645,328.9819761,3.66187644,optimal,21,318.0554671
105,M_Agg,2400,2800,8,500,1,22782936,6.240443945,6.145795345,optimal,-,-
105,TPM,2400,2800,8,500,1,22782512,32.85148764,23.15185618,optimal,-,-
105,TPM_m,2400,2800,8,500,1,22782512,2.27963824,1.731059074,optimal,-,-
105,FAL,2400,2800,8,500,1,22782512,43.92313504,37.32114077,optimal,-,-
105,SHP,2400,2800,8,500,1,22782512,26.91832352,22.84421134,optimal,-,-
105,weakl,2400,2800,8,500,1,22782512,320.5449498,7.157962561,optimal,21,312.8102118
105,envl,2400,2800,8,500,1,22782512,319.9930832,6.293968678,optimal,21,312.648459
105,weakenvl,2400,2800,8,500,1,22782512,319.9794667,6.278824568,optimal,21,312.832315
106,M_Agg,2400,2800,8,500,2,22898639,6.794254541,6.683409691,optimal,-,-
106,TPM,2400,2800,8,500,2,22898639,34.17265129,24.58936119,optimal,-,-
106,TPM_m,2400,2800,8,500,2,22898639,2.691576765,2.101759672,optimal,-,-
106,FAL,2400,2800,8,500,2,22898639,53.13994384,46.77797842,optimal,-,-
106,SHP,2400,2800,8,500,2,22898639,23.91843486,19.78123212,optimal,-,-
106,weakl,2400,2800,8,500,2,22898639,311.4690516,6.135865927,optimal,20,312.2749473
106,envl,2400,2800,8,500,2,22898639,311.0829448,5.573286533,optimal,20,314.3104467
106,weakenvl,2400,2800,8,500,2,22898639,311.9788341,6.467260599,optimal,20,313.0781906
107,M_Agg,2400,2800,8,500,3,22889298,6.041210175,5.926206112,optimal,-,-
107,TPM,2400,2800,8,500,3,22889298,18.76041222,8.829557419,optimal,-,-
107,TPM_m,2400,2800,8,500,3,22889298,1.492586668,0.872088671,optimal,-,-
107,FAL,2400,2800,8,500,3,22889298,19.28927517,12.59436798,optimal,-,-
107,SHP,2400,2800,8,500,3,22889298,11.83783221,7.668399334,optimal,-,-
107,weakl,2400,2800,8,500,3,22889298,310.6978059,5.557851076,optimal,21,316.911601
107,envl,2400,2800,8,500,3,22889298,311.4632857,6.126116991,optimal,21,318.7080988
107,weakenvl,2400,2800,8,500,3,22889298,311.2815916,5.945379734,optimal,21,317.3051415
108,M_Agg,2400,2800,8,500,4,22946076,6.771192312,6.68001008,optimal,-,-
108,TPM,2400,2800,8,500,4,22946076,58.57581758,48.63626575,optimal,-,-
108,TPM_m,2400,2800,8,500,4,22946076,3.701165461,3.105182409,optimal,-,-
108,FAL,2400,2800,8,500,4,22946076,49.75974345,42.93265224,optimal,-,-
108,SHP,2400,2800,8,500,4,22946076,25.19016099,20.78460121,optimal,-,-
108,weakl,2400,2800,8,500,4,22946076,308.5290402,7.482671022,optimal,21,321.8216222
108,envl,2400,2800,8,500,4,22946076,308.0545221,6.77421093,optimal,21,323.5364914
108,weakenvl,2400,2800,8,500,4,22946076,308.0893675,6.823533058,optimal,21,322.4172454
109,M_Agg,2400,2800,8,1000,1,45989089,13.43182874,13.27978158,optimal,-,-
109,TPM,2400,2800,8,1000,1,45988538.96,543.522126,495.6883144,optimal,-,-
109,TPM_m,2400,2800,8,1000,1,45986375,12.67059655,11.50862145,optimal,-,-
109,FAL,2400,2800,8,1000,1,45986375,974.7138288,944.0940711,optimal,-,-
109,SHP,2400,2800,8,1000,1,45986375,398.8686445,381.192302,optimal,-,-
109,weakl,2400,2800,8,1000,1,45986375,318.4038916,11.7851553,optimal,20,324.7185146
109,envl,2400,2800,8,1000,1,45986375,326.6410344,19.8174665,optimal,20,326.5317932
109,weakenvl,2400,2800,8,1000,1,45986375,320.9629693,14.1108439,optimal,20,325.487793
110,M_Agg,2400,2800,8,1000,2,46000128.92,12.14846325,11.99798965,optimal,-,-
110,TPM,2400,2800,8,1000,2,46000128.92,517.3901026,476.8587787,optimal,-,-
110,TPM_m,2400,2800,8,1000,2,46000129,4.533293686,3.32164216,optimal,-,-
110,FAL,2400,2800,8,1000,2,46000129,706.9397175,677.8478339,optimal,-,-
110,SHP,2400,2800,8,1000,2,46000129,316.6695485,299.5631046,optimal,-,-
110,weakl,2400,2800,8,1000,2,46000129,330.0156664,13.04819489,optimal,21,333.2945417
110,envl,2400,2800,8,1000,2,46000129,328.6735529,11.49925399,optimal,21,332.798619
110,weakenvl,2400,2800,8,1000,2,46000129,328.8866376,11.70100904,optimal,21,333.7750408
111,M_Agg,2400,2800,8,1000,3,45636458.89,13.31572676,13.12940931,optimal,-,-
111,TPM,2400,2800,8,1000,3,45636458.89,511.6510441,468.9503856,optimal,-,-
111,TPM_m,2400,2800,8,1000,3,45636459,4.540595345,3.434667826,optimal,-,-
111,FAL,2400,2800,8,1000,3,45636459,756.6567614,727.5319216,optimal,-,-
111,SHP,2400,2800,8,1000,3,45636459,372.1700556,354.3668997,optimal,-,-
111,weakl,2400,2800,8,1000,3,45636459,330.3378906,13.61041141,optimal,21,337.9947501
111,envl,2400,2800,8,1000,3,45636459,330.7768561,13.84167409,optimal,21,337.6038595
111,weakenvl,2400,2800,8,1000,3,45636459,331.7300071,14.76666164,optimal,21,339.0687798
112,M_Agg,2400,2800,8,1000,4,45955287.75,12.92894006,12.77780008,optimal,-,-
112,TPM,2400,2800,8,1000,4,45955287.75,426.6664395,385.9291263,optimal,-,-
112,TPM_m,2400,2800,8,1000,4,45955288,4.608939297,3.454240084,optimal,-,-
112,FAL,2400,2800,8,1000,4,45955288,524.2501407,495.132118,optimal,-,-
112,SHP,2400,2800,8,1000,4,45955288,362.0336449,344.3003345,optimal,-,-
112,weakl,2400,2800,8,1000,4,45955288,320.1166099,13.29323339,optimal,20,342.476715
112,envl,2400,2800,8,1000,4,45955288,320.0357292,12.96024132,optimal,20,346.2460325
112,weakenvl,2400,2800,8,1000,4,45955288,320.371558,13.29242992,optimal,20,360.4317465
113,M_Agg,2400,2800,8,2000,1,91862625,33.45964599,33.15042472,optimal,-,-
113,TPM,2400,2800,8,2000,1,NA,NA,NA,NA,-,-
113,TPM_m,2400,2800,8,2000,1,91862625,22.99790724,20.27675867,optimal,-,-
113,FAL,2400,2800,8,2000,1,NA,NA,NA,NA,-,-
113,SHP,2400,2800,8,2000,1,NA,NA,NA,NA,-,-
113,weakl,2400,2800,8,2000,1,91862625,352.708,29.46225667,optimal,20,346.1319161
113,envl,2400,2800,8,2000,1,91862625,351.7083379,28.25650692,optimal,20,350.5287318
113,weakenvl,2400,2800,8,2000,1,91862625,354.1119605,30.66681075,optimal,20,364.546269
114,M_Agg,2400,2800,8,2000,2,91472368,31.94471049,31.65190887,optimal,-,-
114,TPM,2400,2800,8,2000,2,NA,NA,NA,NA,-,-
114,TPM_m,2400,2800,8,2000,2,91472368,9.931019607,7.280303478,optimal,-,-
114,FAL,2400,2800,8,2000,2,NA,NA,NA,NA,-,-
114,SHP,2400,2800,8,2000,2,NA,NA,NA,NA,-,-
114,weakl,2400,2800,8,2000,2,91472368,348.8165001,28.28371906,optimal,21,333.6233223
114,envl,2400,2800,8,2000,2,91472368,347.8945147,27.15220428,optimal,21,337.9599542
114,weakenvl,2400,2800,8,2000,2,91472368,350.0615934,29.31164265,optimal,21,351.7255241
115,M_Agg,2400,2800,8,2000,3,91663906,41.33733034,40.38212609,optimal,-,-
115,TPM,2400,2800,8,2000,3,NA,NA,NA,NA,-,-
115,TPM_m,2400,2800,8,2000,3,91663906,26.57470509,23.8973608,optimal,-,-
115,FAL,2400,2800,8,2000,3,NA,NA,NA,NA,-,-
115,SHP,2400,2800,8,2000,3,NA,NA,NA,NA,-,-
115,weakl,2400,2800,8,2000,3,91663906,348.2657501,38.6494174,optimal,21,321.1609814
115,envl,2400,2800,8,2000,3,91663906,365.3455483,55.51478457,optimal,21,325.3151581
115,weakenvl,2400,2800,8,2000,3,91663906,417.1818742,107.3850317,optimal,21,338.9900071
116,M_Agg,2400,2800,8,2000,4,91691019,42.09383702,41.10902262,optimal,-,-
116,TPM,2400,2800,8,2000,4,NA,NA,NA,NA,-,-
116,TPM_m,2400,2800,8,2000,4,91691019,25.18476169,22.54512429,optimal,-,-
116,FAL,2400,2800,8,2000,4,NA,NA,NA,NA,-,-
116,SHP,2400,2800,8,2000,4,NA,NA,NA,NA,-,-
116,weakl,2400,2800,8,2000,4,91691019,334.7374143,29.0744195,optimal,20,310.2591735
116,envl,2400,2800,8,2000,4,91691019,337.1665263,31.29046154,optimal,20,309.8849311
116,weakenvl,2400,2800,8,2000,4,91691019,336.8296477,30.95161414,optimal,20,310.6364618
117,M_Agg,2400,2800,12,90,1,4108301,0.799380541,0.717367887,optimal,-,-
117,TPM,2400,2800,12,90,1,4108301,0.626791716,0.287162304,optimal,-,-
117,TPM_m,2400,2800,12,90,1,4108301,0.27946968,0.138121605,optimal,-,-
117,FAL,2400,2800,12,90,1,4108301,0.496314049,0.24095726,optimal,-,-
117,SHP,2400,2800,12,90,1,4108301,0.375712872,0.226445436,optimal,-,-
117,weakl,2400,2800,12,90,1,4108301,302.6736248,2.096636534,optimal,40,302.5397478
117,envl,2400,2800,12,90,1,4108301,301.4332276,0.819514513,optimal,40,301.171995
117,weakenvl,2400,2800,12,90,1,4108301,302.828981,2.205242395,optimal,40,302.2117824
118,M_Agg,2400,2800,12,90,2,4041550,0.880158663,0.818387985,optimal,-,-
118,TPM,2400,2800,12,90,2,4041550,0.585870266,0.25841403,optimal,-,-
118,TPM_m,2400,2800,12,90,2,4041550,0.274821142,0.141528845,optimal,-,-
118,FAL,2400,2800,12,90,2,4041550,0.440820456,0.208194494,optimal,-,-
118,SHP,2400,2800,12,90,2,4041550,0.337964296,0.195544004,optimal,-,-
118,weakl,2400,2800,12,90,2,4041550,298.9671362,2.640409231,optimal,54,303.1839346
118,envl,2400,2800,12,90,2,4041550,297.3153301,0.930222511,optimal,54,302.0837192
118,weakenvl,2400,2800,12,90,2,4041550,299.1195255,2.729300499,optimal,54,302.8546981
119,M_Agg,2400,2800,12,90,3,4156220,0.953933716,0.887513161,optimal,-,-
119,TPM,2400,2800,12,90,3,4156220,0.611218691,0.266984463,optimal,-,-
119,TPM_m,2400,2800,12,90,3,4156220,0.297641178,0.147625685,optimal,-,-
119,FAL,2400,2800,12,90,3,4156220,0.461440086,0.235351086,optimal,-,-
119,SHP,2400,2800,12,90,3,4156220,0.359857798,0.216580629,optimal,-,-
119,weakl,2400,2800,12,90,3,4156220,304.6585185,2.412068605,optimal,34,304.6786253
119,envl,2400,2800,12,90,3,4156220,303.6246406,1.344869852,optimal,34,303.6852278
119,weakenvl,2400,2800,12,90,3,4156220,303.767693,1.449469328,optimal,34,304.3055353
120,M_Agg,2400,2800,12,90,4,4141539,0.858368158,0.79757452,optimal,-,-
120,TPM,2400,2800,12,90,4,4141539,0.569008112,0.267312765,optimal,-,-
120,TPM_m,2400,2800,12,90,4,4141539,0.267773757,0.136659861,optimal,-,-
120,FAL,2400,2800,12,90,4,4141539,0.477135181,0.205965996,optimal,-,-
120,SHP,2400,2800,12,90,4,4141539,0.40455842,0.248342752,optimal,-,-
120,weakl,2400,2800,12,90,4,4141539,303.8597117,2.304962397,optimal,37,303.9071217
120,envl,2400,2800,12,90,4,4141539,302.3147815,0.715823174,optimal,37,303.1299531
120,weakenvl,2400,2800,12,90,4,4141539,303.1309302,1.520941019,optimal,37,303.7622074
121,M_Agg,2400,2800,12,100,1,4558478,0.867152929,0.804899693,optimal,-,-
121,TPM,2400,2800,12,100,1,4558478,0.650464296,0.289273024,optimal,-,-
121,TPM_m,2400,2800,12,100,1,4558478,0.282239779,0.140331984,optimal,-,-
121,FAL,2400,2800,12,100,1,4558478,0.506391764,0.241327763,optimal,-,-
121,SHP,2400,2800,12,100,1,4558478,0.391930819,0.218091726,optimal,-,-
121,weakl,2400,2800,12,100,1,4558478,305.2503721,1.041243792,optimal,30,304.1857502
121,envl,2400,2800,12,100,1,4558478,305.0801246,0.814862251,optimal,30,303.7075599
121,weakenvl,2400,2800,12,100,1,4558478,305.4006438,1.129753113,optimal,30,304.485978
122,M_Agg,2400,2800,12,100,2,4537232,0.97492671,0.917051792,optimal,-,-
122,TPM,2400,2800,12,100,2,4537232,0.672103882,0.293106318,optimal,-,-
122,TPM_m,2400,2800,12,100,2,4537232,0.31455441,0.156335115,optimal,-,-
122,FAL,2400,2800,12,100,2,4537232,0.614610672,0.238659382,optimal,-,-
122,SHP,2400,2800,12,100,2,4537232,0.409695625,0.221260071,optimal,-,-
122,weakl,2400,2800,12,100,2,4537232,304.9458989,2.073839426,optimal,27,304.5954499
122,envl,2400,2800,12,100,2,4537232,303.7213644,0.795858145,optimal,27,304.1781583
122,weakenvl,2400,2800,12,100,2,4537232,304.9228741,1.990191221,optimal,27,305.0876802
123,M_Agg,2400,2800,12,100,3,4613958,0.88800025,0.821541786,optimal,-,-
123,TPM,2400,2800,12,100,3,4613958,0.665950537,0.300291061,optimal,-,-
123,TPM_m,2400,2800,12,100,3,4613958,0.298374286,0.147840738,optimal,-,-
123,FAL,2400,2800,12,100,3,4613958,1.036099911,0.565938234,optimal,-,-
123,SHP,2400,2800,12,100,3,4613958,0.420638084,0.245148182,optimal,-,-
123,weakl,2400,2800,12,100,3,4613958,301.5725039,1.037938833,optimal,28,305.85791
123,envl,2400,2800,12,100,3,4613958,301.4035421,0.818639994,optimal,28,305.7271165
123,weakenvl,2400,2800,12,100,3,4613958,301.5943814,1.007106781,optimal,28,306.4442379
124,M_Agg,2400,2800,12,100,4,4574439,1.418936968,1.356610298,optimal,-,-
124,TPM,2400,2800,12,100,4,4574439,0.709707975,0.303606033,optimal,-,-
124,TPM_m,2400,2800,12,100,4,4574439,0.358190279,0.195348978,optimal,-,-
124,FAL,2400,2800,12,100,4,4574439,0.732767582,0.265675068,optimal,-,-
124,SHP,2400,2800,12,100,4,4574439,0.426994562,0.252627134,optimal,-,-
124,weakl,2400,2800,12,100,4,4574439,304.9742257,1.333639383,optimal,31,308.57111
124,envl,2400,2800,12,100,4,4574439,304.6252086,0.933058262,optimal,31,308.4239297
124,weakenvl,2400,2800,12,100,4,4574439,306.0260128,2.33714819,optimal,31,309.1531235
125,M_Agg,2400,2800,12,120,1,5387503,0.986507893,0.926215649,optimal,-,-
125,TPM,2400,2800,12,120,1,5387503,0.992996931,0.370214224,optimal,-,-
125,TPM_m,2400,2800,12,120,1,5387503,0.312851957,0.145974636,optimal,-,-
125,FAL,2400,2800,12,120,1,5387503,0.704615355,0.294234514,optimal,-,-
125,SHP,2400,2800,12,120,1,5387503,0.519026279,0.291679144,optimal,-,-
125,weakl,2400,2800,12,120,1,5387503,306.8891709,1.262882948,optimal,23,307.7823598
125,envl,2400,2800,12,120,1,5387503,306.9625183,1.256517172,optimal,23,307.6607622
125,weakenvl,2400,2800,12,120,1,5387503,307.8074525,2.100769281,optimal,23,308.1203835
126,M_Agg,2400,2800,12,120,2,5476030,0.866679192,0.803975821,optimal,-,-
126,TPM,2400,2800,12,120,2,5476030,0.903409243,0.367814302,optimal,-,-
126,TPM_m,2400,2800,12,120,2,5476030,0.340455819,0.147515297,optimal,-,-
126,FAL,2400,2800,12,120,2,5476030,0.823761225,0.284248114,optimal,-,-
126,SHP,2400,2800,12,120,2,5476030,0.553074598,0.307890892,optimal,-,-
126,weakl,2400,2800,12,120,2,5476030,309.9957395,1.098762274,optimal,21,309.6402352
126,envl,2400,2800,12,120,2,5476030,309.917197,0.931912661,optimal,21,309.4523102
126,weakenvl,2400,2800,12,120,2,5476030,310.3491047,1.353978634,optimal,21,309.7834114
127,M_Agg,2400,2800,12,120,3,5463181,1.102533579,1.042324305,optimal,-,-
127,TPM,2400,2800,12,120,3,5463181,0.995290041,0.469190121,optimal,-,-
127,TPM_m,2400,2800,12,120,3,5463181,0.336759028,0.158698082,optimal,-,-
127,FAL,2400,2800,12,120,3,5463181,0.663699389,0.292567492,optimal,-,-
127,SHP,2400,2800,12,120,3,5463181,0.506402731,0.272015333,optimal,-,-
127,weakl,2400,2800,12,120,3,5463181,312.4253038,1.356517553,optimal,23,311.2593424
127,envl,2400,2800,12,120,3,5463181,312.1907948,1.022262335,optimal,23,311.0307791
127,weakenvl,2400,2800,12,120,3,5463181,312.4299239,1.270691395,optimal,23,311.3618944
128,M_Agg,2400,2800,12,120,4,5471264,1.541777611,1.473119736,optimal,-,-
128,TPM,2400,2800,12,120,4,5471264,0.90763092,0.361994982,optimal,-,-
128,TPM_m,2400,2800,12,120,4,5471264,0.322103577,0.154169559,optimal,-,-
128,FAL,2400,2800,12,120,4,5471264,0.659218073,0.285066128,optimal,-,-
128,SHP,2400,2800,12,120,4,5471264,0.516105175,0.270443201,optimal,-,-
128,weakl,2400,2800,12,120,4,5471264,301.819225,1.236902237,optimal,22,314.2404694
128,envl,2400,2800,12,120,4,5471264,301.5725387,0.914937258,optimal,22,313.9179405
128,weakenvl,2400,2800,12,120,4,5471264,301.895053,1.236714602,optimal,22,314.3206481
129,M_Agg,2400,2800,12,150,1,6897674,2.283972502,2.217154503,optimal,-,-
129,TPM,2400,2800,12,150,1,6897674,1.475214005,0.590990782,optimal,-,-
129,TPM_m,2400,2800,12,150,1,6897674,0.398573928,0.187921047,optimal,-,-
129,FAL,2400,2800,12,150,1,6897674,1.052583456,0.485334158,optimal,-,-
129,SHP,2400,2800,12,150,1,6897674,0.956946611,0.474822521,optimal,-,-
129,weakl,2400,2800,12,150,1,6897674,314.3206725,2.114940405,optimal,19,319.998563
129,envl,2400,2800,12,150,1,6897674,314.1287102,1.750089407,optimal,19,319.8174359
129,weakenvl,2400,2800,12,150,1,6897674,314.4595639,2.093775272,optimal,19,320.1698878
130,M_Agg,2400,2800,12,150,2,6848087,1.528858185,1.448940754,optimal,-,-
130,TPM,2400,2800,12,150,2,6848087,1.470475435,0.557290077,optimal,-,-
130,TPM_m,2400,2800,12,150,2,6848087,0.376323194,0.175169706,optimal,-,-
130,FAL,2400,2800,12,150,2,6848087,1.040266514,0.473640442,optimal,-,-
130,SHP,2400,2800,12,150,2,6848087,0.825969219,0.47733593,optimal,-,-
130,weakl,2400,2800,12,150,2,6848087,316.4721682,1.586884499,optimal,17,317.2589197
130,envl,2400,2800,12,150,2,6848087,316.2310724,1.228562355,optimal,17,317.0094429
130,weakenvl,2400,2800,12,150,2,6848087,316.6630366,1.661709785,optimal,17,317.4103867
131,M_Agg,2400,2800,12,150,3,6976547,1.329272509,1.260468721,optimal,-,-
131,TPM,2400,2800,12,150,3,6976547,1.456418514,0.626813889,optimal,-,-
131,TPM_m,2400,2800,12,150,3,6976547,0.389223077,0.187514782,optimal,-,-
131,FAL,2400,2800,12,150,3,6976547,1.059514284,0.47065711,optimal,-,-
131,SHP,2400,2800,12,150,3,6976547,0.890940666,0.48326993,optimal,-,-
131,weakl,2400,2800,12,150,3,6976547,324.3498119,1.8921206,optimal,18,316.8411722
131,envl,2400,2800,12,150,3,6976547,323.7394408,1.150760412,optimal,18,316.7805182
131,weakenvl,2400,2800,12,150,3,6976547,324.2649387,1.680736542,optimal,18,317.0634434
132,M_Agg,2400,2800,12,150,4,6874147,1.644168615,1.55968976,optimal,-,-
132,TPM,2400,2800,12,150,4,6874147,1.596247673,0.557427883,optimal,-,-
132,TPM_m,2400,2800,12,150,4,6874147,0.39359369,0.196092844,optimal,-,-
132,FAL,2400,2800,12,150,4,6874147,1.15299511,0.47789669,optimal,-,-
132,SHP,2400,2800,12,150,4,6874147,0.853776455,0.469424725,optimal,-,-
132,weakl,2400,2800,12,150,4,6874147,324.8515996,1.770935297,optimal,19,312.1944919
132,envl,2400,2800,12,150,4,6874147,325.1705202,1.997593403,optimal,19,312.2165136
132,weakenvl,2400,2800,12,150,4,6874147,325.2920121,2.116024017,optimal,19,312.3928781
133,M_Agg,2400,2800,12,200,1,9042600,2.850667477,2.778523922,optimal,-,-
133,TPM,2400,2800,12,200,1,9042600,2.425126076,0.977113247,optimal,-,-
133,TPM_m,2400,2800,12,200,1,9042600,0.484337309,0.229958057,optimal,-,-
133,FAL,2400,2800,12,200,1,9042600,1.843274832,0.793486595,optimal,-,-
133,SHP,2400,2800,12,200,1,9042600,1.399236679,0.781228542,optimal,-,-
133,weakl,2400,2800,12,200,1,9042600,303.3620992,2.134682894,optimal,16,310.0299363
133,envl,2400,2800,12,200,1,9042600,302.8967381,1.547477722,optimal,16,309.7312963
133,weakenvl,2400,2800,12,200,1,9042600,303.4215596,2.046160698,optimal,16,309.9904875
134,M_Agg,2400,2800,12,200,2,9205043,2.575824976,2.499583244,optimal,-,-
134,TPM,2400,2800,12,200,2,9205043,2.47957325,0.958751678,optimal,-,-
134,TPM_m,2400,2800,12,200,2,9205043,0.497512389,0.228675365,optimal,-,-
134,FAL,2400,2800,12,200,2,9205043,1.681202173,0.697499752,optimal,-,-
134,SHP,2400,2800,12,200,2,9205043,1.394478559,0.77920413,optimal,-,-
134,weakl,2400,2800,12,200,2,9205043,314.8011783,2.540862083,optimal,15,317.9971008
134,envl,2400,2800,12,200,2,9205043,315.3153737,2.874899149,optimal,15,317.9757053
134,weakenvl,2400,2800,12,200,2,9205043,315.2752634,2.842896223,optimal,15,318.128542
135,M_Agg,2400,2800,12,200,3,9303313,2.862442255,2.772718906,optimal,-,-
135,TPM,2400,2800,12,200,3,9303313,2.58954668,0.940825224,optimal,-,-
135,TPM_m,2400,2800,12,200,3,9303313,0.822675596,0.552019596,optimal,-,-
135,FAL,2400,2800,12,200,3,9303313,1.833180904,0.65204978,optimal,-,-
135,SHP,2400,2800,12,200,3,9303313,1.409925699,0.797059059,optimal,-,-
135,weakl,2400,2800,12,200,3,9303313,305.7630905,3.295370579,optimal,14,319.1804684
135,envl,2400,2800,12,200,3,9303313,305.4834224,2.868537188,optimal,14,319.1079344
135,weakenvl,2400,2800,12,200,3,9303313,305.5826775,2.958680391,optimal,14,319.2428624
136,M_Agg,2400,2800,12,200,4,9143052,2.492044926,2.419336081,optimal,-,-
136,TPM,2400,2800,12,200,4,9143052,2.353563309,0.919709682,optimal,-,-
136,TPM_m,2400,2800,12,200,4,9143052,0.478610981,0.228023291,optimal,-,-
136,FAL,2400,2800,12,200,4,9143052,1.829863548,0.699995041,optimal,-,-
136,SHP,2400,2800,12,200,4,9143052,1.353899479,0.758211374,optimal,-,-
136,weakl,2400,2800,12,200,4,9143052,316.1933774,2.513895035,optimal,15,326.1702801
136,envl,2400,2800,12,200,4,9143052,315.2296511,1.421701431,optimal,15,326.1473383
136,weakenvl,2400,2800,12,200,4,9143052,315.6824495,1.871626139,optimal,15,326.340258
137,M_Agg,2400,2800,12,300,1,13764370,3.50626564,3.425379276,optimal,-,-
137,TPM,2400,2800,12,300,1,13764370,5.492674828,2.10181284,optimal,-,-
137,TPM_m,2400,2800,12,300,1,13764370,0.689009402,0.305584669,optimal,-,-
137,FAL,2400,2800,12,300,1,13764370,3.913757563,1.512886524,optimal,-,-
137,SHP,2400,2800,12,300,1,13764370,3.38981843,1.667657614,optimal,-,-
137,weakl,2400,2800,12,300,1,13764370,335.230757,3.179153919,optimal,14,332.406296
137,envl,2400,2800,12,300,1,13764370,335.8743741,3.607563019,optimal,14,332.6699409
137,weakenvl,2400,2800,12,300,1,13764370,335.9737777,3.694202662,optimal,14,332.7843908
138,M_Agg,2400,2800,12,300,2,13860981,4.135164499,4.051899195,optimal,-,-
138,TPM,2400,2800,12,300,2,13860981,5.25938797,1.895882607,optimal,-,-
138,TPM_m,2400,2800,12,300,2,13860981,0.67255598,0.291528225,optimal,-,-
138,FAL,2400,2800,12,300,2,13860981,3.854567289,1.501064301,optimal,-,-
138,SHP,2400,2800,12,300,2,13860981,3.523594379,1.806477785,optimal,-,-
138,weakl,2400,2800,12,300,2,13860981,319.5346487,3.849263191,optimal,15,328.9075613
138,envl,2400,2800,12,300,2,13860981,319.8442901,3.826800108,optimal,15,329.2532426
138,weakenvl,2400,2800,12,300,2,13860981,319.732545,3.735117674,optimal,15,329.4152641
139,M_Agg,2400,2800,12,300,3,13675719,3.697618246,3.619024515,optimal,-,-
139,TPM,2400,2800,12,300,3,13675719,5.224679232,1.94129324,optimal,-,-
139,TPM_m,2400,2800,12,300,3,13675719,0.659682023,0.275772333,optimal,-,-
139,FAL,2400,2800,12,300,3,13675719,3.691292286,1.395484924,optimal,-,-
139,SHP,2400,2800,12,300,3,13675719,3.238082409,1.507096529,optimal,-,-
139,weakl,2400,2800,12,300,3,13675719,333.7223372,3.610290051,optimal,14,328.8133453
139,envl,2400,2800,12,300,3,13675719,333.6410379,3.300799608,optimal,14,329.0901837
139,weakenvl,2400,2800,12,300,3,13675719,333.97226,3.619381189,optimal,14,329.3540346
140,M_Agg,2400,2800,12,300,4,13937247,3.578299522,3.496536493,optimal,-,-
140,TPM,2400,2800,12,300,4,13937247,5.156551123,1.88209796,optimal,-,-
140,TPM_m,2400,2800,12,300,4,13937247,0.718696045,0.291339636,optimal,-,-
140,FAL,2400,2800,12,300,4,13937247,3.800630331,1.459515333,optimal,-,-
140,SHP,2400,2800,12,300,4,13937247,3.155951977,1.593040943,optimal,-,-
140,weakl,2400,2800,12,300,4,13937247,341.137441,3.724635363,optimal,15,326.3901895
140,envl,2400,2800,12,300,4,13937247,341.3200616,3.613937378,optimal,15,326.7393298
140,weakenvl,2400,2800,12,300,4,13937247,341.4589804,3.753891706,optimal,15,326.8989574
141,M_Agg,2400,2800,12,500,1,22948464,6.290901661,6.164402485,optimal,-,-
141,TPM,2400,2800,12,500,1,22948464,15.49126673,5.630856514,optimal,-,-
141,TPM_m,2400,2800,12,500,1,22948464,1.096599237,0.467453957,optimal,-,-
141,FAL,2400,2800,12,500,1,22948464,11.47677588,4.270223618,optimal,-,-
141,SHP,2400,2800,12,500,1,22948464,10.94731545,6.800990582,optimal,-,-
141,weakl,2400,2800,12,500,1,22948464,321.235818,6.04948926,optimal,14,332.3843802
141,envl,2400,2800,12,500,1,22948464,322.2075807,5.895488024,optimal,14,332.8106089
141,weakenvl,2400,2800,12,500,1,22948464,322.4972712,6.173655987,optimal,14,333.0808563
142,M_Agg,2400,2800,12,500,2,22884605,6.841707945,6.727040529,optimal,-,-
142,TPM,2400,2800,12,500,2,22884605,15.16817594,5.177927732,optimal,-,-
142,TPM_m,2400,2800,12,500,2,22884605,1.161201466,0.47375226,optimal,-,-
142,FAL,2400,2800,12,500,2,22884605,11.48624253,4.389903069,optimal,-,-
142,SHP,2400,2800,12,500,2,22884605,10.99731255,6.215783119,optimal,-,-
142,weakl,2400,2800,12,500,2,22884605,319.1577851,6.556992054,optimal,14,341.4197376
142,envl,2400,2800,12,500,2,22884605,319.1920546,6.391712427,optimal,14,342.0925403
142,weakenvl,2400,2800,12,500,2,22884605,319.4876267,6.710447788,optimal,14,341.9438407
143,M_Agg,2400,2800,12,500,3,22866213,6.706809044,6.598903418,optimal,-,-
143,TPM,2400,2800,12,500,3,22865153,15.01189137,5.07374239,optimal,-,-
143,TPM_m,2400,2800,12,500,3,22865153,1.129572043,0.491322994,optimal,-,-
143,FAL,2400,2800,12,500,3,22865153,11.3839438,4.19266963,optimal,-,-
143,SHP,2400,2800,12,500,3,22865153,10.45668769,5.542946577,optimal,-,-
143,weakl,2400,2800,12,500,3,22865153,324.0297138,6.396331549,optimal,14,351.5390348
143,envl,2400,2800,12,500,3,22865153,324.2376225,6.376481295,optimal,14,352.3797091
143,weakenvl,2400,2800,12,500,3,22865153,324.1519513,6.288888216,optimal,14,351.753556
144,M_Agg,2400,2800,12,500,4,22802748,6.171644926,6.064076424,optimal,-,-
144,TPM,2400,2800,12,500,4,22802748,14.63476181,5.002032042,optimal,-,-
144,TPM_m,2400,2800,12,500,4,22802748,1.09855555,0.470405102,optimal,-,-
144,FAL,2400,2800,12,500,4,22802748,11.2630322,4.260417223,optimal,-,-
144,SHP,2400,2800,12,500,4,22802748,10.82019234,6.004375219,optimal,-,-
144,weakl,2400,2800,12,500,4,22802748,365.1142038,6.047496319,optimal,16,359.3698427
144,envl,2400,2800,12,500,4,22802748,365.6051777,6.289693594,optimal,16,360.1015355
144,weakenvl,2400,2800,12,500,4,22802748,366.1865762,6.861653566,optimal,16,359.7325292
145,M_Agg,2400,2800,12,1000,1,45787511,15.01825714,14.85274243,optimal,-,-
145,TPM,2400,2800,12,1000,1,45787511,70.98764753,28.99854589,optimal,-,-
145,TPM_m,2400,2800,12,1000,1,45787511,2.312281693,0.883215427,optimal,-,-
145,FAL,2400,2800,12,1000,1,45787511,117.2145557,86.7971015,optimal,-,-
145,SHP,2400,2800,12,1000,1,45787511,56.56090021,38.93147349,optimal,-,-
145,weakl,2400,2800,12,1000,1,45787511,357.3772479,15.11400604,optimal,15,357.8951633
145,envl,2400,2800,12,1000,1,45787511,359.3353062,16.8499589,optimal,15,358.5821175
145,weakenvl,2400,2800,12,1000,1,45787511,357.9492085,15.47617078,optimal,15,358.167011
146,M_Agg,2400,2800,12,1000,2,45747656,14.45004535,14.2846868,optimal,-,-
146,TPM,2400,2800,12,1000,2,45747656,67.92627597,24.85129929,optimal,-,-
146,TPM_m,2400,2800,12,1000,2,45747656,2.309105091,0.905621767,optimal,-,-
146,FAL,2400,2800,12,1000,2,45747656,114.5081081,85.72749877,optimal,-,-
146,SHP,2400,2800,12,1000,2,45747656,56.60068011,38.38983655,optimal,-,-
146,weakl,2400,2800,12,1000,2,45747656,359.6349737,14.03316879,optimal,15,352.772156
146,envl,2400,2800,12,1000,2,45747656,360.3407301,14.51042175,optimal,15,352.7837884
146,weakenvl,2400,2800,12,1000,2,45747656,358.7264881,12.81955361,optimal,15,352.5795957
147,M_Agg,2400,2800,12,1000,3,45722577,13.61556339,13.44892812,optimal,-,-
147,TPM,2400,2800,12,1000,3,45722577,66.64425683,24.08411407,optimal,-,-
147,TPM_m,2400,2800,12,1000,3,45722577,2.08021691,0.731027603,optimal,-,-
147,FAL,2400,2800,12,1000,3,45722577,114.1736686,84.41599154,optimal,-,-
147,SHP,2400,2800,12,1000,3,45722577,66.944767,48.97720647,optimal,-,-
147,weakl,2400,2800,12,1000,3,45722577,355.3529453,13.92560387,optimal,15,346.8609531
147,envl,2400,2800,12,1000,3,45722577,355.1249278,13.45827341,optimal,15,347.041761
147,weakenvl,2400,2800,12,1000,3,45722577,356.0678439,14.42085528,optimal,15,347.021202
148,M_Agg,2400,2800,12,1000,4,45560906,15.64181256,15.48497939,optimal,-,-
148,TPM,2400,2800,12,1000,4,45560906,64.43489432,23.36092639,optimal,-,-
148,TPM_m,2400,2800,12,1000,4,45560906,2.1841784,0.788725853,optimal,-,-
148,FAL,2400,2800,12,1000,4,45560906,113.2190907,84.74507999,optimal,-,-
148,SHP,2400,2800,12,1000,4,45560906,62.94414711,42.58015275,optimal,-,-
148,weakl,2400,2800,12,1000,4,45560956,359.2154864,15.58932304,optimal,15,348.1445323
148,envl,2400,2800,12,1000,4,45560906,359.527506,15.68139768,optimal,15,348.6863941
148,weakenvl,2400,2800,12,1000,4,45560906,359.9245034,16.07015347,optimal,15,348.1985953
149,M_Agg,2400,2800,12,2000,1,91672248,32.82009912,32.55583215,optimal,-,-
149,TPM,2400,2800,12,2000,1,91672248,326.9751723,145.3733771,optimal,-,-
149,TPM_m,2400,2800,12,2000,1,91672248,5.216961407,2.045255899,optimal,-,-
149,FAL,2400,2800,12,2000,1,91672248,1059.389879,937.8918812,optimal,-,-
149,SHP,2400,2800,12,2000,1,91672248,492.1904423,414.786283,optimal,-,-
149,weakl,2400,2800,12,2000,1,91672248,336.8852185,29.61885571,optimal,14,349.9540201
149,envl,2400,2800,12,2000,1,91672248,336.1419896,28.68080497,optimal,14,349.633195
149,weakenvl,2400,2800,12,2000,1,91672248,335.5995475,28.11134243,optimal,14,349.2792128
150,M_Agg,2400,2800,12,2000,2,91395686,37.89836693,37.58749175,optimal,-,-
150,TPM,2400,2800,12,2000,2,91395686,325.2890241,145.0828245,optimal,-,-
150,TPM_m,2400,2800,12,2000,2,91395686,5.668182461,2.451600552,optimal,-,-
150,FAL,2400,2800,12,2000,2,91395686,1061.023933,935.237077,optimal,-,-
150,SHP,2400,2800,12,2000,2,91395686,451.9744246,373.2960813,optimal,-,-
150,weakl,2400,2800,12,2000,2,91395686,335.990162,31.65863967,optimal,14,343.171528
150,envl,2400,2800,12,2000,2,91395686,337.3726207,32.83805609,optimal,14,342.7781009
150,weakenvl,2400,2800,12,2000,2,91395686,336.4929133,31.94991422,optimal,14,342.6072052
151,M_Agg,2400,2800,12,2000,3,91562350,34.61648941,34.31243038,optimal,-,-
151,TPM,2400,2800,12,2000,3,91562350,351.5637355,160.177825,optimal,-,-
151,TPM_m,2400,2800,12,2000,3,91562350,5.400237175,2.047148705,optimal,-,-
151,FAL,2400,2800,12,2000,3,91562350,1073.768476,946.4096355,optimal,-,-
151,SHP,2400,2800,12,2000,3,91562350,527.066999,448.4202025,optimal,-,-
151,weakl,2400,2800,12,2000,3,91562350,360.4872623,32.66235852,optimal,14,335.8871315
151,envl,2400,2800,12,2000,3,91562350,361.7034603,33.6619091,optimal,14,334.8873385
151,weakenvl,2400,2800,12,2000,3,91562350,360.777417,32.74814296,optimal,14,335.1858195
152,M_Agg,2400,2800,12,2000,4,91379229,35.83522272,35.53509808,optimal,-,-
152,TPM,2400,2800,12,2000,4,91379229,333.3454652,155.9264593,optimal,-,-
152,TPM_m,2400,2800,12,2000,4,91379229,5.569602041,2.249114275,optimal,-,-
152,FAL,2400,2800,12,2000,4,91379229,1067.716515,941.2940049,optimal,-,-
152,SHP,2400,2800,12,2000,4,91379229,491.9357376,412.6058259,optimal,-,-
152,weakl,2400,2800,12,2000,4,91379229,366.4534377,31.54892278,optimal,14,322.9080513
152,envl,2400,2800,12,2000,4,91379229,363.3147093,28.0831964,optimal,14,321.5675011
152,weakenvl,2400,2800,12,2000,4,91379229,364.2469734,29.17762613,optimal,14,322.1263589
153,M_Agg,2400,2800,18,90,1,4110019,0.779641628,0.707774878,optimal,-,-
153,TPM,2400,2800,18,90,1,4110019,0.636267424,0.320720196,optimal,-,-
153,TPM_m,2400,2800,18,90,1,4110019,0.367676052,0.211920738,optimal,-,-
153,FAL,2400,2800,18,90,1,4110019,0.764971018,0.541880369,optimal,-,-
153,SHP,2400,2800,18,90,1,4110019,0.404095888,0.239644766,optimal,-,-
153,weakl,2400,2800,18,90,1,4110019,309.7552502,1.030397177,optimal,23,308.1463331
153,envl,2400,2800,18,90,1,4110019,308.7216134,0.713417053,optimal,23,307.5287856
153,weakenvl,2400,2800,18,90,1,4110019,308.9115171,0.917720795,optimal,23,307.9478363
154,M_Agg,2400,2800,18,90,2,4124482,1.01297164,0.947803974,optimal,-,-
154,TPM,2400,2800,18,90,2,4124482,0.640167475,0.277431965,optimal,-,-
154,TPM_m,2400,2800,18,90,2,4124482,0.346029397,0.192507029,optimal,-,-
154,FAL,2400,2800,18,90,2,4124482,0.521748066,0.294749022,optimal,-,-
154,SHP,2400,2800,18,90,2,4124482,0.394645691,0.229848862,optimal,-,-
154,weakl,2400,2800,18,90,2,4124482,306.8525759,1.973892212,optimal,23,307.3298841
154,envl,2400,2800,18,90,2,4124482,305.8095709,0.915007591,optimal,23,306.9612703
154,weakenvl,2400,2800,18,90,2,4124482,306.8073703,1.892900467,optimal,23,307.4098067
155,M_Agg,2400,2800,18,90,3,4105971,0.774755716,0.705659866,optimal,-,-
155,TPM,2400,2800,18,90,3,4105971,0.615665436,0.30174017,optimal,-,-
155,TPM_m,2400,2800,18,90,3,4105971,0.33382452,0.174862385,optimal,-,-
155,FAL,2400,2800,18,90,3,4105971,0.472816229,0.226071835,optimal,-,-
155,SHP,2400,2800,18,90,3,4105971,0.357692003,0.214852333,optimal,-,-
155,weakl,2400,2800,18,90,3,4105971,308.5709412,0.912053347,optimal,20,306.8463465
155,envl,2400,2800,18,90,3,4109998,308.4241106,0.717224121,optimal,20,306.7758913
155,weakenvl,2400,2800,18,90,3,4109998,308.5395746,0.810470581,optimal,20,306.9328867
156,M_Agg,2400,2800,18,90,4,4232414,1.197911024,1.139695883,optimal,-,-
156,TPM,2400,2800,18,90,4,4232414,0.628649712,0.298673391,optimal,-,-
156,TPM_m,2400,2800,18,90,4,4232414,0.299699056,0.147690296,optimal,-,-
156,FAL,2400,2800,18,90,4,4232414,0.778242588,0.55768013,optimal,-,-
156,SHP,2400,2800,18,90,4,4232414,0.348991632,0.194998741,optimal,-,-
156,weakl,2400,2800,18,90,4,4232414,307.4065653,1.876401663,optimal,20,307.1497711
156,envl,2400,2800,18,90,4,4232414,307.1598476,1.57599473,optimal,20,307.0758526
156,weakenvl,2400,2800,18,90,4,4232414,307.532883,1.961393118,optimal,20,307.2326545
157,M_Agg,2400,2800,18,100,1,4630511,0.897563696,0.837028503,optimal,-,-
157,TPM,2400,2800,18,100,1,4630511,0.690514088,0.311409473,optimal,-,-
157,TPM_m,2400,2800,18,100,1,4630511,0.543155583,0.358928919,optimal,-,-
157,FAL,2400,2800,18,100,1,4630511,0.578062773,0.288758755,optimal,-,-
157,SHP,2400,2800,18,100,1,4630511,0.409420252,0.235024929,optimal,-,-
157,weakl,2400,2800,18,100,1,4630511,306.4894538,0.810908794,optimal,17,308.6313506
157,envl,2400,2800,18,100,1,4630511,306.451552,0.690119743,optimal,17,308.4467108
157,weakenvl,2400,2800,18,100,1,4630511,306.759399,1.014645576,optimal,17,308.7744883
158,M_Agg,2400,2800,18,100,2,4492946,0.863606215,0.805435658,optimal,-,-
158,TPM,2400,2800,18,100,2,4492946,0.702465534,0.301615715,optimal,-,-
158,TPM_m,2400,2800,18,100,2,4492946,0.348635962,0.178349257,optimal,-,-
158,FAL,2400,2800,18,100,2,4492946,0.567882538,0.296973467,optimal,-,-
158,SHP,2400,2800,18,100,2,4492946,0.503357172,0.309282541,optimal,-,-
158,weakl,2400,2800,18,100,2,4492946,304.9184255,1.032617092,optimal,19,312.9712504
158,envl,2400,2800,18,100,2,4492946,305.0680549,1.119439602,optimal,19,312.6261295
158,weakenvl,2400,2800,18,100,2,4492946,304.8996901,0.942002773,optimal,19,313.0315886
159,M_Agg,2400,2800,18,100,3,4544068,0.88422823,0.822802782,optimal,-,-
159,TPM,2400,2800,18,100,3,4544068,0.679276705,0.28827858,optimal,-,-
159,TPM_m,2400,2800,18,100,3,4544068,0.372478369,0.189779043,optimal,-,-
159,FAL,2400,2800,18,100,3,4544068,0.534090042,0.267569304,optimal,-,-
159,SHP,2400,2800,18,100,3,4544068,0.480847597,0.312692165,optimal,-,-
159,weakl,2400,2800,18,100,3,4544068,309.7846398,0.922137976,optimal,17,314.7947001
159,envl,2400,2800,18,100,3,4544068,309.6239562,0.68117094,optimal,17,314.4887878
159,weakenvl,2400,2800,18,100,3,4544068,309.7386458,0.805226326,optimal,17,315.1219333
160,M_Agg,2400,2800,18,100,4,4551179,1.121830702,1.038003922,optimal,-,-
160,TPM,2400,2800,18,100,4,4551179,0.667356491,0.281949759,optimal,-,-
160,TPM_m,2400,2800,18,100,4,4551179,0.355135619,0.17571044,optimal,-,-
160,FAL,2400,2800,18,100,4,4551179,0.928533077,0.653659105,optimal,-,-
160,SHP,2400,2800,18,100,4,4551179,0.485400677,0.273761272,optimal,-,-
160,weakl,2400,2800,18,100,4,4551179,313.3328833,1.434688807,optimal,18,313.9006643
160,envl,2400,2800,18,100,4,4551179,312.64328,0.704307795,optimal,18,313.6693529
160,weakenvl,2400,2800,18,100,4,4551179,313.7002182,1.75686574,optimal,18,314.3263242
161,M_Agg,2400,2800,18,120,1,5505795,1.389010191,1.315525055,optimal,-,-
161,TPM,2400,2800,18,120,1,5505795,0.932873726,0.387892485,optimal,-,-
161,TPM_m,2400,2800,18,120,1,5505795,0.536120826,0.188460827,optimal,-,-
161,FAL,2400,2800,18,120,1,5505795,0.812912941,0.317581415,optimal,-,-
161,SHP,2400,2800,18,120,1,5505795,0.546326876,0.294225216,optimal,-,-
161,weakl,2400,2800,18,120,1,5505795,323.849053,2.018743753,optimal,15,312.8750538
161,envl,2400,2800,18,120,1,5505795,323.169227,1.242334604,optimal,15,312.7292013
161,weakenvl,2400,2800,18,120,1,5505795,323.7878002,1.86790061,optimal,15,313.3365958
162,M_Agg,2400,2800,18,120,2,5543464,0.981727362,0.916972637,optimal,-,-
162,TPM,2400,2800,18,120,2,5543464,1.024134398,0.461194515,optimal,-,-
162,TPM_m,2400,2800,18,120,2,5543464,0.390502246,0.185156822,optimal,-,-
162,FAL,2400,2800,18,120,2,5543464,0.716323614,0.289328814,optimal,-,-
162,SHP,2400,2800,18,120,2,5543464,0.568705559,0.303408861,optimal,-,-
162,weakl,2400,2800,18,120,2,5543464,312.212224,0.921607494,optimal,14,314.8755602
162,envl,2400,2800,18,120,2,5543464,312.518688,1.124841928,optimal,14,315.1191929
162,weakenvl,2400,2800,18,120,2,5543464,313.2610691,1.869606972,optimal,14,315.3383736
163,M_Agg,2400,2800,18,120,3,5468620,1.285743237,1.218182087,optimal,-,-
163,TPM,2400,2800,18,120,3,5468620,1.005781651,0.465515614,optimal,-,-
163,TPM_m,2400,2800,18,120,3,5468620,0.421945658,0.216844559,optimal,-,-
163,FAL,2400,2800,18,120,3,5468620,0.69978857,0.280020475,optimal,-,-
163,SHP,2400,2800,18,120,3,5468620,0.549641371,0.299832106,optimal,-,-
163,weakl,2400,2800,18,120,3,5468620,306.2084967,1.874195814,optimal,15,318.6585417
163,envl,2400,2800,18,120,3,5468620,306.3462165,1.905240059,optimal,15,318.8296147
163,weakenvl,2400,2800,18,120,3,5468620,306.5562092,2.104479074,optimal,15,318.8188647
164,M_Agg,2400,2800,18,120,4,5449782,1.641278028,1.580180883,optimal,-,-
164,TPM,2400,2800,18,120,4,5449782,1.017657757,0.456883192,optimal,-,-
164,TPM_m,2400,2800,18,120,4,5449782,0.396667793,0.186623096,optimal,-,-
164,FAL,2400,2800,18,120,4,5449782,0.815583229,0.276841164,optimal,-,-
164,SHP,2400,2800,18,120,4,5449782,0.65264225,0.353681803,optimal,-,-
164,weakl,2400,2800,18,120,4,5449782,309.2304415,1.356322527,optimal,15,326.9048372
164,envl,2400,2800,18,120,4,5449782,308.8826737,0.931098223,optimal,15,327.0463667
164,weakenvl,2400,2800,18,120,4,5449782,309.7413046,1.790660858,optimal,15,326.9342382
165,M_Agg,2400,2800,18,150,1,6881050,2.383471012,2.31876421,optimal,-,-
165,TPM,2400,2800,18,150,1,6881050,1.557461739,0.703554869,optimal,-,-
165,TPM_m,2400,2800,18,150,1,6881050,0.489956525,0.23197031,optimal,-,-
165,FAL,2400,2800,18,150,1,6881050,1.175455093,0.489768505,optimal,-,-
165,SHP,2400,2800,18,150,1,6881050,0.849525928,0.484739065,optimal,-,-
165,weakl,2400,2800,18,150,1,6881050,331.8510788,1.452995539,optimal,12,326.7461164
165,envl,2400,2800,18,150,1,6881050,332.7291932,2.203177214,optimal,12,327.0278306
165,weakenvl,2400,2800,18,150,1,6881050,331.7949114,1.26655817,optimal,12,326.7092909
166,M_Agg,2400,2800,18,150,2,6739523,2.620569468,2.547364473,optimal,-,-
166,TPM,2400,2800,18,150,2,6739523,1.549539328,0.567014933,optimal,-,-
166,TPM_m,2400,2800,18,150,2,6739523,0.496149998,0.238477707,optimal,-,-
166,FAL,2400,2800,18,150,2,6739523,1.135154963,0.455969095,optimal,-,-
166,SHP,2400,2800,18,150,2,6739523,0.941163063,0.475677252,optimal,-,-
166,weakl,2400,2800,18,150,2,6739523,327.3441499,2.214812279,optimal,13,331.1087917
166,envl,2400,2800,18,150,2,6739523,327.3603755,2.094377518,optimal,13,331.2097228
166,weakenvl,2400,2800,18,150,2,6739523,327.1830335,1.910137653,optimal,13,331.1301681
167,M_Agg,2400,2800,18,150,3,6960206,2.274905682,2.206868172,optimal,-,-
167,TPM,2400,2800,18,150,3,6960206,1.573345423,0.595929861,optimal,-,-
167,TPM_m,2400,2800,18,150,3,6960206,0.509876035,0.25978756,optimal,-,-
167,FAL,2400,2800,18,150,3,6960206,1.141559601,0.463392019,optimal,-,-
167,SHP,2400,2800,18,150,3,6960206,0.956036568,0.573297739,optimal,-,-
167,weakl,2400,2800,18,150,3,6960206,339.1936785,2.261868715,optimal,11,328.904241
167,envl,2400,2800,18,150,3,6960206,339.2132245,2.090129614,optimal,11,329.1504487
167,weakenvl,2400,2800,18,150,3,6960206,339.0177032,1.893266678,optimal,11,329.0651336
168,M_Agg,2400,2800,18,150,4,6820247,1.647782326,1.575727701,optimal,-,-
168,TPM,2400,2800,18,150,4,6820247,1.502775669,0.596131086,optimal,-,-
168,TPM_m,2400,2800,18,150,4,6820247,0.466261232,0.233389139,optimal,-,-
168,FAL,2400,2800,18,150,4,6820247,1.073767185,0.473023653,optimal,-,-
168,SHP,2400,2800,18,150,4,6820247,0.81495595,0.450400114,optimal,-,-
168,weakl,2400,2800,18,150,4,6820247,308.5955585,2.00986743,optimal,12,322.1827908
168,envl,2400,2800,18,150,4,6820247,308.8085293,2.092657804,optimal,12,322.4960518
168,weakenvl,2400,2800,18,150,4,6820247,308.8415154,2.127287149,optimal,12,322.5107655
169,M_Agg,2400,2800,18,200,1,9194237,2.911910772,2.84236145,optimal,-,-
169,TPM,2400,2800,18,200,1,9193637,2.495595694,0.987831116,optimal,-,-
169,TPM_m,2400,2800,18,200,1,9193637,0.585878105,0.256799221,optimal,-,-
169,FAL,2400,2800,18,200,1,9193637,1.800056934,0.658883095,optimal,-,-
169,SHP,2400,2800,18,200,1,9193637,1.395123243,0.792829037,optimal,-,-
169,weakl,2400,2800,18,200,1,9193637,349.3017797,3.199578285,optimal,10,332.8629319
169,envl,2400,2800,18,200,1,9193637,349.4567618,3.051211119,optimal,10,333.1316051
169,weakenvl,2400,2800,18,200,1,9193637,349.4784204,3.057965755,optimal,10,333.2665343
170,M_Agg,2400,2800,18,200,2,9173774,3.257368088,3.188166618,optimal,-,-
170,TPM,2400,2800,18,200,2,9173774,2.507560492,0.968258619,optimal,-,-
170,TPM_m,2400,2800,18,200,2,9173774,0.584830599,0.264757395,optimal,-,-
170,FAL,2400,2800,18,200,2,9173774,1.997277737,0.686022282,optimal,-,-
170,SHP,2400,2800,18,200,2,9173774,1.413671494,0.806731462,optimal,-,-
170,weakl,2400,2800,18,200,2,9173774,318.5259471,2.741560221,optimal,11,331.7911109
170,envl,2400,2800,18,200,2,9173774,319.1232794,3.164768457,optimal,11,332.1141192
170,weakenvl,2400,2800,18,200,2,9173774,318.9228955,2.960309029,optimal,11,332.2479098
171,M_Agg,2400,2800,18,200,3,9000201,3.233854055,3.160041571,optimal,-,-
171,TPM,2400,2800,18,200,3,9000201,2.640317202,0.965072393,optimal,-,-
171,TPM_m,2400,2800,18,200,3,9000201,0.603450848,0.274465561,optimal,-,-
171,FAL,2400,2800,18,200,3,9000201,1.717606783,0.687691927,optimal,-,-
171,SHP,2400,2800,18,200,3,9000201,1.468167782,0.769079924,optimal,-,-
171,weakl,2400,2800,18,200,3,9000201,312.3078778,2.748080492,optimal,11,344.8489854
171,envl,2400,2800,18,200,3,9000201,312.5956368,2.863048315,optimal,11,345.0194497
171,weakenvl,2400,2800,18,200,3,9000201,312.8002305,3.066823721,optimal,11,345.2180877
172,M_Agg,2400,2800,18,200,4,9225044,2.843564987,2.745604515,optimal,-,-
172,TPM,2400,2800,18,200,4,9225044,2.470054865,1.008394718,optimal,-,-
172,TPM_m,2400,2800,18,200,4,9225044,0.610204276,0.27856493,optimal,-,-
172,FAL,2400,2800,18,200,4,9225044,1.780203104,0.678976536,optimal,-,-
172,SHP,2400,2800,18,200,4,9225044,1.423447847,0.795053959,optimal,-,-
172,weakl,2400,2800,18,200,4,9225044,351.3161229,2.756496191,optimal,10,355.98762
172,envl,2400,2800,18,200,4,9225044,351.3507423,2.538998842,optimal,10,355.9750684
172,weakenvl,2400,2800,18,200,4,9225044,351.8645908,3.052138329,optimal,10,356.0891545
173,M_Agg,2400,2800,18,300,1,13753904,3.912629366,3.82288909,optimal,-,-
173,TPM,2400,2800,18,300,1,13753904,5.742696762,2.170698404,optimal,-,-
173,TPM_m,2400,2800,18,300,1,13753904,0.851973559,0.363725185,optimal,-,-
173,FAL,2400,2800,18,300,1,13753904,3.962219954,1.593698502,optimal,-,-
173,SHP,2400,2800,18,300,1,13753904,3.299329996,1.942865372,optimal,-,-
173,weakl,2400,2800,18,300,1,13753904,345.0144957,3.720085382,optimal,10,345.0908535
173,envl,2400,2800,18,300,1,13753904,345.3868183,3.812086344,optimal,10,345.0089056
173,weakenvl,2400,2800,18,300,1,13753904,345.4039224,3.836116552,optimal,10,345.1240398
174,M_Agg,2400,2800,18,300,2,13632497,3.836941242,3.749647617,optimal,-,-
174,TPM,2400,2800,18,300,2,13632497,5.452594519,2.052049637,optimal,-,-
174,TPM_m,2400,2800,18,300,2,13632497,0.820472049,0.337866545,optimal,-,-
174,FAL,2400,2800,18,300,2,13632497,3.952957392,1.519813538,optimal,-,-
174,SHP,2400,2800,18,300,2,13632497,3.237395763,1.763686895,optimal,-,-
174,weakl,2400,2800,18,300,2,13632497,370.7574454,4.047354937,optimal,10,341.2034559
174,envl,2400,2800,18,300,2,13632497,370.7446015,3.686523676,optimal,10,341.1091167
174,weakenvl,2400,2800,18,300,2,13632497,370.8036073,3.822192907,optimal,10,341.4097375
175,M_Agg,2400,2800,18,300,3,13791337,4.168076754,4.083575487,optimal,-,-
175,TPM,2400,2800,18,300,3,13791337,5.729049683,2.239238024,optimal,-,-
175,TPM_m,2400,2800,18,300,3,13791337,0.847773699,0.329152584,optimal,-,-
175,FAL,2400,2800,18,300,3,13791337,4.05569005,1.489711523,optimal,-,-
175,SHP,2400,2800,18,300,3,13791337,3.415818214,1.684229374,optimal,-,-
175,weakl,2400,2800,18,300,3,13791337,356.8624159,4.743368626,optimal,10,342.3338064
175,envl,2400,2800,18,300,3,13791337,356.4181114,4.054683924,optimal,10,342.5145398
175,weakenvl,2400,2800,18,300,3,13791337,356.2844974,3.918749809,optimal,10,342.5286674
176,M_Agg,2400,2800,18,300,4,13817131,4.553832293,4.458936453,optimal,-,-
176,TPM,2400,2800,18,300,4,13817131,5.638123035,2.132934332,optimal,-,-
176,TPM_m,2400,2800,18,300,4,13817131,0.82680094,0.350488186,optimal,-,-
176,FAL,2400,2800,18,300,4,13817131,3.858961105,1.44737649,optimal,-,-
176,SHP,2400,2800,18,300,4,13817131,3.058837891,1.629502535,optimal,-,-
176,weakl,2400,2800,18,300,4,13817131,307.7290569,4.563381672,optimal,9,347.7176141
176,envl,2400,2800,18,300,4,13817131,307.4860912,4.041630983,optimal,9,348.1328665
176,weakenvl,2400,2800,18,300,4,13817131,308.0041321,4.553178549,optimal,9,348.2681845
177,M_Agg,2400,2800,18,500,1,22783864,6.953326702,6.836265564,optimal,-,-
177,TPM,2400,2800,18,500,1,22783864,15.91633606,5.76530242,optimal,-,-
177,TPM_m,2400,2800,18,500,1,22783864,1.355474702,0.558252096,optimal,-,-
177,FAL,2400,2800,18,500,1,22783864,11.01023078,4.377701998,optimal,-,-
177,SHP,2400,2800,18,500,1,22783864,9.11915803,4.976253986,optimal,-,-
177,weakl,2400,2800,18,500,1,22783864,329.4649055,6.756742954,optimal,10,356.052913
177,envl,2400,2800,18,500,1,22783864,329.7876625,6.824846506,optimal,10,356.7701565
177,weakenvl,2400,2800,18,500,1,22783864,330.5467133,7.59014225,optimal,10,356.7994078
178,M_Agg,2400,2800,18,500,2,22786530,7.238822937,7.128755808,optimal,-,-
178,TPM,2400,2800,18,500,2,22786530,16.11522865,6.000941038,optimal,-,-
178,TPM_m,2400,2800,18,500,2,22786530,1.403210683,0.578564167,optimal,-,-
178,FAL,2400,2800,18,500,2,22786530,11.42000151,4.658457756,optimal,-,-
178,SHP,2400,2800,18,500,2,22786530,9.416922331,5.259724617,optimal,-,-
178,weakl,2400,2800,18,500,2,22786530,375.2788473,7.074342012,optimal,10,359.8954074
178,envl,2400,2800,18,500,2,22786530,376.3662942,6.97551012,optimal,10,360.4927756
178,weakenvl,2400,2800,18,500,2,22786530,375.279327,5.893751383,optimal,10,360.447464
179,M_Agg,2400,2800,18,500,3,22896032,6.946261406,6.838540316,optimal,-,-
179,TPM,2400,2800,18,500,3,22896032,15.68419337,5.819592237,optimal,-,-
179,TPM_m,2400,2800,18,500,3,22896032,1.42524292,0.591929913,optimal,-,-
179,FAL,2400,2800,18,500,3,22896032,10.87292695,4.119312048,optimal,-,-
179,SHP,2400,2800,18,500,3,22896032,10.53263688,6.327604055,optimal,-,-
179,weakl,2400,2800,18,500,3,22896032,378.3976465,6.404124737,optimal,10,363.0947278
179,envl,2400,2800,18,500,3,22896032,378.8914181,6.624061108,optimal,10,363.3186789
179,weakenvl,2400,2800,18,500,3,22896032,379.2425658,6.972407103,optimal,10,364.0248649
180,M_Agg,2400,2800,18,500,4,22946760,6.866732121,6.758332968,optimal,-,-
180,TPM,2400,2800,18,500,4,22946760,15.48984146,5.421693802,optimal,-,-
180,TPM_m,2400,2800,18,500,4,22946760,1.440980322,0.598920345,optimal,-,-
180,FAL,2400,2800,18,500,4,22946760,11.57540631,4.410684824,optimal,-,-
180,SHP,2400,2800,18,500,4,22946760,9.6063025,5.547290564,optimal,-,-
180,weakl,2400,2800,18,500,4,22947303,341.0702528,6.600964069,optimal,10,362.509269
180,envl,2400,2800,18,500,4,22946760,342.0352511,7.329413414,optimal,10,362.9708379
180,weakenvl,2400,2800,18,500,4,22946760,342.1290251,7.423291922,optimal,10,363.4831489
181,M_Agg,2400,2800,18,1000,1,45700067,15.74114752,15.56731987,optimal,-,-
181,TPM,2400,2800,18,1000,1,45696609,72.0656178,27.10455513,optimal,-,-
181,TPM_m,2400,2800,18,1000,1,45696609,2.845819067,1.082203865,optimal,-,-
181,FAL,2400,2800,18,1000,1,45696609,116.8365996,87.51971769,optimal,-,-
181,SHP,2400,2800,18,1000,1,45696609,57.94216442,39.32367992,optimal,-,-
181,weakl,2400,2800,18,1000,1,45696609,344.8348829,15.23411822,optimal,9,360.4305594
181,envl,2400,2800,18,1000,1,45696609,344.6781391,14.74304295,optimal,9,360.6250659
181,weakenvl,2400,2800,18,1000,1,45696609,345.1389381,15.1928463,optimal,9,360.9479422
182,M_Agg,2400,2800,18,1000,2,45489612,14.48334336,14.31706476,optimal,-,-
182,TPM,2400,2800,18,1000,2,45489612,67.60653234,24.79504943,optimal,-,-
182,TPM_m,2400,2800,18,1000,2,45489612,2.936650789,1.074575186,optimal,-,-
182,FAL,2400,2800,18,1000,2,45489612,116.5762672,87.47557116,optimal,-,-
182,SHP,2400,2800,18,1000,2,45489612,55.5690043,37.37457538,optimal,-,-
182,weakl,2400,2800,18,1000,2,45489612,388.076129,13.99760008,optimal,10,367.8630371
182,envl,2400,2800,18,1000,2,45489612,387.6699072,13.21866584,optimal,10,367.9790849
182,weakenvl,2400,2800,18,1000,2,45489612,389.5889304,15.1444006,optimal,10,368.2698484
183,M_Agg,2400,2800,18,1000,3,45834175,14.81233358,14.63953924,optimal,-,-
183,TPM,2400,2800,18,1000,3,45834175,66.78789139,24.44584131,optimal,-,-
183,TPM_m,2400,2800,18,1000,3,45834175,2.805351271,1.089440107,optimal,-,-
183,FAL,2400,2800,18,1000,3,45834175,115.767695,86.70451021,optimal,-,-
183,SHP,2400,2800,18,1000,3,45834175,55.42886972,37.3668561,optimal,-,-
183,weakl,2400,2800,18,1000,3,45834175,376.0558114,14.91797495,optimal,11,364.7027308
183,envl,2400,2800,18,1000,3,45834175,377.5000541,16.04076028,optimal,11,366.1063902
183,weakenvl,2400,2800,18,1000,3,45834175,377.0757017,15.58458948,optimal,11,365.556915
184,M_Agg,2400,2800,18,1000,4,45983651,14.55631661,14.39303827,optimal,-,-
184,TPM,2400,2800,18,1000,4,45983651,65.61825275,24.12722588,optimal,-,-
184,TPM_m,2400,2800,18,1000,4,45983651,2.921992772,0.983763456,optimal,-,-
184,FAL,2400,2800,18,1000,4,45983651,114.9641697,85.97283578,optimal,-,-
184,SHP,2400,2800,18,1000,4,45983651,56.2351284,37.47154379,optimal,-,-
184,weakl,2400,2800,18,1000,4,45983651,332.7554144,14.97992063,optimal,10,359.9921524
184,envl,2400,2800,18,1000,4,45983651,332.6521632,14.66345334,optimal,10,359.5861643
184,weakenvl,2400,2800,18,1000,4,45983651,331.9881984,13.9982996,optimal,10,360.5000328
185,M_Agg,2400,2800,18,2000,1,91158322,35.29259872,34.96358728,optimal,-,-
185,TPM,2400,2800,18,2000,1,91158322,336.6292858,143.5308142,optimal,-,-
185,TPM_m,2400,2800,18,2000,1,91158322,6.707188115,2.465209246,optimal,-,-
185,FAL,2400,2800,18,2000,1,91158322,1067.760656,939.9151168,optimal,-,-
185,SHP,2400,2800,18,2000,1,91158322,455.2154908,375.5883341,optimal,-,-
185,weakl,2400,2800,18,2000,1,91158322,374.5647933,32.33653998,optimal,10,364.0416852
185,envl,2400,2800,18,2000,1,91158322,374.0942149,31.59758854,optimal,10,363.6081033
185,weakenvl,2400,2800,18,2000,1,91158322,374.426563,31.95276237,optimal,10,364.6769496
186,M_Agg,2400,2800,18,2000,2,91710292,37.37633801,37.07263494,optimal,-,-
186,TPM,2400,2800,18,2000,2,91710292,341.5144982,153.6141806,optimal,-,-
186,TPM_m,2400,2800,18,2000,2,91710292,7.595616326,3.07815361,optimal,-,-
186,FAL,2400,2800,18,2000,2,91710292,1086.182884,954.1199777,optimal,-,-
186,SHP,2400,2800,18,2000,2,91710292,465.968148,383.1547639,optimal,-,-
186,weakl,2400,2800,18,2000,2,91710292,375.4349039,35.21641493,optimal,10,360.5339824
186,envl,2400,2800,18,2000,2,91710292,380.1791287,39.71245623,optimal,10,360.1127328
186,weakenvl,2400,2800,18,2000,2,91710292,378.7371967,38.27998996,optimal,10,361.4270784
187,M_Agg,2400,2800,18,2000,3,91680070,38.65882206,38.3692565,optimal,-,-
187,TPM,2400,2800,18,2000,3,91680070,328.4674115,144.5742645,optimal,-,-
187,TPM_m,2400,2800,18,2000,3,91680070,6.906543799,2.526715994,optimal,-,-
187,FAL,2400,2800,18,2000,3,91680070,1085.020879,954.3861978,optimal,-,-
187,SHP,2400,2800,18,2000,3,91680070,451.9858024,370.0662997,optimal,-,-
187,weakl,2400,2800,18,2000,3,91680070,357.2134979,38.25781369,optimal,10,353.0835217
187,envl,2400,2800,18,2000,3,91680070,351.4191506,32.23445487,optimal,10,350.0795349
187,weakenvl,2400,2800,18,2000,3,91680070,356.8481732,37.6582005,optimal,10,352.7720193
188,M_Agg,2400,2800,18,2000,4,91392284,40.75728822,40.43568206,optimal,-,-
188,TPM,2400,2800,18,2000,4,91392284,334.6040769,150.0125792,optimal,-,-
188,TPM_m,2400,2800,18,2000,4,91392284,6.957353848,2.478930712,optimal,-,-
188,FAL,2400,2800,18,2000,4,91392284,1072.444566,941.0423706,optimal,-,-
188,SHP,2400,2800,18,2000,4,91392284,461.1479867,380.2010982,optimal,-,-
188,weakl,2400,2800,18,2000,4,91392284,348.9535455,34.43511558,optimal,9,348.9535455
188,envl,2400,2800,18,2000,4,91392284,348.7399191,33.95017171,optimal,9,348.7399191
188,weakenvl,2400,2800,18,2000,4,91392284,348.6958654,33.90095139,optimal,9,348.6958654
1,M_Agg,5600,6400,2,90,1,11883707,1.538223267,1.468496561,optimal,-,-
1,TPM,5600,6400,2,90,1,11883707,394.6667411,394.3387642,optimal,-,-
1,TPM_m,5600,6400,2,90,1,11883707,21.18351796,21.06558251,optimal,-,-
1,FAL,5600,6400,2,90,1,11883707,188.6526577,188.411716,optimal,-,-
1,SHP,5600,6400,2,90,1,11883707,181.4121778,181.1641278,optimal,-,-
1,weakl,5600,6400,2,90,1,11883707,35.65701847,1.827985764,optimal,54,35.2352688
1,envl,5600,6400,2,90,1,11883707,35.71227842,1.843756676,optimal,54,35.09665754
1,weakenvl,5600,6400,2,90,1,11883707,36.08308034,2.197446823,optimal,54,35.4129816
2,M_Agg,5600,6400,2,90,2,11901226,2.649282217,2.588042259,optimal,-,-
2,TPM,5600,6400,2,90,2,11901226,176.2114134,175.892441,optimal,-,-
2,TPM_m,5600,6400,2,90,2,11901226,43.23677312,43.13016438,optimal,-,-
2,FAL,5600,6400,2,90,2,11901226,248.5401306,248.3111055,optimal,-,-
2,SHP,5600,6400,2,90,2,11901226,201.2483301,201.0805736,optimal,-,-
2,weakl,5600,6400,2,90,2,11901226,37.39087387,3.735897541,optimal,54,35.98993952
2,envl,5600,6400,2,90,2,11901226,36.30098816,2.610736847,optimal,54,35.92286838
2,weakenvl,5600,6400,2,90,2,11901226,37.20304509,3.489011526,optimal,54,36.12635649
3,M_Agg,5600,6400,2,90,3,11974141,1.814119101,1.761931181,optimal,-,-
3,TPM,5600,6400,2,90,3,11974141,36.77382112,36.3530066,optimal,-,-
3,TPM_m,5600,6400,2,90,3,11974141,14.51694713,14.41264153,optimal,-,-
3,FAL,5600,6400,2,90,3,11974141,33.88069153,33.65038943,optimal,-,-
3,SHP,5600,6400,2,90,3,11974141,30.28294849,30.13169432,optimal,-,-
3,weakl,5600,6400,2,90,3,11974141,35.47855324,2.049543142,optimal,54,40.36730708
3,envl,5600,6400,2,90,3,11974141,35.38809437,1.923612356,optimal,54,40.30951978
3,weakenvl,5600,6400,2,90,3,11974141,35.70386643,2.225948572,optimal,54,40.82775439
4,M_Agg,5600,6400,2,90,4,12302774,1.166115284,1.120154142,optimal,-,-
4,TPM,5600,6400,2,90,4,12302774,10.59828568,10.29032445,optimal,-,-
4,TPM_m,5600,6400,2,90,4,12302774,4.637124314,4.511131287,optimal,-,-
4,FAL,5600,6400,2,90,4,12302774,12.59646583,12.36001062,optimal,-,-
4,SHP,5600,6400,2,90,4,12302774,9.471450567,9.316059113,optimal,-,-
4,weakl,5600,6400,2,90,4,12302774,32.4146296,0.751151085,optimal,54,42.35318532
4,envl,5600,6400,2,90,4,12302774,32.98526921,1.286725044,optimal,54,42.27847579
4,weakenvl,5600,6400,2,90,4,12302774,32.66193452,0.949059963,optimal,54,42.99629542
5,M_Agg,5600,6400,2,100,1,13685769,2.309313059,2.248557568,optimal,-,-
5,TPM,5600,6400,2,100,1,13685769,1813.971744,1813.562328,maxTimeLimit,-,-
5,TPM_m,5600,6400,2,100,1,13685769,23.34440484,23.23108578,optimal,-,-
5,FAL,5600,6400,2,100,1,13685769,405.649359,405.3680182,optimal,-,-
5,SHP,5600,6400,2,100,1,13685769,203.2771585,203.0833747,optimal,-,-
5,weakl,5600,6400,2,100,1,13685769,38.67570137,2.350147247,optimal,60,46.39451968
5,envl,5600,6400,2,100,1,13685769,39.01712179,2.621050119,optimal,60,46.36248879
5,weakenvl,5600,6400,2,100,1,13685769,38.93657994,2.540971994,optimal,60,46.99092739
6,M_Agg,5600,6400,2,100,2,13343814,6.831185341,6.781159639,optimal,-,-
6,TPM,5600,6400,2,100,2,13343814,1056.931911,1056.531601,optimal,-,-
6,TPM_m,5600,6400,2,100,2,13343814,44.87399447,44.75827169,optimal,-,-
6,FAL,5600,6400,2,100,2,13343814,643.7871494,643.5086498,optimal,-,-
6,SHP,5600,6400,2,100,2,13343814,251.832366,251.6305652,optimal,-,-
6,weakl,5600,6400,2,100,2,13343814,54.90034409,6.501393557,optimal,60,54.69744411
6,envl,5600,6400,2,100,2,13343814,53.84759374,5.3955791,optimal,60,55.09164891
6,weakenvl,5600,6400,2,100,2,13343814,56.00863667,7.548503876,optimal,60,55.56452564
7,M_Agg,5600,6400,2,100,3,13187399,2.161693335,2.113624334,optimal,-,-
7,TPM,5600,6400,2,100,3,13187399,1810.139111,1809.746017,maxTimeLimit,-,-
7,TPM_m,5600,6400,2,100,3,13187399,37.37110904,37.25703645,optimal,-,-
7,FAL,5600,6400,2,100,3,13187399,354.4661853,354.2012258,optimal,-,-
7,SHP,5600,6400,2,100,3,13187399,289.780843,289.6029096,optimal,-,-
7,weakl,5600,6400,2,100,3,13187399,43.42206621,3.652660131,optimal,60,57.84032025
7,envl,5600,6400,2,100,3,13187399,43.2639184,3.428090096,optimal,60,58.43348046
7,weakenvl,5600,6400,2,100,3,13187399,44.37803054,4.538893223,optimal,60,58.57831498
8,M_Agg,5600,6400,2,100,4,13606960,2.029802561,1.982462168,optimal,-,-
8,TPM,5600,6400,2,100,4,13606960,694.1308396,693.7491717,optimal,-,-
8,TPM_m,5600,6400,2,100,4,13606960,26.91257243,26.79387951,optimal,-,-
8,FAL,5600,6400,2,100,4,13606960,865.3614872,865.081996,optimal,-,-
8,SHP,5600,6400,2,100,4,13606960,170.9443743,170.7439156,optimal,-,-
8,weakl,5600,6400,2,100,4,13606960,48.57996702,2.39380002,optimal,60,64.53562432
8,envl,5600,6400,2,100,4,13606960,49.32132125,3.02532053,optimal,60,74.12045395
8,weakenvl,5600,6400,2,100,4,13606960,48.6404624,2.38936758,optimal,60,65.61389571
9,M_Agg,5600,6400,2,120,1,15950030,3.423810244,3.359754801,optimal,-,-
9,TPM,5600,6400,2,120,1,15950030,249.9955585,249.3697958,optimal,-,-
9,TPM_m,5600,6400,2,120,1,15950030,30.05348267,29.92318082,optimal,-,-
9,FAL,5600,6400,2,120,1,15950030,1843.715182,1843.340926,maxTimeLimit,-,-
9,SHP,5600,6400,2,120,1,15950030,971.7134275,971.4553902,optimal,-,-
9,weakl,5600,6400,2,120,1,15950030,71.88739912,3.193333864,optimal,72,67.32173862
9,envl,5600,6400,2,120,1,15950030,73.93376224,5.119246721,optimal,72,77.9065822
9,weakenvl,5600,6400,2,120,1,15950030,73.23097293,4.387589693,optimal,72,70.28254147
10,M_Agg,5600,6400,2,120,2,16040489,2.624618053,2.566422224,optimal,-,-
10,TPM,5600,6400,2,120,2,16040489,1841.797379,1841.239426,maxTimeLimit,-,-
10,TPM_m,5600,6400,2,120,2,16040489,30.17422549,30.02700162,optimal,-,-
10,FAL,5600,6400,2,120,2,16040489,1822.863762,1822.475586,maxTimeLimit,-,-
10,SHP,5600,6400,2,120,2,16040489,648.2771423,648.0277333,optimal,-,-
10,weakl,5600,6400,2,120,2,16040489,67.47184864,4.881600142,optimal,72,76.53565089
10,envl,5600,6400,2,120,2,16040489,67.21491995,4.52515769,optimal,72,101.0447986
10,weakenvl,5600,6400,2,120,2,16040489,68.06379405,5.358123302,optimal,72,81.19661657
11,M_Agg,5600,6400,2,120,3,15974503,22.8513813,22.79918694,optimal,-,-
11,TPM,5600,6400,2,120,3,15976269,1849.174048,1848.648372,maxTimeLimit,-,-
11,TPM_m,5600,6400,2,120,3,15974503,332.239035,332.0694232,optimal,-,-
11,FAL,5600,6400,2,120,3,15976269,1812.961387,1812.586915,maxTimeLimit,-,-
11,SHP,5600,6400,2,120,3,15976269,1821.972317,1821.712253,maxTimeLimit,-,-
11,weakl,5600,6400,2,120,3,15974503,70.20328249,5.0687747,optimal,72,88.734402
11,envl,5600,6400,2,120,3,15974503,106.0118123,40.75647235,optimal,72,137.7925512
11,weakenvl,5600,6400,2,120,3,15974503,72.52035345,7.246240854,optimal,72,95.30429071
12,M_Agg,5600,6400,2,120,4,16023493,9.100901604,9.048822165,optimal,-,-
12,TPM,5600,6400,2,120,4,16031496,1830.983882,1830.454958,maxTimeLimit,-,-
12,TPM_m,5600,6400,2,120,4,16023493,62.73056229,62.59551382,optimal,-,-
12,FAL,5600,6400,2,120,4,16023493,1814.542727,1814.164258,maxTimeLimit,-,-
12,SHP,5600,6400,2,120,4,16031496,1820.879073,1820.491027,maxTimeLimit,-,-
12,weakl,5600,6400,2,120,4,16023493,59.72442423,5.376334906,optimal,72,100.6969221
12,envl,5600,6400,2,120,4,16023493,64.46583425,10.03156114,optimal,72,152.0644017
12,weakenvl,5600,6400,2,120,4,16023493,67.31504546,12.86127138,optimal,72,106.836661
13,M_Agg,5600,6400,2,150,1,19468751,3.785352945,3.730284929,optimal,-,-
13,TPM,5600,6400,2,150,1,19468751,1822.150239,1821.318996,maxTimeLimit,-,-
13,TPM_m,5600,6400,2,150,1,19468751,47.46328381,47.30980515,optimal,-,-
13,FAL,5600,6400,2,150,1,19468751,1804.150164,1803.536535,maxTimeLimit,-,-
13,SHP,5600,6400,2,150,1,19468751,1820.53883,1820.179877,maxTimeLimit,-,-
13,weakl,5600,6400,2,150,1,19468751,108.7430482,5.112858295,optimal,90,115.3561807
13,envl,5600,6400,2,150,1,19468751,166.4866281,62.24224973,optimal,90,234.8651427
13,weakenvl,5600,6400,2,150,1,19468751,116.8872733,12.63592458,optimal,90,124.1998345
14,M_Agg,5600,6400,2,150,2,19704884,18.14150453,18.08783937,optimal,-,-
14,TPM,5600,6400,2,150,2,19725422,1864.75264,1863.917621,maxTimeLimit,-,-
14,TPM_m,5600,6400,2,150,2,19704884,766.3422184,766.1728261,optimal,-,-
14,FAL,5600,6400,2,150,2,19704884,1868.954113,1868.265533,maxTimeLimit,-,-
14,SHP,5600,6400,2,150,2,19704884,1822.770715,1822.391661,maxTimeLimit,-,-
14,weakl,5600,6400,2,150,2,19704884,116.2668531,11.81798482,optimal,90,148.815273
14,envl,5600,6400,2,150,2,19704884,214.2059302,109.2124555,optimal,90,644.824719
14,weakenvl,5600,6400,2,150,2,19704884,124.4944906,19.48134112,optimal,90,414.5575197
15,M_Agg,5600,6400,2,150,3,19693165,16.15078139,16.0975883,optimal,-,-
15,TPM,5600,6400,2,150,3,19693165,1835.866775,1834.886084,maxTimeLimit,-,-
15,TPM_m,5600,6400,2,150,3,19693165,1212.238741,1212.067904,optimal,-,-
15,FAL,5600,6400,2,150,3,19701332,1848.653821,1848.048553,maxTimeLimit,-,-
15,SHP,5600,6400,2,150,3,19693165,1815.04153,1814.670884,maxTimeLimit,-,-
15,weakl,5600,6400,2,150,3,19693165,118.0533629,19.27218533,optimal,90,181.9303339
15,envl,5600,6400,2,150,3,19693165,163.0992141,63.95698786,optimal,90,1043.205683
15,weakenvl,5600,6400,2,150,3,19693165,118.6498344,19.443295,optimal,90,700.3211619
16,M_Agg,5600,6400,2,150,4,19968456,65.196347,65.13780522,optimal,-,-
16,TPM,5600,6400,2,150,4,19968456,1823.833188,1822.993161,maxTimeLimit,-,-
16,TPM_m,5600,6400,2,150,4,19968456,1809.175885,1808.823513,maxTimeLimit,-,-
16,FAL,5600,6400,2,150,4,19968456,1830.289066,1829.695468,maxTimeLimit,-,-
16,SHP,5600,6400,2,150,4,19968456,1824.558819,1824.192854,maxTimeLimit,-,-
16,weakl,5600,6400,2,150,4,19968456,118.3614585,21.10568142,optimal,90,206.3347661
16,envl,5600,6400,2,150,4,19968456,395.6687984,297.8870635,optimal,90,1454.016124
16,weakenvl,5600,6400,2,150,4,19968456,136.7677395,38.93724155,optimal,90,770.9183068
17,M_Agg,5600,6400,2,200,1,26830086,709.9428191,709.8256783,optimal,-,-
17,TPM,5600,6400,2,200,1,26830086,1846.075876,1844.609749,maxTimeLimit,-,-
17,TPM_m,5600,6400,2,200,1,26830086,1815.927373,1815.707602,maxTimeLimit,-,-
17,FAL,5600,6400,2,200,1,26835941,1809.357667,1808.179449,maxTimeLimit,-,-
17,SHP,5600,6400,2,200,1,26840457,1817.682939,1817.014127,maxTimeLimit,-,-
17,weakl,5600,6400,2,200,1,26830086,242.5794177,57.66743135,optimal,120,239.3783471
17,envl,5600,6400,2,200,1,26830086,1806.324933,1618.341292,maxTimeLimit,120,1806.88992
17,weakenvl,5600,6400,2,200,1,26830086,1278.318014,1090.174761,optimal,120,887.0263337
18,M_Agg,5600,6400,2,200,2,26732160,1817.499936,1817.423381,maxTimeLimit,-,-
18,TPM,5600,6400,2,200,2,26742936,1838.7137,1837.27932,maxTimeLimit,-,-
18,TPM_m,5600,6400,2,200,2,26733922,1815.180432,1814.954403,maxTimeLimit,-,-
18,FAL,5600,6400,2,200,2,26757295,1844.855604,1843.81393,maxTimeLimit,-,-
18,SHP,5600,6400,2,200,2,26765368.99,1816.674672,1816.014738,maxTimeLimit,-,-
18,weakl,5600,6400,2,200,2,26732160,248.7270965,75.33394694,optimal,120,631.0816261
18,envl,5600,6400,2,200,2,26757295,1807.729788,1631.29997,maxTimeLimit,120,1807.948816
18,weakenvl,5600,6400,2,200,2,26732160,1267.549059,1091.119901,optimal,120,1019.601781
19,M_Agg,5600,6400,2,200,3,26468823,71.88693714,71.8094213,optimal,-,-
19,TPM,5600,6400,2,200,3,26468823,1848.230668,1846.797256,maxTimeLimit,-,-
19,TPM_m,5600,6400,2,200,3,26468823,1815.307204,1815.073858,maxTimeLimit,-,-
19,FAL,5600,6400,2,200,3,26481216,1843.282959,1842.265483,maxTimeLimit,-,-
19,SHP,5600,6400,2,200,3,26535550,1817.019444,1816.357431,maxTimeLimit,-,-
19,weakl,5600,6400,2,200,3,26468823,215.6710915,36.24292898,optimal,120,1023.029327
19,envl,5600,6400,2,200,3,26468823,1806.340977,1624.441019,maxTimeLimit,120,1807.980368
19,weakenvl,5600,6400,2,200,3,26468823,401.0384142,218.9820199,optimal,120,1154.76103
20,M_Agg,5600,6400,2,200,4,26220289,1803.6656,1803.597492,maxTimeLimit,-,-
20,TPM,5600,6400,2,200,4,26231120,1826.534219,1825.099997,maxTimeLimit,-,-
20,TPM_m,5600,6400,2,200,4,26231120,1817.592998,1817.35639,maxTimeLimit,-,-
20,FAL,5600,6400,2,200,4,26222265,1826.507573,1825.22857,maxTimeLimit,-,-
20,SHP,5600,6400,2,200,4,26231120,1814.526425,1813.900483,maxTimeLimit,-,-
20,weakl,5600,6400,2,200,4,26221126,250.5357828,67.61084676,optimal,120,1427.444607
20,envl,5600,6400,2,200,4,26223800,1807.163983,1622.182699,maxTimeLimit,120,1808.927066
20,weakenvl,5600,6400,2,200,4,26221126,601.1998473,416.082972,optimal,120,1506.922923
21,M_Agg,5600,6400,2,300,1,39807427,1826.487048,1826.39454,maxTimeLimit,-,-
21,TPM,5600,6400,2,300,1,39813139,1915.344655,1911.636292,maxTimeLimit,-,-
21,TPM_m,5600,6400,2,300,1,39807427,1817.537269,1817.248132,maxTimeLimit,-,-
21,FAL,5600,6400,2,300,1,39809801,1855.420235,1853.08515,maxTimeLimit,-,-
21,SHP,5600,6400,2,300,1,39819963,1813.420131,1811.948565,maxTimeLimit,-,-
21,weakl,5600,6400,2,300,1,39813139,1809.392533,1507.202372,maxTimeLimit,126,1823.143713
21,envl,5600,6400,2,300,1,39807427,1810.560516,1503.656531,maxTimeLimit,126,1809.668012
21,weakenvl,5600,6400,2,300,1,39807427,1808.619803,1501.693898,maxTimeLimit,126,1809.044458
22,M_Agg,5600,6400,2,300,2,39942847,1831.397928,1831.30683,maxTimeLimit,-,-
22,TPM,5600,6400,2,300,2,39954535,1837.762659,1834.291604,maxTimeLimit,-,-
22,TPM_m,5600,6400,2,300,2,39968149,1815.603245,1815.292392,maxTimeLimit,-,-
22,FAL,5600,6400,2,300,2,39948951,1902.941323,1900.352083,maxTimeLimit,-,-
22,SHP,5600,6400,2,300,2,39944003,1807.983039,1806.16498,maxTimeLimit,-,-
22,weakl,5600,6400,2,300,2,39942847,1816.517901,1513.141198,maxTimeLimit,113,1388.665044
22,envl,5600,6400,2,300,2,39959876,1807.855995,1500.136388,maxTimeLimit,113,1375.065424
22,weakenvl,5600,6400,2,300,2,39942847,1808.186055,1499.977536,maxTimeLimit,113,1374.837294
23,M_Agg,5600,6400,2,300,3,40272950,1834.72228,1834.626711,maxTimeLimit,-,-
23,TPM,5600,6400,2,300,3,40277173,1823.687104,1820.169289,maxTimeLimit,-,-
23,TPM_m,5600,6400,2,300,3,40270684,1822.97001,1822.669625,maxTimeLimit,-,-
23,FAL,5600,6400,2,300,3,40282740,1899.158997,1896.558337,maxTimeLimit,-,-
23,SHP,5600,6400,2,300,3,40271504,1812.084637,1810.269736,maxTimeLimit,-,-
23,weakl,5600,6400,2,300,3,40277041,1833.332209,1532.980633,maxTimeLimit,114,952.5502237
23,envl,5600,6400,2,300,3,40272950,1810.127769,1504.474131,maxTimeLimit,114,942.4357964
23,weakenvl,5600,6400,2,300,3,40271833,1809.685988,1504.178811,maxTimeLimit,114,940.6858899
24,M_Agg,5600,6400,2,300,4,40203538,1839.903661,1839.817268,maxTimeLimit,-,-
24,TPM,5600,6400,2,300,4,40204287,1850.675456,1846.899148,maxTimeLimit,-,-
24,TPM_m,5600,6400,2,300,4,40265775,1819.675076,1819.351459,maxTimeLimit,-,-
24,FAL,5600,6400,2,300,4,40212833,1815.142964,1812.860199,maxTimeLimit,-,-
24,SHP,5600,6400,2,300,4,40271504,1812.084637,1810.269736,maxTimeLimit,-,-
24,weakl,5600,6400,2,300,4,40277041,1833.332209,1532.980633,maxTimeLimit,115,512.9634514
24,envl,5600,6400,2,300,4,40272950,1810.127769,1504.474131,maxTimeLimit,115,508.629124
24,weakenvl,5600,6400,2,300,4,40271833,1809.685988,1504.178811,maxTimeLimit,115,507.0608954
25,M_Agg,5600,6400,3,90,1,8816607,2.559269905,2.50822711,optimal,-,-
25,TPM,5600,6400,3,90,1,8816607,1000.255479,999.9304628,optimal,-,-
25,TPM_m,5600,6400,3,90,1,8816607,33.60114545,33.47775626,optimal,-,-
25,FAL,5600,6400,3,90,1,8816607,1913.236931,1912.954526,maxTimeLimit,-,-
25,SHP,5600,6400,3,90,1,8816607,194.757915,194.594384,optimal,-,-
25,weakl,5600,6400,3,90,1,8816607,71.47785815,2.667613506,optimal,54,71.87868079
25,envl,5600,6400,3,90,1,8816607,72.15016326,3.306546211,optimal,54,73.42903413
25,weakenvl,5600,6400,3,90,1,8816607,71.79114565,2.930385828,optimal,54,71.90902038
26,M_Agg,5600,6400,3,90,2,8905124,10.14021444,10.08871651,optimal,-,-
26,TPM,5600,6400,3,90,2,8905124,1842.222466,1841.895886,maxTimeLimit,-,-
26,TPM_m,5600,6400,3,90,2,8905124,39.38112745,39.26945734,optimal,-,-
26,FAL,5600,6400,3,90,2,8905124,1263.381825,1263.115248,optimal,-,-
26,SHP,5600,6400,3,90,2,8905124,493.1732066,493.0052874,optimal,-,-
26,weakl,5600,6400,3,90,2,8905124,72.0586179,3.086538315,optimal,54,77.47534699
26,envl,5600,6400,3,90,2,8905124,77.33748419,8.323069096,optimal,54,78.81041426
26,weakenvl,5600,6400,3,90,2,8905124,71.58043868,2.548521519,optimal,54,77.61738128
27,M_Agg,5600,6400,3,90,3,8940466,1.527255535,1.478669167,optimal,-,-
27,TPM,5600,6400,3,90,3,8940466,15.28477001,14.96468949,optimal,-,-
27,TPM_m,5600,6400,3,90,3,8940466,4.556074752,4.448856115,optimal,-,-
27,FAL,5600,6400,3,90,3,8940466,21.39024305,21.16316938,optimal,-,-
27,SHP,5600,6400,3,90,3,8940466,27.99787807,27.84119797,optimal,-,-
27,weakl,5600,6400,3,90,3,8940466,74.98512011,1.93589592,optimal,54,81.49974331
27,envl,5600,6400,3,90,3,8940466,74.90107971,1.808048964,optimal,54,83.22659865
27,weakenvl,5600,6400,3,90,3,8940466,75.1860097,2.079782248,optimal,54,81.87030282
28,M_Agg,5600,6400,3,90,4,8950551,2.067165852,2.018465996,optimal,-,-
28,TPM,5600,6400,3,90,4,8950551,41.90658498,41.59131265,optimal,-,-
28,TPM_m,5600,6400,3,90,4,8950551,8.605513493,8.49767971,optimal,-,-
28,FAL,5600,6400,3,90,4,8950551,231.6836514,231.446003,optimal,-,-
28,SHP,5600,6400,3,90,4,8950550.999,90.14486933,89.98987627,optimal,-,-
28,weakl,5600,6400,3,90,4,8950551,68.99312698,1.91413641,optimal,54,85.69305482
28,envl,5600,6400,3,90,4,8950551,69.32740938,2.211276531,optimal,54,87.49298683
28,weakenvl,5600,6400,3,90,4,8950551,69.07848751,1.948289156,optimal,54,86.21994534
29,M_Agg,5600,6400,3,100,1,9892840,1.532607079,1.484269619,optimal,-,-
29,TPM,5600,6400,3,100,1,9892840,56.81899786,56.41753697,optimal,-,-
29,TPM_m,5600,6400,3,100,1,9892840,8.039977664,7.921075821,optimal,-,-
29,FAL,5600,6400,3,100,1,9892840,36.56605339,36.29275489,optimal,-,-
29,SHP,5600,6400,3,100,1,9892840,42.21945381,42.03382087,optimal,-,-
29,weakl,5600,6400,3,100,1,9892840,93.86452296,2.082865238,optimal,60,90.16221888
29,envl,5600,6400,3,100,1,9892840,93.67568376,1.846567631,optimal,60,91.83319618
29,weakenvl,5600,6400,3,100,1,9892840,94.62458923,2.774731398,optimal,60,90.78832562
30,M_Agg,5600,6400,3,100,2,10038110,8.204125881,8.156272888,optimal,-,-
30,TPM,5600,6400,3,100,2,10038110,1861.112881,1860.720801,maxTimeLimit,-,-
30,TPM_m,5600,6400,3,100,2,10038110,35.76729089,35.64417458,optimal,-,-
30,FAL,5600,6400,3,100,2,10038110,1845.269909,1844.979897,maxTimeLimit,-,-
30,SHP,5600,6400,3,100,2,10038110,1824.946822,1824.750527,maxTimeLimit,-,-
30,weakl,5600,6400,3,100,2,10038110,88.15620319,4.46989584,optimal,60,103.5192105
30,envl,5600,6400,3,100,2,10038110,95.00222174,11.2680006,optimal,60,119.0266179
30,weakenvl,5600,6400,3,100,2,10038110,88.59212486,4.833467245,optimal,60,106.9994738
31,M_Agg,5600,6400,3,100,3,9854071,1.728884459,1.68065238,optimal,-,-
31,TPM,5600,6400,3,100,3,9854071,22.54079127,22.1413002,optimal,-,-
31,TPM_m,5600,6400,3,100,3,9854071,6.773299959,6.650307178,optimal,-,-
31,FAL,5600,6400,3,100,3,9854071,170.0379844,169.7682559,optimal,-,-
31,SHP,5600,6400,3,100,3,9854071,89.58977365,89.41213059,optimal,-,-
31,weakl,5600,6400,3,100,3,9854071,91.75836617,2.451472998,optimal,60,112.7076633
31,envl,5600,6400,3,100,3,9854071,91.96663243,2.595597029,optimal,60,126.9434706
31,weakenvl,5600,6400,3,100,3,9854071,92.58457977,3.193896532,optimal,60,120.6031226
32,M_Agg,5600,6400,3,100,4,9866977,1.542032957,1.494442225,optimal,-,-
32,TPM,5600,6400,3,100,4,9866977,45.75372338,45.37791896,optimal,-,-
32,TPM_m,5600,6400,3,100,4,9866977,6.968368832,6.847690105,optimal,-,-
32,FAL,5600,6400,3,100,4,9866977,285.9860113,285.710134,optimal,-,-
32,SHP,5600,6400,3,100,4,9866977,60.34820008,60.16205382,optimal,-,-
32,weakl,5600,6400,3,100,4,9866977,86.86978323,2.15352726,optimal,60,123.0986882
32,envl,5600,6400,3,100,4,9866977,86.68824679,1.930008411,optimal,60,139.2295459
32,weakenvl,5600,6400,3,100,4,9866977,87.35200865,2.57440114,optimal,60,131.4045738
33,M_Agg,5600,6400,3,120,1,11821168,18.23787022,18.18565106,optimal,-,-
33,TPM,5600,6400,3,120,1,11821168,1910.228454,1909.667521,maxTimeLimit,-,-
33,TPM_m,5600,6400,3,120,1,11821168,167.3475594,167.2100892,optimal,-,-
33,FAL,5600,6400,3,120,1,11854924,1897.456406,1897.071291,maxTimeLimit,-,-
33,SHP,5600,6400,3,120,1,11825420,1819.233858,1818.83196,maxTimeLimit,-,-
33,weakl,5600,6400,3,120,1,11821168,147.2924894,6.058979511,optimal,72,138.9544727
33,envl,5600,6400,3,120,1,11821168,202.4493705,61.02348971,optimal,72,160.650852
33,weakenvl,5600,6400,3,120,1,11821168,159.4691819,18.01893616,optimal,72,147.5545063
34,M_Agg,5600,6400,3,120,2,11734186,1.902226686,1.852440596,optimal,-,-
34,TPM,5600,6400,3,120,2,11734186,506.4433491,505.7648661,optimal,-,-
34,TPM_m,5600,6400,3,120,2,11734186,8.408143539,8.26690197,optimal,-,-
34,FAL,5600,6400,3,120,2,11734186,448.4784722,448.0723245,optimal,-,-
34,SHP,5600,6400,3,120,2,11734186,316.9412811,316.6402967,optimal,-,-
34,weakl,5600,6400,3,120,2,11734186,124.9100142,3.003812313,optimal,72,157.6756613
34,envl,5600,6400,3,120,2,11734186,126.6696325,4.655528545,optimal,72,260.6120465
34,weakenvl,5600,6400,3,120,2,11734186,143.0067202,20.95820642,optimal,72,169.7309323
35,M_Agg,5600,6400,3,120,3,11646172,4.086340189,4.025069714,optimal,-,-
35,TPM,5600,6400,3,120,3,11646172,1844.401397,1843.824543,maxTimeLimit,-,-
35,TPM_m,5600,6400,3,120,3,11646172,38.10506997,37.96850157,optimal,-,-
35,FAL,5600,6400,3,120,3,11646172,1908.310985,1907.904154,maxTimeLimit,-,-
35,SHP,5600,6400,3,120,3,11646172,1820.641684,1820.387314,maxTimeLimit,-,-
35,weakl,5600,6400,3,120,3,11646172,133.3224658,4.030073404,optimal,72,181.8415538
35,envl,5600,6400,3,120,3,11646172,141.1109336,11.64291835,optimal,72,420.3443462
35,weakenvl,5600,6400,3,120,3,11646172,135.7903846,6.316495895,optimal,72,198.2923529
36,M_Agg,5600,6400,3,120,4,11836093,28.7866559,28.7344079,optimal,-,-
36,TPM,5600,6400,3,120,4,11843619,1855.771999,1855.239967,maxTimeLimit,-,-
36,TPM_m,5600,6400,3,120,4,11836093,156.5089797,156.3652639,optimal,-,-
36,FAL,5600,6400,3,120,4,11836093,1812.564947,1812.177048,maxTimeLimit,-,-
36,SHP,5600,6400,3,120,4,11836094,1821.874665,1821.600307,maxTimeLimit,-,-
36,weakl,5600,6400,3,120,4,11836093,150.2929213,24.05406547,optimal,72,202.5897348
36,envl,5600,6400,3,120,4,11836093,172.3734715,46.19496512,optimal,72,475.5188294
36,weakenvl,5600,6400,3,120,4,11836094,151.9517386,25.73843884,optimal,72,224.4221426
37,M_Agg,5600,6400,3,150,1,15072752,28.78687143,28.72856092,optimal,-,-
37,TPM,5600,6400,3,150,1,15072752,1859.498068,1858.67756,maxTimeLimit,-,-
37,TPM_m,5600,6400,3,150,1,15072752,364.7003931,364.5291977,optimal,-,-
37,FAL,5600,6400,3,150,1,15072752,1852.639327,1852.06157,maxTimeLimit,-,-
37,SHP,5600,6400,3,150,1,15072752,1822.787716,1822.41889,maxTimeLimit,-,-
37,weakl,5600,6400,3,150,1,15072752,222.177244,14.47094917,optimal,90,223.1035185
37,envl,5600,6400,3,150,1,15072752,602.2941483,393.7304676,optimal,90,561.5349001
37,weakenvl,5600,6400,3,150,1,15072752,248.1748858,39.54506135,optimal,90,256.7375526
38,M_Agg,5600,6400,3,150,2,14782640,22.07981253,22.01745248,optimal,-,-
38,TPM,5600,6400,3,150,2,14788114,1878.019552,1877.215971,maxTimeLimit,-,-
38,TPM_m,5600,6400,3,150,2,14782640,207.992129,207.8255584,optimal,-,-
38,FAL,5600,6400,3,150,2,14782640,1862.503088,1861.883995,maxTimeLimit,-,-
38,SHP,5600,6400,3,150,2,14797840,1819.766321,1819.367751,maxTimeLimit,-,-
38,weakl,5600,6400,3,150,2,14782640,221.5735839,7.270684242,optimal,90,260.7977092
38,envl,5600,6400,3,150,2,14782640,765.5988315,550.4492998,optimal,90,862.3282749
38,weakenvl,5600,6400,3,150,2,14782640,257.2524026,42.06706929,optimal,90,516.9584936
39,M_Agg,5600,6400,3,150,3,14616823,10.98933554,10.92705846,optimal,-,-
39,TPM,5600,6400,3,150,3,14616823,1847.371405,1846.411792,maxTimeLimit,-,-
39,TPM_m,5600,6400,3,150,3,14616823,49.96830821,49.80340624,optimal,-,-
39,FAL,5600,6400,3,150,3,14616823,1847.865943,1847.30012,maxTimeLimit,-,-
39,SHP,5600,6400,3,150,3,14616823,1821.112992,1820.740145,maxTimeLimit,-,-
39,weakl,5600,6400,3,150,3,14616823,216.31519,6.098650694,optimal,90,305.4177435
39,envl,5600,6400,3,150,3,14616823,361.8088662,150.4847996,optimal,90,1122.673268
39,weakenvl,5600,6400,3,150,3,14616823,240.3095433,28.92116475,optimal,90,753.9819673
40,M_Agg,5600,6400,3,150,4,15085557,25.36136866,25.30694342,optimal,-,-
40,TPM,5600,6400,3,150,4,15089253,1872.680285,1871.837696,maxTimeLimit,-,-
40,TPM_m,5600,6400,3,150,4,15085557,286.5159168,286.3354297,optimal,-,-
40,FAL,5600,6400,3,150,4,15089253,1859.579446,1859.001863,maxTimeLimit,-,-
40,SHP,5600,6400,3,150,4,15089253,1818.300193,1817.924143,maxTimeLimit,-,-
40,weakl,5600,6400,3,150,4,15085557,232.3480559,28.76946998,optimal,90,566.1600478
40,envl,5600,6400,3,150,4,15085557,516.4377545,311.9947355,optimal,90,1483.850107
40,weakenvl,5600,6400,3,150,4,15085557,281.2133785,76.76669335,optimal,90,1145.39626
41,M_Agg,5600,6400,3,200,1,19827526,369.7307422,369.6280298,optimal,-,-
41,TPM,5600,6400,3,200,1,19834877,1854.807456,1853.372632,maxTimeLimit,-,-
41,TPM_m,5600,6400,3,200,1,19827526,1392.929895,1392.709929,optimal,-,-
41,FAL,5600,6400,3,200,1,19847691,1842.093022,1840.806011,maxTimeLimit,-,-
41,SHP,5600,6400,3,200,1,19827526,1816.746935,1816.096965,maxTimeLimit,-,-
41,weakl,5600,6400,3,200,1,19827526,372.954007,72.12812257,optimal,84,745.565564
41,envl,5600,6400,3,200,1,19827526,1805.467647,1501.415271,maxTimeLimit,84,1806.570759
41,weakenvl,5600,6400,3,200,1,19827526,1289.05865,984.955343,optimal,84,1526.659132
42,M_Agg,5600,6400,3,200,2,19650682,1810.912953,1810.827467,maxTimeLimit,-,-
42,TPM,5600,6400,3,200,2,19698821,1838.936403,1837.530717,maxTimeLimit,-,-
42,TPM_m,5600,6400,3,200,2,19650682,1809.652708,1809.42204,maxTimeLimit,-,-
42,FAL,5600,6400,3,200,2,19693114,1843.062654,1842.03942,maxTimeLimit,-,-
42,SHP,5600,6400,3,200,2,19658983,1816.724618,1816.090737,maxTimeLimit,-,-
42,weakl,5600,6400,3,200,2,19650682,400.053721,97.75870585,optimal,82,1110.761705
42,envl,5600,6400,3,200,2,19650682,1806.978805,1501.267089,maxTimeLimit,82,1808.938065
42,weakenvl,5600,6400,3,200,2,19650682,1205.346297,899.7723446,optimal,82,1657.144647
43,M_Agg,5600,6400,3,200,3,19529842,1808.50623,1808.420198,maxTimeLimit,-,-
43,TPM,5600,6400,3,200,3,19541103,1833.623503,1832.194015,maxTimeLimit,-,-
43,TPM_m,5600,6400,3,200,3,19529842,1814.259205,1814.016495,maxTimeLimit,-,-
43,FAL,5600,6400,3,200,3,19553599,1813.784016,1812.77238,maxTimeLimit,-,-
43,SHP,5600,6400,3,200,3,19543676,1816.262745,1815.597924,maxTimeLimit,-,-
43,weakl,5600,6400,3,200,3,19529842,1259.284407,958.6728406,optimal,81,1463.413073
43,envl,5600,6400,3,200,3,19529842,1806.51622,1502.97604,maxTimeLimit,81,1810.069472
43,weakenvl,5600,6400,3,200,3,19529842,1805.966715,1502.308045,maxTimeLimit,81,1808.607994
44,M_Agg,5600,6400,3,200,4,19814701,1809.903187,1809.826276,maxTimeLimit,-,-
44,TPM,5600,6400,3,200,4,19853452,1844.739466,1843.258195,maxTimeLimit,-,-
44,TPM_m,5600,6400,3,200,4,19819427,1816.282436,1816.001203,maxTimeLimit,-,-
44,FAL,5600,6400,3,200,4,19856747,1854.974412,1853.943947,maxTimeLimit,-,-
44,SHP,5600,6400,3,200,4,19853014,1819.299767,1818.566,maxTimeLimit,-,-
44,weakl,5600,6400,3,200,4,19814701,949.9701208,649.3176608,optimal,80,1604.94903
44,envl,5600,6400,3,200,4,19814701,1807.320363,1503.298392,maxTimeLimit,80,1810.444865
44,weakenvl,5600,6400,3,200,4,19845222,1806.264864,1502.370735,maxTimeLimit,80,1809.005502
45,M_Agg,5600,6400,3,300,1,29667721,1834.07999,1833.983014,maxTimeLimit,-,-
45,TPM,5600,6400,3,300,1,29714451,1874.508501,1871.147659,maxTimeLimit,-,-
45,TPM_m,5600,6400,3,300,1,29664895,1814.335975,1813.969584,maxTimeLimit,-,-
45,FAL,5600,6400,3,300,1,29680540,1864.952324,1862.509639,maxTimeLimit,-,-
45,SHP,5600,6400,3,300,1,29738036,1805.056771,1803.549953,maxTimeLimit,-,-
45,weakl,5600,6400,3,300,1,29673210,1833.738569,1532.87337,maxTimeLimit,64,1819.6849
45,envl,5600,6400,3,300,1,29667721,1814.936871,1511.870326,maxTimeLimit,64,1812.698624
45,weakenvl,5600,6400,3,300,1,29668057,1811.000711,1507.897025,maxTimeLimit,64,1809.305613
46,M_Agg,5600,6400,3,300,2,29041284,1849.130854,1849.042262,maxTimeLimit,-,-
46,TPM,5600,6400,3,300,2,29061313,1846.335871,1843.005461,maxTimeLimit,-,-
46,TPM_m,5600,6400,3,300,2,29041284,1814.036794,1813.723753,maxTimeLimit,-,-
46,FAL,5600,6400,3,300,2,29044734,1863.803728,1861.414217,maxTimeLimit,-,-
46,SHP,5600,6400,3,300,2,29041284,1813.576073,1812.020456,maxTimeLimit,-,-
46,weakl,5600,6400,3,300,2,29044734,1810.659194,1504.858927,maxTimeLimit,62,1396.996942
46,envl,5600,6400,3,300,2,29041284,1811.504434,1504.015777,maxTimeLimit,62,1394.738027
46,weakenvl,5600,6400,3,300,2,29068210,1811.199685,1503.634998,maxTimeLimit,62,1392.418984
47,M_Agg,5600,6400,3,300,3,29308879,1821.414621,1821.33559,maxTimeLimit,-,-
47,TPM,5600,6400,3,300,3,29356044,1859.94944,1856.124137,maxTimeLimit,-,-
47,TPM_m,5600,6400,3,300,3,29330969,1812.33507,1812.011681,maxTimeLimit,-,-
47,FAL,5600,6400,3,300,3,29309853,1803.08011,1800.79807,maxTimeLimit,-,-
47,SHP,5600,6400,3,300,3,29353536,1814.551837,1813.113751,maxTimeLimit,-,-
47,weakl,5600,6400,3,300,3,29330969,1825.428236,1518.331359,maxTimeLimit,63,981.9999378
47,envl,5600,6400,3,300,3,29308879,1808.017793,1498.742526,maxTimeLimit,63,979.7014658
47,weakenvl,5600,6400,3,300,3,29336596,1807.556749,1498.171551,maxTimeLimit,63,977.3689613
48,M_Agg,5600,6400,3,300,4,29218041,1830.350672,1830.260977,maxTimeLimit,-,-
48,TPM,5600,6400,3,300,4,29269206,1862.39764,1858.447552,maxTimeLimit,-,-
48,TPM_m,5600,6400,3,300,4,29218041,1810.782567,1810.406672,maxTimeLimit,-,-
48,FAL,5600,6400,3,300,4,29272654,1883.59613,1881.19499,maxTimeLimit,-,-
48,SHP,5600,6400,3,300,4,29243901,1812.097566,1810.576912,maxTimeLimit,-,-
48,weakl,5600,6400,3,300,4,29218041,1808.913603,1501.330667,maxTimeLimit,65,559.7196763
48,envl,5600,6400,3,300,4,29309369,1816.335398,1507.555222,maxTimeLimit,65,561.9219615
48,weakenvl,5600,6400,3,300,4,29218041,1807.465308,1498.496559,maxTimeLimit,65,559.7447547
49,M_Agg,5600,6400,5,90,1,6642692,2.077695131,2.00801301,optimal,-,-
49,TPM,5600,6400,5,90,1,6642692,5.719690561,5.348987341,optimal,-,-
49,TPM_m,5600,6400,5,90,1,6642692,2.330218099,2.205103397,optimal,-,-
49,FAL,5600,6400,5,90,1,6642692,6.183494568,5.951215267,optimal,-,-
49,SHP,5600,6400,5,90,1,6642692,7.376838923,7.198271513,optimal,-,-
49,weakl,5600,6400,5,90,1,6642692,142.9867372,1.82141757,optimal,54,145.4615633
49,envl,5600,6400,5,90,1,6642692,143.094484,1.903685093,optimal,54,145.9262865
49,weakenvl,5600,6400,5,90,1,6642692,143.4541935,2.238857746,optimal,54,145.8808489
50,M_Agg,5600,6400,5,90,2,6783625,3.207578897,3.145109415,optimal,-,-
50,TPM,5600,6400,5,90,2,6783625,23.74744987,23.42502832,optimal,-,-
50,TPM_m,5600,6400,5,90,2,6783625,8.728964157,8.601071835,optimal,-,-
50,FAL,5600,6400,5,90,2,6783625,95.0246172,94.76157975,optimal,-,-
50,SHP,5600,6400,5,90,2,6783625,50.9172585,50.75957251,optimal,-,-
50,weakl,5600,6400,5,90,2,6783625,150.6711757,2.861368418,optimal,54,150.9394574
50,envl,5600,6400,5,90,2,6783625,151.3581884,3.51143074,optimal,54,151.3676778
50,weakenvl,5600,6400,5,90,2,6783625,150.9995942,3.132875681,optimal,54,151.2891628
51,M_Agg,5600,6400,5,90,3,6743338,1.840293169,1.78270936,optimal,-,-
51,TPM,5600,6400,5,90,3,6743338,15.98002744,15.67145514,optimal,-,-
51,TPM_m,5600,6400,5,90,3,6743338,8.921490011,8.793381929,optimal,-,-
51,FAL,5600,6400,5,90,3,6743338,24.75807428,24.52904773,optimal,-,-
51,SHP,5600,6400,5,90,3,6743338,16.13276744,15.97692347,optimal,-,-
51,weakl,5600,6400,5,90,3,6743338,136.3071896,2.007362604,optimal,54,158.9046015
51,envl,5600,6400,5,90,3,6743338,136.8997758,2.547110319,optimal,54,159.0230837
51,weakenvl,5600,6400,5,90,3,6743338,137.0599226,2.646696806,optimal,54,159.2976165
52,M_Agg,5600,6400,5,90,4,6636516,1.684668064,1.634880066,optimal,-,-
52,TPM,5600,6400,5,90,4,6636516,12.14932632,11.83116531,optimal,-,-
52,TPM_m,5600,6400,5,90,4,6636516,2.585708707,2.465776443,optimal,-,-
52,FAL,5600,6400,5,90,4,6636516,12.7785244,12.53145576,optimal,-,-
52,SHP,5600,6400,5,90,4,6636516,8.514566898,8.345614672,optimal,-,-
52,weakl,5600,6400,5,90,4,6636516,151.8811505,1.908371687,optimal,54,168.6162224
52,envl,5600,6400,5,90,4,6636516,152.3526979,2.33487916,optimal,54,168.5825672
52,weakenvl,5600,6400,5,90,4,6636516,152.0096853,1.99435091,optimal,54,168.9090059
53,M_Agg,5600,6400,5,100,1,7414182,2.365605116,2.303682566,optimal,-,-
53,TPM,5600,6400,5,100,1,7414182,28.28480411,27.88590384,optimal,-,-
53,TPM_m,5600,6400,5,100,1,7414182,11.54368158,11.41213632,optimal,-,-
53,FAL,5600,6400,5,100,1,7414182,1817.179744,1816.901222,maxTimeLimit,-,-
53,SHP,5600,6400,5,100,1,7414181.999,114.1120243,113.9276679,optimal,-,-
53,weakl,5600,6400,5,100,1,7414182,164.8983137,3.307291746,optimal,60,173.7753013
53,envl,5600,6400,5,100,1,7414182,164.860049,3.193084002,optimal,60,173.5315554
53,weakenvl,5600,6400,5,100,1,7414182,165.0874493,3.407463312,optimal,60,174.0873625
54,M_Agg,5600,6400,5,100,2,7681629,2.190231323,2.131132364,optimal,-,-
54,TPM,5600,6400,5,100,2,7681629,27.31236815,26.92451334,optimal,-,-
54,TPM_m,5600,6400,5,100,2,7681629,9.973030336,9.824703693,optimal,-,-
54,FAL,5600,6400,5,100,2,7681629,132.4151671,132.1104696,optimal,-,-
54,SHP,5600,6400,5,100,2,7681629,75.62993717,75.44204259,optimal,-,-
54,weakl,5600,6400,5,100,2,7681629,182.5317522,3.373014688,optimal,60,201.3869115
54,envl,5600,6400,5,100,2,7681629,181.9798122,2.770680428,optimal,60,201.6095434
54,weakenvl,5600,6400,5,100,2,7681629,183.0334087,3.799856424,optimal,60,202.1158321
55,M_Agg,5600,6400,5,100,3,7407611,3.010133028,2.951664448,optimal,-,-
55,TPM,5600,6400,5,100,3,7407611,31.19011903,30.81711674,optimal,-,-
55,TPM_m,5600,6400,5,100,3,7407611,12.38691561,12.25418735,optimal,-,-
55,FAL,5600,6400,5,100,3,7407611,205.8883603,205.5887408,optimal,-,-
55,SHP,5600,6400,5,100,3,7407610.999,87.21433449,87.01070905,optimal,-,-
55,weakl,5600,6400,5,100,3,7407611,175.1536731,3.770002127,optimal,60,222.2160398
55,envl,5600,6400,5,100,3,7407611,175.1377095,3.709668159,optimal,60,222.3209186
55,weakenvl,5600,6400,5,100,3,7407611,175.5054802,4.055134773,optimal,60,223.0551691
56,M_Agg,5600,6400,5,100,4,7262369,2.117824554,2.062601566,optimal,-,-
56,TPM,5600,6400,5,100,4,7262369,21.05324864,20.67282534,optimal,-,-
56,TPM_m,5600,6400,5,100,4,7262369,8.982114834,8.853724003,optimal,-,-
56,FAL,5600,6400,5,100,4,7262369,22.62744141,22.35591602,optimal,-,-
56,SHP,5600,6400,5,100,4,7262369,64.73038912,64.54913783,optimal,-,-
56,weakl,5600,6400,5,100,4,7262369,172.5174661,2.860146046,optimal,60,247.7304343
56,envl,5600,6400,5,100,4,7262369,172.1486509,2.436295748,optimal,60,247.8258966
56,weakenvl,5600,6400,5,100,4,7262369,172.7231119,2.990641356,optimal,60,249.16777
57,M_Agg,5600,6400,5,120,1,9015655,5.281885862,5.221995115,optimal,-,-
57,TPM,5600,6400,5,120,1,9015655,37.7782948,37.23716998,optimal,-,-
57,TPM_m,5600,6400,5,120,1,9015655,12.74793816,12.58216476,optimal,-,-
57,FAL,5600,6400,5,120,1,9015655,401.8873553,401.4886355,optimal,-,-
57,SHP,5600,6400,5,120,1,9015654.999,362.7544382,362.5001578,optimal,-,-
57,weakl,5600,6400,5,120,1,9015655,275.3447547,5.119588137,optimal,72,268.0395404
57,envl,5600,6400,5,120,1,9015655,277.1720011,6.782473803,optimal,72,269.6451571
57,weakenvl,5600,6400,5,120,1,9015655,277.2013275,6.741921186,optimal,72,268.4201385
58,M_Agg,5600,6400,5,120,2,8905981,2.717478752,2.653811932,optimal,-,-
58,TPM,5600,6400,5,120,2,8905980.972,31.64841223,31.03999162,optimal,-,-
58,TPM_m,5600,6400,5,120,2,8905981,11.46542321,11.28209972,optimal,-,-
58,FAL,5600,6400,5,120,2,8905981,127.559325,126.971488,optimal,-,-
58,SHP,5600,6400,5,120,2,8905981,91.44241929,91.18256855,optimal,-,-
58,weakl,5600,6400,5,120,2,8905981,265.8482652,4.880559683,optimal,72,276.8312056
58,envl,5600,6400,5,120,2,8905981,264.8253129,3.740751743,optimal,72,299.2403572
58,weakenvl,5600,6400,5,120,2,8905981,266.7907568,5.684173822,optimal,72,283.7440222
59,M_Agg,5600,6400,5,120,3,8918719,2.197841644,2.134143114,optimal,-,-
59,TPM,5600,6400,5,120,3,8918718.996,27.76906991,27.18371749,optimal,-,-
59,TPM_m,5600,6400,5,120,3,8918719,9.23910269,9.087182045,optimal,-,-
59,FAL,5600,6400,5,120,3,8918719,61.53826094,61.13308525,optimal,-,-
59,SHP,5600,6400,5,120,3,8918719,25.57247806,25.32615709,optimal,-,-
59,weakl,5600,6400,5,120,3,8918719,277.2112514,4.238143921,optimal,72,286.71189
59,envl,5600,6400,5,120,3,8918719,277.1576215,4.112731934,optimal,72,312.3460209
59,weakenvl,5600,6400,5,120,3,8918719,279.9558839,6.877188921,optimal,72,296.5654136
60,M_Agg,5600,6400,5,120,4,9008279,7.599539995,7.541166306,optimal,-,-
60,TPM,5600,6400,5,120,4,9008279,56.06309032,55.48765802,optimal,-,-
60,TPM_m,5600,6400,5,120,4,9008279,17.61656934,17.45519376,optimal,-,-
60,FAL,5600,6400,5,120,4,9008279,1824.861978,1824.450898,maxTimeLimit,-,-
60,SHP,5600,6400,5,120,4,9008279,681.975059,681.6379459,optimal,-,-
60,weakl,5600,6400,5,120,4,9008279,253.7538902,9.636089802,optimal,72,296.2893347
60,envl,5600,6400,5,120,4,9008279,259.4256928,15.23906708,optimal,72,349.333654
60,weakenvl,5600,6400,5,120,4,9008279,249.7325859,5.509036064,optimal,72,328.6530278
61,M_Agg,5600,6400,5,150,1,11103827,12.50354457,12.44060111,optimal,-,-
61,TPM,5600,6400,5,150,1,11103827,128.7837148,127.9751413,optimal,-,-
61,TPM_m,5600,6400,5,150,1,11103827,26.48918882,26.31641555,optimal,-,-
61,FAL,5600,6400,5,150,1,11103827,1839.182725,1838.545588,maxTimeLimit,-,-
61,SHP,5600,6400,5,150,1,11103827,1817.039802,1816.657025,maxTimeLimit,-,-
61,weakl,5600,6400,5,150,1,11103827,310.5114156,9.535731554,optimal,46,310.1095246
61,envl,5600,6400,5,150,1,11103827,395.5528017,93.64726925,optimal,46,370.7221032
61,weakenvl,5600,6400,5,150,1,11103827,338.4968623,36.54231977,optimal,46,351.8281425
62,M_Agg,5600,6400,5,150,2,11099123,2.9386971,2.877324581,optimal,-,-
62,TPM,5600,6400,5,150,2,11099122.98,40.95216846,40.1132865,optimal,-,-
62,TPM_m,5600,6400,5,150,2,11099123,14.36336139,14.17155194,optimal,-,-
62,FAL,5600,6400,5,150,2,11099123,1376.780155,1376.012035,optimal,-,-
62,SHP,5600,6400,5,150,2,11099123,812.3523328,811.9652214,optimal,-,-
62,weakl,5600,6400,5,150,2,11099123,305.3710029,3.858351707,optimal,48,411.0671442
62,envl,5600,6400,5,150,2,11099123,317.2479675,14.93975067,optimal,48,723.6137355
62,weakenvl,5600,6400,5,150,2,11099123,318.0763223,15.75214195,optimal,48,513.9944345
63,M_Agg,5600,6400,5,150,3,11165787,11.82003021,11.75509048,optimal,-,-
63,TPM,5600,6400,5,150,3,11165787,103.906749,103.0468366,optimal,-,-
63,TPM_m,5600,6400,5,150,3,11165787,31.01231393,30.81262732,optimal,-,-
63,FAL,5600,6400,5,150,3,11165787,1854.321768,1853.667298,maxTimeLimit,-,-
63,SHP,5600,6400,5,150,3,11165787,1818.488096,1818.080398,maxTimeLimit,-,-
63,weakl,5600,6400,5,150,3,11165787,315.5210299,8.701339245,optimal,45,457.5075936
63,envl,5600,6400,5,150,3,11165787,425.108154,117.1761613,optimal,45,818.6026909
63,weakenvl,5600,6400,5,150,3,11165787,408.3063406,100.3318994,optimal,45,615.9104074
64,M_Agg,5600,6400,5,150,4,11200202,12.68309903,12.61664152,optimal,-,-
64,TPM,5600,6400,5,150,4,11200202,78.84064937,78.00389075,optimal,-,-
64,TPM_m,5600,6400,5,150,4,11200202,19.6429579,19.40923786,optimal,-,-
64,FAL,5600,6400,5,150,4,11210637,1850.207913,1849.468033,maxTimeLimit,-,-
64,SHP,5600,6400,5,150,4,11200202,1819.426389,1818.864856,maxTimeLimit,-,-
64,weakl,5600,6400,5,150,4,11200202,309.0346498,6.699030161,optimal,48,456.5273599
64,envl,5600,6400,5,150,4,11200202,344.9794897,41.95011735,optimal,48,803.8414595
64,weakenvl,5600,6400,5,150,4,11200202,342.4330448,39.4006598,optimal,48,610.5638541
65,M_Agg,5600,6400,5,200,1,14871592,237.0535026,236.9755816,optimal,-,-
65,TPM,5600,6400,5,200,1,14871592,1835.747585,1834.031474,maxTimeLimit,-,-
65,TPM_m,5600,6400,5,200,1,14871592,289.2399643,288.9985607,optimal,-,-
65,FAL,5600,6400,5,200,1,14871592,1806.172831,1805.065644,maxTimeLimit,-,-
65,SHP,5600,6400,5,200,1,14871592,1817.312601,1816.648317,maxTimeLimit,-,-
65,weakl,5600,6400,5,200,1,14871592,714.3418943,412.1256571,optimal,38,462.6677078
65,envl,5600,6400,5,200,1,14875841,1807.119331,1503.866969,maxTimeLimit,38,819.1832715
65,weakenvl,5600,6400,5,200,1,14871592,987.1620302,683.8992794,optimal,38,622.8366908
66,M_Agg,5600,6400,5,200,2,14974301,142.534133,142.4658711,optimal,-,-
66,TPM,5600,6400,5,200,2,14974301,1830.163792,1828.590228,maxTimeLimit,-,-
66,TPM_m,5600,6400,5,200,2,14974301,151.0485524,150.8022103,optimal,-,-
66,FAL,5600,6400,5,200,2,14974301,1830.748606,1829.684917,maxTimeLimit,-,-
66,SHP,5600,6400,5,200,2,14974301,1815.60093,1814.95322,maxTimeLimit,-,-
66,weakl,5600,6400,5,200,2,14974301,491.1328005,190.6579728,optimal,37,741.112909
66,envl,5600,6400,5,200,2,14974301,697.2037892,395.9435098,optimal,37,822.2930358
66,weakenvl,5600,6400,5,200,2,14974301,725.7402141,424.4482567,optimal,37,830.8528991
67,M_Agg,5600,6400,5,200,3,14799009,5.916869402,5.845710993,optimal,-,-
67,TPM,5600,6400,5,200,3,14799009,97.90074086,96.42547297,optimal,-,-
67,TPM_m,5600,6400,5,200,3,14799009,25.38158729,25.14942074,optimal,-,-
67,FAL,5600,6400,5,200,3,14799009,1839.554578,1838.546054,maxTimeLimit,-,-
67,SHP,5600,6400,5,200,3,14799009,1817.471022,1816.547798,maxTimeLimit,-,-
67,weakl,5600,6400,5,200,3,14799009,311.6000951,9.746150017,optimal,36,1075.30183
67,envl,5600,6400,5,200,3,14799009,366.0632284,63.22647476,optimal,36,1100.591242
67,weakenvl,5600,6400,5,200,3,14799009,386.9201274,84.08656192,optimal,36,1102.168102
68,M_Agg,5600,6400,5,200,4,14725322,18.85798478,18.78583694,optimal,-,-
68,TPM,5600,6400,5,200,4,14725322,433.619344,432.0635989,optimal,-,-
68,TPM_m,5600,6400,5,200,4,14725322,31.71507431,31.48190832,optimal,-,-
68,FAL,5600,6400,5,200,4,14741614,1803.677057,1802.574155,maxTimeLimit,-,-
68,SHP,5600,6400,5,200,4,14725322,1817.9081,1816.967476,maxTimeLimit,-,-
68,weakl,5600,6400,5,200,4,14725322,333.5960412,27.52919865,optimal,38,1456.995538
68,envl,5600,6400,5,200,4,14725322,406.3467377,99.41746926,optimal,38,1462.077923
68,weakenvl,5600,6400,5,200,4,14725322,391.5243915,84.53803229,optimal,38,1459.303335
69,M_Agg,5600,6400,5,300,1,22414369,1827.903816,1827.799947,maxTimeLimit,-,-
69,TPM,5600,6400,5,300,1,22457605,1842.612651,1839.287313,maxTimeLimit,-,-
69,TPM_m,5600,6400,5,300,1,22414369,1802.589812,1802.236547,maxTimeLimit,-,-
69,FAL,5600,6400,5,300,1,22451040,1840.022185,1837.747279,maxTimeLimit,-,-
69,SHP,5600,6400,5,300,1,22414369,1814.872655,1813.333584,maxTimeLimit,-,-
69,weakl,5600,6400,5,300,1,22443146,1828.122699,1526.869226,maxTimeLimit,35,1830.09686
69,envl,5600,6400,5,300,1,22457416,1819.558388,1517.239585,maxTimeLimit,35,1816.259471
69,weakenvl,5600,6400,5,300,1,22443146,1819.226863,1516.83133,maxTimeLimit,35,1815.176716
70,M_Agg,5600,6400,5,300,2,22448954,1837.389328,1837.278295,maxTimeLimit,-,-
70,TPM,5600,6400,5,300,2,22431678,1822.716656,1819.352934,maxTimeLimit,-,-
70,TPM_m,5600,6400,5,300,2,22448954,1802.508691,1802.163074,maxTimeLimit,-,-
70,FAL,5600,6400,5,300,2,22431678,1862.891513,1860.50346,maxTimeLimit,-,-
70,SHP,5600,6400,5,300,2,22448954,1813.272779,1811.444026,maxTimeLimit,-,-
70,weakl,5600,6400,5,300,2,22431678,1827.888484,1514.314227,maxTimeLimit,34,1438.857543
70,envl,5600,6400,5,300,2,22431678,1810.396614,1495.871066,maxTimeLimit,34,1426.782235
70,weakenvl,5600,6400,5,300,2,22431678,1811.001027,1496.385376,maxTimeLimit,34,1426.353263
71,M_Agg,5600,6400,5,300,3,22389866,1832.578945,1832.48074,maxTimeLimit,-,-
71,TPM,5600,6400,5,300,3,22393135,1847.003985,1843.344816,maxTimeLimit,-,-
71,TPM_m,5600,6400,5,300,3,22395441,1803.518605,1803.18461,maxTimeLimit,-,-
71,FAL,5600,6400,5,300,3,22392205,1804.720517,1802.072768,maxTimeLimit,-,-
71,SHP,5600,6400,5,300,3,22392205,1816.798487,1815.372695,maxTimeLimit,-,-
71,weakl,5600,6400,5,300,3,22395441,1838.374928,1533.118644,maxTimeLimit,34,1041.181188
71,envl,5600,6400,5,300,3,22401825.72,1812.009951,1505.102383,maxTimeLimit,34,1033.334691
71,weakenvl,5600,6400,5,300,3,22426384.72,1815.461056,1508.627499,maxTimeLimit,34,1033.031189
72,M_Agg,5600,6400,5,300,4,22391210,1838.205588,1838.10925,maxTimeLimit,-,-
72,TPM,5600,6400,5,300,4,22395243,1847.909408,1844.37172,maxTimeLimit,-,-
72,TPM_m,5600,6400,5,300,4,22380481,1803.317851,1802.973433,maxTimeLimit,-,-
72,FAL,5600,6400,5,300,4,22406349,1823.127423,1820.493721,maxTimeLimit,-,-
72,SHP,5600,6400,5,300,4,22399376,1814.582458,1812.69232,maxTimeLimit,-,-
72,weakl,5600,6400,5,300,4,22399492,1826.001329,1524.435676,maxTimeLimit,34,641.221165
72,envl,5600,6400,5,300,4,22415609,1823.07293,1520.510566,maxTimeLimit,34,639.7238582
72,weakenvl,5600,6400,5,300,4,22399492,1815.017917,1512.401008,maxTimeLimit,34,638.7664316
73,M_Agg,5600,6400,8,90,1,5923352,1.130712271,1.072920799,optimal,-,-
73,TPM,5600,6400,8,90,1,5923352,2.21986866,1.906150579,optimal,-,-
73,TPM_m,5600,6400,8,90,1,5923352,0.899224382,0.772496462,optimal,-,-
73,FAL,5600,6400,8,90,1,5923352,1.741649151,1.439722061,optimal,-,-
73,SHP,5600,6400,8,90,1,5923352,1.163825989,1.01056838,optimal,-,-
73,weakl,5600,6400,8,90,1,5923352.032,263.1654331,2.472424507,optimal,54,247.9509772
73,envl,5600,6400,8,90,1,5923352,261.649445,0.911424637,optimal,54,246.8684732
73,weakenvl,5600,6400,8,90,1,5923352.032,263.9330525,3.182132006,optimal,54,248.175661
74,M_Agg,5600,6400,8,90,2,6038572,2.486320496,2.427779675,optimal,-,-
74,TPM,5600,6400,8,90,2,6038572,4.711793184,4.392427921,optimal,-,-
74,TPM_m,5600,6400,8,90,2,6038572,1.918740937,1.786128759,optimal,-,-
74,FAL,5600,6400,8,90,2,6038572,3.568130732,3.332509995,optimal,-,-
74,SHP,5600,6400,8,90,2,6038572,2.899280787,2.739346266,optimal,-,-
74,weakl,5600,6400,8,90,2,6038572,237.1830612,3.131078959,optimal,54,256.3541502
74,envl,5600,6400,8,90,2,6038572,236.6064389,2.508499384,optimal,54,255.4073354
74,weakenvl,5600,6400,8,90,2,6038572,237.7127321,3.602205038,optimal,54,256.5294856
75,M_Agg,5600,6400,8,90,3,5909033,1.163900375,1.097602844,optimal,-,-
75,TPM,5600,6400,8,90,3,5909033,2.568780184,2.246892691,optimal,-,-
75,TPM_m,5600,6400,8,90,3,5909033,1.296577247,1.160580635,optimal,-,-
75,FAL,5600,6400,8,90,3,5909033,2.45631361,2.218664169,optimal,-,-
75,SHP,5600,6400,8,90,3,5909033,1.345546007,1.184206486,optimal,-,-
75,weakl,5600,6400,8,90,3,5909033,238.5348365,2.097614288,optimal,54,271.0595197
75,envl,5600,6400,8,90,3,5909033,237.5666187,1.080466986,optimal,54,269.9970798
75,weakenvl,5600,6400,8,90,3,5909033,238.4020245,1.90268898,optimal,54,270.9810105
76,M_Agg,5600,6400,8,90,4,5927577,2.479039192,2.399677277,optimal,-,-
76,TPM,5600,6400,8,90,4,5927577,5.451379061,5.05128932,optimal,-,-
76,TPM_m,5600,6400,8,90,4,5927577,2.180618371,2.022172689,optimal,-,-
76,FAL,5600,6400,8,90,4,5927577,3.828185558,3.549383879,optimal,-,-
76,SHP,5600,6400,8,90,4,5927577,2.724118471,2.532937527,optimal,-,-
76,weakl,5600,6400,8,90,4,5927577,252.9205779,3.463613033,optimal,54,283.2101601
76,envl,5600,6400,8,90,4,5927577,251.6513902,2.163024664,optimal,54,282.1033212
76,weakenvl,5600,6400,8,90,4,5927577,252.6548349,3.157416821,optimal,54,283.3286573
77,M_Agg,5600,6400,8,100,1,6503743,2.469592571,2.413477898,optimal,-,-
77,TPM,5600,6400,8,100,1,6503743,4.521006823,3.980157375,optimal,-,-
77,TPM_m,5600,6400,8,100,1,6503743,1.849951457,1.700020313,optimal,-,-
77,FAL,5600,6400,8,100,1,6503743,3.642836809,3.349192619,optimal,-,-
77,SHP,5600,6400,8,100,1,6503743,2.545478344,2.34146595,optimal,-,-
77,weakl,5600,6400,8,100,1,6503743,296.7781253,3.866400003,optimal,60,292.5174355
77,envl,5600,6400,8,100,1,6503743,295.8048938,2.844365597,optimal,60,291.5883438
77,weakenvl,5600,6400,8,100,1,6503743,297.348351,4.376215935,optimal,60,292.6292229
78,M_Agg,5600,6400,8,100,2,6624438,2.11207366,2.045918465,optimal,-,-
78,TPM,5600,6400,8,100,2,6624438,4.214638948,3.841374159,optimal,-,-
78,TPM_m,5600,6400,8,100,2,6624438,1.710985905,1.569134712,optimal,-,-
78,FAL,5600,6400,8,100,2,6624438,3.592968225,3.271460056,optimal,-,-
78,SHP,5600,6400,8,100,2,6624438,3.33811903,3.147991896,optimal,-,-
78,weakl,5600,6400,8,100,2,6624438,296.0045392,3.232229948,optimal,60,295.2986666
78,envl,5600,6400,8,100,2,6624438,294.9654167,2.113240957,optimal,60,294.483048
78,weakenvl,5600,6400,8,100,2,6624438,295.5188315,2.654106617,optimal,60,295.3744149
79,M_Agg,5600,6400,8,100,3,6650837,1.436821699,1.37613821,optimal,-,-
79,TPM,5600,6400,8,100,3,6650837,3.625405788,3.235085011,optimal,-,-
79,TPM_m,5600,6400,8,100,3,6650837,1.429025685,1.289873838,optimal,-,-
79,FAL,5600,6400,8,100,3,6650837,3.240528345,2.940755367,optimal,-,-
79,SHP,5600,6400,8,100,3,6650837,2.002078056,1.792887688,optimal,-,-
79,weakl,5600,6400,8,100,3,6650837,287.137398,2.455625296,optimal,60,298.4317113
79,envl,5600,6400,8,100,3,6650837,285.9915843,1.267590046,optimal,60,297.6366272
79,weakenvl,5600,6400,8,100,3,6650837,287.7926119,3.037562847,optimal,60,298.7071482
80,M_Agg,5600,6400,8,100,4,6574143,2.474058151,2.41584444,optimal,-,-
80,TPM,5600,6400,8,100,4,6574143,5.25660944,4.865344048,optimal,-,-
80,TPM_m,5600,6400,8,100,4,6574143,2.384560665,2.232425451,optimal,-,-
80,FAL,5600,6400,8,100,4,6574143,4.642286777,4.369733334,optimal,-,-
80,SHP,5600,6400,8,100,4,6574143,3.516915083,3.331578255,optimal,-,-
80,weakl,5600,6400,8,100,4,6574630,290.1496793,3.519396782,optimal,60,304.3037163
80,envl,5600,6400,8,100,4,6574143,289.5914806,2.924333572,optimal,60,303.4748715
80,weakenvl,5600,6400,8,100,4,6574143,289.8570972,3.157551527,optimal,60,304.4428588
81,M_Agg,5600,6400,8,120,1,7873122,2.291780472,2.224649429,optimal,-,-
81,TPM,5600,6400,8,120,1,7873122,5.509272814,4.964757442,optimal,-,-
81,TPM_m,5600,6400,8,120,1,7873122,1.750927712,1.593298197,optimal,-,-
81,FAL,5600,6400,8,120,1,7873122,5.277791739,4.881641865,optimal,-,-
81,SHP,5600,6400,8,120,1,7873122,3.412938833,3.15516305,optimal,-,-
81,weakl,5600,6400,8,120,1,7873122,307.9030497,2.803668261,optimal,35,307.6925673
81,envl,5600,6400,8,120,1,7873122,307.3837106,2.215015411,optimal,35,306.8337883
81,weakenvl,5600,6400,8,120,1,7873122,308.3291192,3.142664909,optimal,35,307.9769026
82,M_Agg,5600,6400,8,120,2,7828826,2.705527306,2.644586802,optimal,-,-
82,TPM,5600,6400,8,120,2,7828826,5.875525475,5.326527357,optimal,-,-
82,TPM_m,5600,6400,8,120,2,7828826,2.202146567,2.021967173,optimal,-,-
82,FAL,5600,6400,8,120,2,7828826,5.201959372,4.799031258,optimal,-,-
82,SHP,5600,6400,8,120,2,7828826,4.557016611,4.295057535,optimal,-,-
82,weakl,5600,6400,8,120,2,7828826,308.5367182,3.261729717,optimal,34,307.5996723
82,envl,5600,6400,8,120,2,7828826,307.5797332,2.214228392,optimal,34,308.8184717
82,weakenvl,5600,6400,8,120,2,7828826,308.8497644,3.477745771,optimal,34,309.6454354
83,M_Agg,5600,6400,8,120,3,7910633,1.959742785,1.900787592,optimal,-,-
83,TPM,5600,6400,8,120,3,7910633,3.84886837,3.304586887,optimal,-,-
83,TPM_m,5600,6400,8,120,3,7910633,1.38550403,1.228041887,optimal,-,-
83,FAL,5600,6400,8,120,3,7910633,4.820236921,4.426470757,optimal,-,-
83,SHP,5600,6400,8,120,3,7910633,2.482680082,2.236657143,optimal,-,-
83,weakl,5600,6400,8,120,3,7910633,310.625418,2.618584871,optimal,32,307.1292839
83,envl,5600,6400,8,120,3,7910633,309.3445616,1.212486982,optimal,32,311.3679443
83,weakenvl,5600,6400,8,120,3,7910633,310.7354543,2.597708941,optimal,32,313.3754618
84,M_Agg,5600,6400,8,120,4,7889263,2.576310396,2.515452147,optimal,-,-
84,TPM,5600,6400,8,120,4,7889263,6.0157516,5.443991899,optimal,-,-
84,TPM_m,5600,6400,8,120,4,7889263,2.342422315,2.140943527,optimal,-,-
84,FAL,5600,6400,8,120,4,7889263,7.463230848,7.063354969,optimal,-,-
84,SHP,5600,6400,8,120,4,7889263,4.870026588,4.617754459,optimal,-,-
84,weakl,5600,6400,8,120,4,7889263,303.7050834,3.507169008,optimal,35,305.7886052
84,envl,5600,6400,8,120,4,7889263,303.0271478,2.723334312,optimal,35,311.8810492
84,weakenvl,5600,6400,8,120,4,7889263,303.9932723,3.704562664,optimal,35,313.7482494
85,M_Agg,5600,6400,8,150,1,9852749,3.097321987,3.032022238,optimal,-,-
85,TPM,5600,6400,8,150,1,9852749,10.50061607,9.653016329,optimal,-,-
85,TPM_m,5600,6400,8,150,1,9852749,3.454771439,3.257068157,optimal,-,-
85,FAL,5600,6400,8,150,1,9852749,11.40495443,10.82617617,optimal,-,-
85,SHP,5600,6400,8,150,1,9852749,8.404056549,8.038972616,optimal,-,-
85,weakl,5600,6400,8,150,1,9852749,307.5314698,3.56020999,optimal,26,306.5099411
85,envl,5600,6400,8,150,1,9852749,315.3224442,10.88280797,optimal,26,314.8619155
85,weakenvl,5600,6400,8,150,1,9852749,315.0032506,10.56293511,optimal,26,316.5887164
86,M_Agg,5600,6400,8,150,2,9771596,6.298481226,6.232304096,optimal,-,-
86,TPM,5600,6400,8,150,2,9771596,27.83016086,26.95084882,optimal,-,-
86,TPM_m,5600,6400,8,150,2,9771596,8.284979181,8.082583427,optimal,-,-
86,FAL,5600,6400,8,150,2,9771596,42.16854119,41.58789778,optimal,-,-
86,SHP,5600,6400,8,150,2,9771596,19.08626151,18.7020328,optimal,-,-
86,weakl,5600,6400,8,150,2,9771596,306.6551646,4.916476011,optimal,25,310.0123808
86,envl,5600,6400,8,150,2,9771596,317.7776238,15.49140882,optimal,25,319.0024629
86,weakenvl,5600,6400,8,150,2,9771596,323.76987,21.49129152,optimal,25,321.7111533
87,M_Agg,5600,6400,8,150,3,9667450,2.532531977,2.465542793,optimal,-,-
87,TPM,5600,6400,8,150,3,9667450,9.471702814,8.496994019,optimal,-,-
87,TPM_m,5600,6400,8,150,3,9667450,3.041024379,2.84209466,optimal,-,-
87,FAL,5600,6400,8,150,3,9667450,11.24252987,10.65685797,optimal,-,-
87,SHP,5600,6400,8,150,3,9667450,7.497360945,7.13766408,optimal,-,-
87,weakl,5600,6400,8,150,3,9667450,305.2627029,2.643466949,optimal,28,318.0127275
87,envl,5600,6400,8,150,3,9667450,311.3969809,8.200287342,optimal,28,328.1142742
87,weakenvl,5600,6400,8,150,3,9667450,312.2266049,9.05086875,optimal,28,329.326891
88,M_Agg,5600,6400,8,150,4,9897263,3.300670385,3.236908913,optimal,-,-
88,TPM,5600,6400,8,150,4,9897263,11.47378516,10.6377275,optimal,-,-
88,TPM_m,5600,6400,8,150,4,9897263,3.418831967,3.210253477,optimal,-,-
88,FAL,5600,6400,8,150,4,9897263,11.72967982,11.14143062,optimal,-,-
88,SHP,5600,6400,8,150,4,9897263,7.624829292,7.255628347,optimal,-,-
88,weakl,5600,6400,8,150,4,9897263,306.5904271,3.382258892,optimal,25,319.8923271
88,envl,5600,6400,8,150,4,9897263,314.9506132,11.10873222,optimal,25,329.7997523
88,weakenvl,5600,6400,8,150,4,9897263,315.3551404,11.42928267,optimal,25,330.3366719
89,M_Agg,5600,6400,8,200,1,12848928,4.492384672,4.413186312,optimal,-,-
89,TPM,5600,6400,8,200,1,12848928,22.07980132,20.35295439,optimal,-,-
89,TPM_m,5600,6400,8,200,1,12848928,4.317352393,4.047858,optimal,-,-
89,FAL,5600,6400,8,200,1,12848928,47.29163408,46.24346638,optimal,-,-
89,SHP,5600,6400,8,200,1,12848928,14.41918993,13.74256611,optimal,-,-
89,weakl,5600,6400,8,200,1,12848928,321.5412285,4.718510151,optimal,23,322.5964745
89,envl,5600,6400,8,200,1,12848928,331.8846335,14.36261058,optimal,23,331.307461
89,weakenvl,5600,6400,8,200,1,12848928,335.4929979,17.98348117,optimal,23,331.5550416
90,M_Agg,5600,6400,8,200,2,13105258,21.42425203,21.34567213,optimal,-,-
90,TPM,5600,6400,8,200,2,13105258,57.96205401,56.55427933,optimal,-,-
90,TPM_m,5600,6400,8,200,2,13105258,15.1132585,14.86120129,optimal,-,-
90,FAL,5600,6400,8,200,2,13105258,250.7229877,249.6441722,optimal,-,-
90,SHP,5600,6400,8,200,2,13105258,55.49088573,54.80753613,optimal,-,-
90,weakl,5600,6400,8,200,2,13105258,338.6565516,25.45841694,optimal,23,321.3605624
90,envl,5600,6400,8,200,2,13105258,354.2248693,40.4882009,optimal,23,331.4240017
90,weakenvl,5600,6400,8,200,2,13105258,354.2328208,40.50485015,optimal,23,333.0755395
91,M_Agg,5600,6400,8,200,3,13095774,5.056636572,4.981098175,optimal,-,-
91,TPM,5600,6400,8,200,3,13095773.93,43.41466403,41.89595175,optimal,-,-
91,TPM_m,5600,6400,8,200,3,13095774,10.62287393,10.36910343,optimal,-,-
91,FAL,5600,6400,8,200,3,13095774,88.22507048,87.19615436,optimal,-,-
91,SHP,5600,6400,8,200,3,13095774,41.34991431,40.71324277,optimal,-,-
91,weakl,5600,6400,8,200,3,13095774,312.7811012,4.924296141,optimal,21,322.1313701
91,envl,5600,6400,8,200,3,13095774,318.1388931,9.781071663,optimal,21,347.4430876
91,weakenvl,5600,6400,8,200,3,13095774,316.2657284,7.891597271,optimal,21,340.8517291
92,M_Agg,5600,6400,8,200,4,13122324,5.193877697,5.123964548,optimal,-,-
92,TPM,5600,6400,8,200,4,13122324,15.13781476,13.75164533,optimal,-,-
92,TPM_m,5600,6400,8,200,4,13122324,3.205892312,2.951368093,optimal,-,-
92,FAL,5600,6400,8,200,4,13122324,14.90204692,13.88502741,optimal,-,-
92,SHP,5600,6400,8,200,4,13122324,11.64856577,10.9935379,optimal,-,-
92,weakl,5600,6400,8,200,4,13122324,317.4070168,4.653124809,optimal,23,330.4443929
92,envl,5600,6400,8,200,4,13122324,320.9814483,7.832468271,optimal,23,367.7109778
92,weakenvl,5600,6400,8,200,4,13122324,320.2286194,7.067550182,optimal,23,358.317376
93,M_Agg,5600,6400,8,300,1,19612931,11.82787204,11.74313736,optimal,-,-
93,TPM,5600,6400,8,300,1,19612931,63.06539369,59.6752286,optimal,-,-
93,TPM_m,5600,6400,8,300,1,19612931,5.700137149,5.330615044,optimal,-,-
93,FAL,5600,6400,8,300,1,19612931,156.0793178,153.4613311,optimal,-,-
93,SHP,5600,6400,8,300,1,19612931,58.06058621,56.56828761,optimal,-,-
93,weakl,5600,6400,8,300,1,19612931,316.59758,11.56048608,optimal,20,337.7934923
93,envl,5600,6400,8,300,1,19612931,332.3507962,26.85816073,optimal,20,378.5566292
93,weakenvl,5600,6400,8,300,1,19612931,341.5749896,36.08818746,optimal,20,366.1832418
94,M_Agg,5600,6400,8,300,2,19591198,26.62055683,26.52725577,optimal,-,-
94,TPM,5600,6400,8,300,2,19591197.88,109.752074,106.3412781,optimal,-,-
94,TPM_m,5600,6400,8,300,2,19591198,15.83224415,15.45498323,optimal,-,-
94,FAL,5600,6400,8,300,2,19591198,404.7199173,402.2204061,optimal,-,-
94,SHP,5600,6400,8,300,2,19591198,112.7006927,111.2373235,optimal,-,-
94,weakl,5600,6400,8,300,2,19591198,341.7397824,13.25607252,optimal,21,710.704199
94,envl,5600,6400,8,300,2,19591198,418.3012129,88.79920983,optimal,21,749.5379823
94,weakenvl,5600,6400,8,300,2,19591198,385.3375789,55.8636272,optimal,21,735.6091326
95,M_Agg,5600,6400,8,300,3,19439391,25.21190166,25.13356185,optimal,-,-
95,TPM,5600,6400,8,300,3,19439390.95,139.9120576,136.405477,optimal,-,-
95,TPM_m,5600,6400,8,300,3,19439391,18.48020443,18.0887239,optimal,-,-
95,FAL,5600,6400,8,300,3,19439391,1813.855248,1811.173659,maxTimeLimit,-,-
95,SHP,5600,6400,8,300,3,19439391,288.7834833,287.258019,optimal,-,-
95,weakl,5600,6400,8,300,3,19439391,346.0331923,43.97157264,optimal,20,1081.230959
95,envl,5600,6400,8,300,3,19439391,399.2104537,95.95261455,optimal,20,1097.272764
95,weakenvl,5600,6400,8,300,3,19439391,386.1283161,82.91706538,optimal,20,1093.169141
96,M_Agg,5600,6400,8,300,4,19548584,51.23662043,51.13667512,optimal,-,-
96,TPM,5600,6400,8,300,4,19548584,130.8575339,127.455524,optimal,-,-
96,TPM_m,5600,6400,8,300,4,19548584,17.92991162,17.47030234,optimal,-,-
96,FAL,5600,6400,8,300,4,19548584,1816.360062,1813.707717,maxTimeLimit,-,-
96,SHP,5600,6400,8,300,4,19548584,491.0119092,489.5425978,optimal,-,-
96,weakl,5600,6400,8,300,4,19548584,346.8034147,42.44225335,optimal,21,1449.890307
96,envl,5600,6400,8,300,4,19548584,364.3640541,59.27637005,optimal,21,1453.469583
96,weakenvl,5600,6400,8,300,4,19548584,351.6920825,46.63616252,optimal,21,1453.13385
97,M_Agg,5600,6400,8,500,1,32753849,1824.394712,1824.266871,maxTimeLimit,-,-
97,TPM,5600,6400,8,500,1,32727307,1823.888437,1813.947495,maxTimeLimit,-,-
97,TPM_m,5600,6400,8,500,1,32727307,55.98122079,55.32048273,optimal,-,-
97,FAL,5600,6400,8,500,1,32751360,1834.825143,1822.826506,maxTimeLimit,-,-
97,SHP,5600,6400,8,500,1,32727307,1830.001766,1825.678065,maxTimeLimit,-,-
97,weakl,5600,6400,8,500,1,32727307,1808.240407,1484.659993,maxTimeLimit,21,1815.465632
97,envl,5600,6400,8,500,1,32754433,1816.276209,1491.033968,maxTimeLimit,21,1816.812384
97,weakenvl,5600,6400,8,500,1,32767890,1819.278553,1494.052385,maxTimeLimit,21,1817.641471
98,M_Agg,5600,6400,8,500,2,32476193,1817.317177,1817.184556,maxTimeLimit,-,-
98,TPM,5600,6400,8,500,2,32476193,796.6253526,786.7664258,optimal,-,-
98,TPM_m,5600,6400,8,500,2,32476193,35.21614131,34.56491494,optimal,-,-
98,FAL,5600,6400,8,500,2,32479263,1828.340706,1821.381505,maxTimeLimit,-,-
98,SHP,5600,6400,8,500,2,32476193,1828.42685,1824.319512,maxTimeLimit,-,-
98,weakl,5600,6400,8,500,2,32491980,1823.846823,1510.304223,maxTimeLimit,22,1817.185419
98,envl,5600,6400,8,500,2,32479263,1809.240338,1494.092133,maxTimeLimit,22,1815.963526
98,weakenvl,5600,6400,8,500,2,32479894,1815.577614,1500.382205,maxTimeLimit,22,1816.062261
99,M_Agg,5600,6400,8,500,3,32680038,1832.92806,1832.796913,maxTimeLimit,-,-
99,TPM,5600,6400,8,500,3,32674099,1829.232601,1818.655696,maxTimeLimit,-,-
99,TPM_m,5600,6400,8,500,3,32674099,108.6685724,107.9847617,optimal,-,-
99,FAL,5600,6400,8,500,3,32721155,1837.956711,1830.876969,maxTimeLimit,-,-
99,SHP,5600,6400,8,500,3,32680038,1830.315721,1826.187046,maxTimeLimit,-,-
99,weakl,5600,6400,8,500,3,32674099,1820.670585,1495.894725,maxTimeLimit,21,1814.979774
99,envl,5600,6400,8,500,3,32696442,1823.997729,1498.489471,maxTimeLimit,21,1816.810657
99,weakenvl,5600,6400,8,500,3,32697374,1825.987151,1500.467857,maxTimeLimit,21,1815.512216
100,M_Agg,5600,6400,8,500,4,33018566,1819.88458,1819.733727,maxTimeLimit,-,-
100,TPM,5600,6400,8,500,4,33001358,1554.495632,1544.549079,optimal,-,-
100,TPM_m,5600,6400,8,500,4,33001358,37.73552565,37.11738396,optimal,-,-
100,FAL,5600,6400,8,500,4,33003535,1836.10975,1829.743118,maxTimeLimit,-,-
100,SHP,5600,6400,8,500,4,33001358,1829.033028,1825.032991,maxTimeLimit,-,-
100,weakl,5600,6400,8,500,4,33001358,1809.104712,1505.104243,maxTimeLimit,20,1813.437092
100,envl,5600,6400,8,500,4,33004854,1817.735259,1512.850887,maxTimeLimit,20,1814.614863
100,weakenvl,5600,6400,8,500,4,33005049,1809.722567,1504.848243,maxTimeLimit,20,1812.322095
101,M_Agg,5600,6400,8,1000,1,65323464,1813.89846,1813.410054,maxTimeLimit,-,-
101,TPM,5600,6400,8,1000,1,65378598,1872.328346,1814.980563,maxTimeLimit,-,-
101,TPM_m,5600,6400,8,1000,1,65321891,413.1515736,411.7721045,optimal,-,-
101,FAL,5600,6400,8,1000,1,65538380,1852.942067,1817.523339,maxTimeLimit,-,-
101,SHP,5600,6400,8,1000,1,65363624,1823.751861,1806.809233,maxTimeLimit,-,-
101,weakl,5600,6400,8,1000,1,65325855,1815.119554,1486.027334,maxTimeLimit,22,1814.659565
101,envl,5600,6400,8,1000,1,65328998,1812.880777,1483.002344,maxTimeLimit,22,1813.3097
101,weakenvl,5600,6400,8,1000,1,65337690,1812.96171,1483.069847,maxTimeLimit,22,1813.57673
102,M_Agg,5600,6400,8,1000,2,64841977,1814.769027,1814.605278,maxTimeLimit,-,-
102,TPM,5600,6400,8,1000,2,64907198,1866.28416,1816.804302,maxTimeLimit,-,-
102,TPM_m,5600,6400,8,1000,2,64812758,75.80498543,74.29096913,optimal,-,-
102,FAL,5600,6400,8,1000,2,65047889,1857.554292,1818.672681,maxTimeLimit,-,-
102,SHP,5600,6400,8,1000,2,64926280,1823.593894,1806.550939,maxTimeLimit,-,-
102,weakl,5600,6400,8,1000,2,64811046,1815.024243,1510.546581,maxTimeLimit,21,1437.490983
102,envl,5600,6400,8,1000,2,64895463,1812.628862,1507.110763,maxTimeLimit,21,1436.356463
102,weakenvl,5600,6400,8,1000,2,64817281,1813.377435,1507.818863,maxTimeLimit,21,1436.858151
103,M_Agg,5600,6400,8,1000,3,65359512,1816.698342,1816.535049,maxTimeLimit,-,-
103,TPM,5600,6400,8,1000,3,65383135,1873.468125,1826.139082,maxTimeLimit,-,-
103,TPM_m,5600,6400,8,1000,3,65300636,706.8647115,705.3590958,optimal,-,-
103,FAL,5600,6400,8,1000,3,65507038,1856.598414,1818.39921,maxTimeLimit,-,-
103,SHP,5600,6400,8,1000,3,65470966,1825.041517,1808.387867,maxTimeLimit,-,-
103,weakl,5600,6400,8,1000,3,65435363,1814.499857,1486.133842,maxTimeLimit,21,1059.956973
103,envl,5600,6400,8,1000,3,65300636,1815.214552,1486.336985,maxTimeLimit,21,1059.353268
103,weakenvl,5600,6400,8,1000,3,65388768,1813.226665,1484.340414,maxTimeLimit,21,1059.910777
104,M_Agg,5600,6400,8,1000,4,65345225,1817.909491,1817.742339,maxTimeLimit,-,-
104,TPM,5600,6400,8,1000,4,65625749,1876.957734,1818.703074,maxTimeLimit,-,-
104,TPM_m,5600,6400,8,1000,4,65277613,111.2504104,109.7396216,optimal,-,-
104,FAL,5600,6400,8,1000,4,65555470,1861.209049,1821.983566,maxTimeLimit,-,-
104,SHP,5600,6400,8,1000,4,65390643,1823.510735,1806.783086,maxTimeLimit,-,-
104,weakl,5600,6400,8,1000,4,65286823,1813.994604,1501.24369,maxTimeLimit,20,682.9457315
104,envl,5600,6400,8,1000,4,65391711,1812.51461,1499.119478,maxTimeLimit,20,681.9308818
104,weakenvl,5600,6400,8,1000,4,65337512,1814.741107,1501.320883,maxTimeLimit,20,683.1815015
105,M_Agg,5600,6400,12,90,1,5763751,2.525645733,2.438642979,optimal,-,-
105,TPM,5600,6400,12,90,1,5763751,0.656323671,0.344814301,optimal,-,-
105,TPM_m,5600,6400,12,90,1,5763751,0.329775364,0.179341078,optimal,-,-
105,FAL,5600,6400,12,90,1,5763751,0.573256969,0.313370943,optimal,-,-
105,SHP,5600,6400,12,90,1,5763751,0.459971428,0.31431675,optimal,-,-
105,weakl,5600,6400,12,90,1,5763751,306.4452291,3.392394543,optimal,37,306.1925576
105,envl,5600,6400,12,90,1,5763751,305.0678273,1.97134757,optimal,37,305.397413
105,weakenvl,5600,6400,12,90,1,5763751,306.0873964,2.981557131,optimal,37,306.1220302
106,M_Agg,5600,6400,12,90,2,5664590,2.164377451,2.101499081,optimal,-,-
106,TPM,5600,6400,12,90,2,5664590,0.670692921,0.349252701,optimal,-,-
106,TPM_m,5600,6400,12,90,2,5664590,0.456165728,0.29165554,optimal,-,-
106,FAL,5600,6400,12,90,2,5664590,0.800599337,0.558405638,optimal,-,-
106,SHP,5600,6400,12,90,2,5664590,0.446133375,0.29398632,optimal,-,-
106,weakl,5600,6400,12,90,2,5664590,304.8882036,1.557008505,optimal,37,305.7875947
106,envl,5600,6400,12,90,2,5664590,304.6160838,1.23753047,optimal,37,305.1259196
106,weakenvl,5600,6400,12,90,2,5664590,305.5879395,2.198649406,optimal,37,305.7840759
107,M_Agg,5600,6400,12,90,3,5829400,2.373444557,2.31878233,optimal,-,-
107,TPM,5600,6400,12,90,3,5829400,0.872415066,0.576575994,optimal,-,-
107,TPM_m,5600,6400,12,90,3,5829400,0.672538347,0.488000154,optimal,-,-
107,FAL,5600,6400,12,90,3,5829400,0.726236105,0.466654778,optimal,-,-
107,SHP,5600,6400,12,90,3,5829400,0.743721724,0.604230404,optimal,-,-
107,weakl,5600,6400,12,90,3,5829400,306.4548894,2.872844219,optimal,34,306.9535926
107,envl,5600,6400,12,90,3,5829400,305.5250057,1.897146225,optimal,34,306.2790308
107,weakenvl,5600,6400,12,90,3,5829400,306.3095625,2.66373229,optimal,34,306.8545231
108,M_Agg,5600,6400,12,90,4,5764430,2.221869946,2.12248826,optimal,-,-
108,TPM,5600,6400,12,90,4,5764430,0.604323387,0.255586863,optimal,-,-
108,TPM_m,5600,6400,12,90,4,5764430,0.305157472,0.157385349,optimal,-,-
108,FAL,5600,6400,12,90,4,5764430,0.507013798,0.26633358,optimal,-,-
108,SHP,5600,6400,12,90,4,5764430,0.407435417,0.229035854,optimal,-,-
108,weakl,5600,6400,12,90,4,5764430,306.9819081,2.748265505,optimal,34,306.8760194
108,envl,5600,6400,12,90,4,5764430,306.3807352,2.107087374,optimal,34,306.3226346
108,weakenvl,5600,6400,12,90,4,5764430,306.5032225,2.22454381,optimal,34,306.9274118
109,M_Agg,5600,6400,12,100,1,6510503,2.487266779,2.427311897,optimal,-,-
109,TPM,5600,6400,12,100,1,6510503,1.230650187,0.868281603,optimal,-,-
109,TPM_m,5600,6400,12,100,1,6510503,0.750915772,0.590757608,optimal,-,-
109,FAL,5600,6400,12,100,1,6510503,0.947143793,0.683598995,optimal,-,-
109,SHP,5600,6400,12,100,1,6510503,0.760982037,0.568537235,optimal,-,-
109,weakl,5600,6400,12,100,1,6510503,304.8253777,3.268629313,optimal,26,306.923646
109,envl,5600,6400,12,100,1,6510503,303.9818535,2.337847233,optimal,26,306.1448127
109,weakenvl,5600,6400,12,100,1,6510503,304.735579,3.078873634,optimal,26,307.0348587
110,M_Agg,5600,6400,12,100,2,6460491,2.289130449,2.228992462,optimal,-,-
110,TPM,5600,6400,12,100,2,6460491,0.993175983,0.592195988,optimal,-,-
110,TPM_m,5600,6400,12,100,2,6460491,0.649077358,0.494861364,optimal,-,-
110,FAL,5600,6400,12,100,2,6460491,0.921949625,0.574432611,optimal,-,-
110,SHP,5600,6400,12,100,2,6460491,0.540356874,0.368266582,optimal,-,-
110,weakl,5600,6400,12,100,2,6460491,309.5521951,2.607426405,optimal,29,306.9434823
110,envl,5600,6400,12,100,2,6460491,309.2285288,2.204861164,optimal,29,306.4364918
110,weakenvl,5600,6400,12,100,2,6460491,309.8697284,2.848867655,optimal,29,307.1195948
111,M_Agg,5600,6400,12,100,3,6325110,1.427328348,1.366991758,optimal,-,-
111,TPM,5600,6400,12,100,3,6325110,0.704981565,0.314002037,optimal,-,-
111,TPM_m,5600,6400,12,100,3,6325110,0.366360865,0.166877031,optimal,-,-
111,FAL,5600,6400,12,100,3,6325110,0.536429405,0.262090921,optimal,-,-
111,SHP,5600,6400,12,100,3,6325110,0.407166481,0.237223864,optimal,-,-
111,weakl,5600,6400,12,100,3,6325110,306.1445964,2.30625248,optimal,27,305.4805689
111,envl,5600,6400,12,100,3,6325110,305.6994208,1.776091576,optimal,27,305.0457113
111,weakenvl,5600,6400,12,100,3,6325110,306.6011172,2.661888123,optimal,27,305.7006928
112,M_Agg,5600,6400,12,100,4,6480682,1.102963686,1.038963795,optimal,-,-
112,TPM,5600,6400,12,100,4,6480682,0.678719044,0.305896282,optimal,-,-
112,TPM_m,5600,6400,12,100,4,6480682,0.328255114,0.163504601,optimal,-,-
112,FAL,5600,6400,12,100,4,6480682,0.522051334,0.258144617,optimal,-,-
112,SHP,5600,6400,12,100,4,6480682,0.404480457,0.213779926,optimal,-,-
112,weakl,5600,6400,12,100,4,6480682,307.1724145,2.409417152,optimal,26,304.7233357
112,envl,5600,6400,12,100,4,6480682,305.6694479,0.81839323,optimal,26,304.4596663
112,weakenvl,5600,6400,12,100,4,6480682,306.9330103,2.078061819,optimal,26,304.8377754
113,M_Agg,5600,6400,12,120,1,7826465,2.911445141,2.849487066,optimal,-,-
113,TPM,5600,6400,12,120,1,7826465,1.940897942,1.42203927,optimal,-,-
113,TPM_m,5600,6400,12,120,1,7826465,0.996565113,0.818480253,optimal,-,-
113,FAL,5600,6400,12,120,1,7826465,1.921203375,1.492776394,optimal,-,-
113,SHP,5600,6400,12,120,1,7826465,0.909730673,0.668605566,optimal,-,-
113,weakl,5600,6400,12,120,1,7826465,304.9047231,2.655892611,optimal,21,305.2386709
113,envl,5600,6400,12,120,1,7826465,305.1485698,2.767753839,optimal,21,305.2754043
113,weakenvl,5600,6400,12,120,1,7826465,305.0745234,2.687235832,optimal,21,305.4513889
114,M_Agg,5600,6400,12,120,2,7551411,2.932088137,2.869005919,optimal,-,-
114,TPM,5600,6400,12,120,2,7551411,1.139270544,0.588057041,optimal,-,-
114,TPM_m,5600,6400,12,120,2,7551411,0.568311346,0.367851496,optimal,-,-
114,FAL,5600,6400,12,120,2,7551411,0.993001699,0.560489178,optimal,-,-
114,SHP,5600,6400,12,120,2,7551411,0.640838861,0.380768776,optimal,-,-
114,weakl,5600,6400,12,120,2,7551411,303.7005415,2.657822609,optimal,22,309.4478977
114,envl,5600,6400,12,120,2,7551411,303.665407,2.437361717,optimal,22,310.5270367
114,weakenvl,5600,6400,12,120,2,7551411,304.1941202,2.964184046,optimal,22,310.8090704
115,M_Agg,5600,6400,12,120,3,7784285,2.933520079,2.845566273,optimal,-,-
115,TPM,5600,6400,12,120,3,7784285,1.643521309,1.113427162,optimal,-,-
115,TPM_m,5600,6400,12,120,3,7784285,0.765914524,0.577522278,optimal,-,-
115,FAL,5600,6400,12,120,3,7784285,1.528935432,1.168063402,optimal,-,-
115,SHP,5600,6400,12,120,3,7784285,0.823305845,0.580254793,optimal,-,-
115,weakl,5600,6400,12,120,3,7784285,303.1156637,2.868993998,optimal,19,309.9506033
115,envl,5600,6400,12,120,3,7784285,303.3552408,2.944932938,optimal,19,312.1377397
115,weakenvl,5600,6400,12,120,3,7784285,303.1494476,2.731171608,optimal,19,312.1649022
116,M_Agg,5600,6400,12,120,4,7823751,3.123111725,3.058428288,optimal,-,-
116,TPM,5600,6400,12,120,4,7823751,1.082177639,0.575544834,optimal,-,-
116,TPM_m,5600,6400,12,120,4,7823751,0.428929348,0.24643898,optimal,-,-
116,FAL,5600,6400,12,120,4,7823751,0.837852955,0.47861433,optimal,-,-
116,SHP,5600,6400,12,120,4,7823751,0.713110685,0.462848186,optimal,-,-
116,weakl,5600,6400,12,120,4,7823751,309.2337551,3.05858326,optimal,20,315.1018596
116,envl,5600,6400,12,120,4,7823751,308.9323995,2.629794359,optimal,20,318.9086383
116,weakenvl,5600,6400,12,120,4,7823751,309.3874645,3.061008692,optimal,20,320.1167872
117,M_Agg,5600,6400,12,150,1,9516096,3.449425936,3.375027895,optimal,-,-
117,TPM,5600,6400,12,150,1,9516096,2.271227121,1.291335821,optimal,-,-
117,TPM_m,5600,6400,12,150,1,9516096,0.712343007,0.499150515,optimal,-,-
117,FAL,5600,6400,12,150,1,9516096,1.655444145,0.958951712,optimal,-,-
117,SHP,5600,6400,12,150,1,9516096,1.03514576,0.68466115,optimal,-,-
117,weakl,5600,6400,12,150,1,9516096,321.7416305,3.299170256,optimal,18,317.0086013
117,envl,5600,6400,12,150,1,9516096,326.1550993,7.092521906,optimal,18,321.7448029
117,weakenvl,5600,6400,12,150,1,9516096,326.5052492,7.553056717,optimal,18,322.6905636
118,M_Agg,5600,6400,12,150,2,9568838,3.463317633,3.392067671,optimal,-,-
118,TPM,5600,6400,12,150,2,9568838,2.116919994,1.161595583,optimal,-,-
118,TPM_m,5600,6400,12,150,2,9568838,0.705368469,0.48872447,optimal,-,-
118,FAL,5600,6400,12,150,2,9568838,1.667921305,0.987938643,optimal,-,-
118,SHP,5600,6400,12,150,2,9568838,1.134702921,0.779462814,optimal,-,-
118,weakl,5600,6400,12,150,2,9568838,305.711364,3.717506409,optimal,18,319.4401849
118,envl,5600,6400,12,150,2,9568838,310.1082194,7.833219767,optimal,18,324.0651884
118,weakenvl,5600,6400,12,150,2,9568838,309.6174473,7.344657898,optimal,18,325.6540404
119,M_Agg,5600,6400,12,150,3,9691795,3.899465799,3.82606411,optimal,-,-
119,TPM,5600,6400,12,150,3,9691795,3.058441877,2.231972694,optimal,-,-
119,TPM_m,5600,6400,12,150,3,9691795,1.23863654,1.017453432,optimal,-,-
119,FAL,5600,6400,12,150,3,9691795,2.528624535,1.887910366,optimal,-,-
119,SHP,5600,6400,12,150,3,9691795,1.816284657,1.294344425,optimal,-,-
119,weakl,5600,6400,12,150,3,9691795,323.7206886,4.151741982,optimal,18,325.771505
119,envl,5600,6400,12,150,3,9691795,330.4388352,10.4418149,optimal,18,330.4011276
119,weakenvl,5600,6400,12,150,3,9691795,334.9569879,14.96085238,optimal,18,331.7076214
120,M_Agg,5600,6400,12,150,4,9648499,3.248323441,3.181175947,optimal,-,-
120,TPM,5600,6400,12,150,4,9648499,1.433914185,0.590066671,optimal,-,-
120,TPM_m,5600,6400,12,150,4,9648499,0.429771789,0.215569019,optimal,-,-
120,FAL,5600,6400,12,150,4,9648499,1.134089231,0.465686798,optimal,-,-
120,SHP,5600,6400,12,150,4,9648499,0.828355074,0.470973969,optimal,-,-
120,weakl,5600,6400,12,150,4,9648499,316.8607221,3.581016064,optimal,16,322.2974569
120,envl,5600,6400,12,150,4,9648499,320.2770577,6.718637705,optimal,16,326.3054227
120,weakenvl,5600,6400,12,150,4,9648499,319.68257,6.122319221,optimal,16,326.3791623
121,M_Agg,5600,6400,12,200,1,12856334,5.065760612,4.997030497,optimal,-,-
121,TPM,5600,6400,12,200,1,12856334,2.85097146,1.424020767,optimal,-,-
121,TPM_m,5600,6400,12,200,1,12856334,0.673499464,0.360710144,optimal,-,-
121,FAL,5600,6400,12,200,1,12856334,2.244094849,1.170574665,optimal,-,-
121,SHP,5600,6400,12,200,1,12856334,1.768737793,0.989023447,optimal,-,-
121,weakl,5600,6400,12,200,1,12856334,331.467965,4.905467987,optimal,14,324.2558817
121,envl,5600,6400,12,200,1,12856334,335.4366413,8.28660965,optimal,14,328.1747115
121,weakenvl,5600,6400,12,200,1,12856334,338.3591563,11.17645001,optimal,14,328.1345415
122,M_Agg,5600,6400,12,200,2,12875402,4.641382694,4.564703703,optimal,-,-
122,TPM,5600,6400,12,200,2,12875402,3.522150517,1.916686535,optimal,-,-
122,TPM_m,5600,6400,12,200,2,12875402,0.885420129,0.591688871,optimal,-,-
122,FAL,5600,6400,12,200,2,12875402,2.34213829,1.317928314,optimal,-,-
122,SHP,5600,6400,12,200,2,12875402,2.162500143,1.530701399,optimal,-,-
122,weakl,5600,6400,12,200,2,12875402,331.0366441,4.70626545,optimal,15,327.473353
122,envl,5600,6400,12,200,2,12875402,335.4519762,8.988329172,optimal,15,331.6923675
122,weakenvl,5600,6400,12,200,2,12875402,333.8317715,7.376795053,optimal,15,330.3801834
123,M_Agg,5600,6400,12,200,3,12747432,5.111671925,5.03869772,optimal,-,-
123,TPM,5600,6400,12,200,3,12747432,3.280306339,1.752846003,optimal,-,-
123,TPM_m,5600,6400,12,200,3,12747432,0.778361907,0.482575178,optimal,-,-
123,FAL,5600,6400,12,200,3,12747432,2.352976561,1.329207659,optimal,-,-
123,SHP,5600,6400,12,200,3,12747432,1.675470591,1.00253129,optimal,-,-
123,weakl,5600,6400,12,200,3,12747432,309.8244962,4.802693844,optimal,15,333.6330444
123,envl,5600,6400,12,200,3,12747432,314.0560154,8.359792709,optimal,15,345.0038821
123,weakenvl,5600,6400,12,200,3,12747432,313.6431512,7.946657181,optimal,15,347.1572787
124,M_Agg,5600,6400,12,200,4,12846296,5.37512064,5.301405907,optimal,-,-
124,TPM,5600,6400,12,200,4,12846296,2.600159168,0.936234474,optimal,-,-
124,TPM_m,5600,6400,12,200,4,12846296,0.556278386,0.249996662,optimal,-,-
124,FAL,5600,6400,12,200,4,12846296,1.667362928,0.667302847,optimal,-,-
124,SHP,5600,6400,12,200,4,12846296,1.302176476,0.688262939,optimal,-,-
124,weakl,5600,6400,12,200,4,12846296,324.6944216,4.463808298,optimal,15,344.58119
124,envl,5600,6400,12,200,4,12846296,327.7542132,7.160937786,optimal,15,357.6364013
124,weakenvl,5600,6400,12,200,4,12846296,326.7040871,6.113830805,optimal,15,362.2326521
125,M_Agg,5600,6400,12,300,1,19263250,32.61024117,32.52077436,optimal,-,-
125,TPM,5600,6400,12,300,1,19263250,8.211122751,4.444312096,optimal,-,-
125,TPM_m,5600,6400,12,300,1,19263250,1.329716339,0.901728868,optimal,-,-
125,FAL,5600,6400,12,300,1,19263250,8.123996973,5.509482622,optimal,-,-
125,SHP,5600,6400,12,300,1,19263250,4.404116631,2.994632483,optimal,-,-
125,weakl,5600,6400,12,300,1,19263250,344.3378501,15.80368423,optimal,14,348.9817942
125,envl,5600,6400,12,300,1,19263250,349.5072653,20.49523354,optimal,14,383.321549
125,weakenvl,5600,6400,12,300,1,19263250,347.3417237,18.34161282,optimal,14,378.5593292
126,M_Agg,5600,6400,12,300,2,19066249,10.21870065,10.13747811,optimal,-,-
126,TPM,5600,6400,12,300,2,19066249,7.198184013,3.555785894,optimal,-,-
126,TPM_m,5600,6400,12,300,2,19066249,1.038448763,0.59107089,optimal,-,-
126,FAL,5600,6400,12,300,2,19066249,5.153302908,2.606301069,optimal,-,-
126,SHP,5600,6400,12,300,2,19066249,3.63557601,2.219421625,optimal,-,-
126,weakl,5600,6400,12,300,2,19066249,355.6754097,11.90986705,optimal,15,429.7955529
126,envl,5600,6400,12,300,2,19066249,388.6980344,44.42529249,optimal,15,415.1969133
126,weakenvl,5600,6400,12,300,2,19066249,400.9401528,56.67815089,optimal,15,406.1748933
127,M_Agg,5600,6400,12,300,3,19285857,14.66681647,14.56697202,optimal,-,-
127,TPM,5600,6400,12,300,3,19285857,10.61833477,6.572104692,optimal,-,-
127,TPM_m,5600,6400,12,300,3,19285857,1.862622675,1.424583912,optimal,-,-
127,FAL,5600,6400,12,300,3,19285857,12.28131962,9.774720907,optimal,-,-
127,SHP,5600,6400,12,300,3,19285857,5.173760414,3.750592709,optimal,-,-
127,weakl,5600,6400,12,300,3,19285857,353.6170786,38.15223908,optimal,14,446.4107153
127,envl,5600,6400,12,300,3,19285857,364.5860923,48.1298089,optimal,14,431.8869582
127,weakenvl,5600,6400,12,300,3,19285857,373.9446447,57.44901061,optimal,14,432.2523106
128,M_Agg,5600,6400,12,300,3,19040552,26.02590919,25.9231205,optimal,-,-
128,TPM,5600,6400,12,300,3,19040552,7.797382116,4.22240901,optimal,-,-
128,TPM_m,5600,6400,12,300,3,19040552,1.10368581,0.664085388,optimal,-,-
128,FAL,5600,6400,12,300,3,19040552,7.028628349,4.590995789,optimal,-,-
128,SHP,5600,6400,12,300,3,19040552,4.375779629,2.635175943,optimal,-,-
128,weakl,5600,6400,12,300,3,19040552,342.2968385,16.30781031,optimal,14,468.4624636
128,envl,5600,6400,12,300,3,19040552,430.4948041,103.595639,optimal,14,480.4565371
128,weakenvl,5600,6400,12,300,3,19040552,392.0107956,65.06789851,optimal,14,581.8880113
129,M_Agg,5600,6400,12,500,1,31936602,130.1557908,130.0064156,optimal,-,-
129,TPM,5600,6400,12,500,1,31936602,34.50160241,24.37848091,optimal,-,-
129,TPM_m,5600,6400,12,500,1,31936602,2.889829833,2.156910419,optimal,-,-
129,FAL,5600,6400,12,500,1,31936602,39.82250309,32.74944425,optimal,-,-
129,SHP,5600,6400,12,500,1,31936602,17.96238685,13.80987763,optimal,-,-
129,weakl,5600,6400,12,500,1,31936602,667.5928846,317.3975227,optimal,15,497.2198254
129,envl,5600,6400,12,500,1,31936602,477.0087224,126.4039259,optimal,15,498.1817075
129,weakenvl,5600,6400,12,500,1,31936602,457.8039802,107.2050915,optimal,15,598.4772989
130,M_Agg,5600,6400,12,500,2,31888389,172.1900771,172.0485156,optimal,-,-
130,TPM,5600,6400,12,500,2,31888389,34.04363585,23.64804983,optimal,-,-
130,TPM_m,5600,6400,12,500,2,31888389,3.791250754,3.037906885,optimal,-,-
130,FAL,5600,6400,12,500,2,31888389,43.74885988,37.05657053,optimal,-,-
130,SHP,5600,6400,12,500,2,31888389,23.57142544,19.50616813,optimal,-,-
130,weakl,5600,6400,12,500,2,31888389,422.1360596,95.73430991,optimal,14,784.6598939
130,envl,5600,6400,12,500,2,31888389,455.4582139,128.5208325,optimal,14,833.0996697
130,weakenvl,5600,6400,12,500,2,31888389,505.249822,178.3191755,optimal,14,938.3630204
131,M_Agg,5600,6400,12,500,3,31773798,312.6370215,312.5237522,optimal,-,-
131,TPM,5600,6400,12,500,3,31773798,29.02267003,18.83604312,optimal,-,-
131,TPM_m,5600,6400,12,500,3,31773798,2.26109831,1.518477917,optimal,-,-
131,FAL,5600,6400,12,500,3,31773798,25.44780588,18.71464562,optimal,-,-
131,SHP,5600,6400,12,500,3,31773798,16.67394352,11.74713922,optimal,-,-
131,weakl,5600,6400,12,500,3,31773798,441.8240717,137.9245811,optimal,13,1133.484412
131,envl,5600,6400,12,500,3,31773798,558.8644081,254.4143848,optimal,13,1173.326593
131,weakenvl,5600,6400,12,500,3,31773798,972.4874473,668.0328996,optimal,13,1266.259078
132,M_Agg,5600,6400,12,500,4,32029343,477.6926246,477.5783932,optimal,-,-
132,TPM,5600,6400,12,500,4,32029343,23.7320354,12.51762795,optimal,-,-
132,TPM_m,5600,6400,12,500,4,32029343,2.3692981,1.64337635,optimal,-,-
132,FAL,5600,6400,12,500,4,32029343,23.75259686,16.37700105,optimal,-,-
132,SHP,5600,6400,12,500,4,32029343,17.0892334,12.7571497,optimal,-,-
132,weakl,5600,6400,12,500,4,32029343,457.3262857,145.3615782,optimal,13,1477.270543
132,envl,5600,6400,12,500,4,32029343,501.3954858,188.9672105,optimal,13,1486.837181
132,weakenvl,5600,6400,12,500,4,32029343,458.3679461,145.931607,optimal,13,1476.831691
133,M_Agg,5600,6400,12,1000,1,63770637,1822.093217,1821.907974,maxTimeLimit,-,-
133,TPM,5600,6400,12,1000,1,63765848,689.9092352,644.0618992,optimal,-,-
133,TPM_m,5600,6400,12,1000,1,63765848,10.04065418,8.513588667,optimal,-,-
133,FAL,5600,6400,12,1000,1,63765848,734.2670658,703.8533854,optimal,-,-
133,SHP,5600,6400,12,1000,1,63769595,322.3309584,303.6892748,optimal,-,-
133,weakl,5600,6400,12,1000,1,63793959,1817.353159,1513.259121,maxTimeLimit,14,1816.748655
133,envl,5600,6400,12,1000,1,63766658,1816.680571,1512.267718,maxTimeLimit,14,1815.209059
133,weakenvl,5600,6400,12,1000,1,63767728,1817.346866,1512.928344,maxTimeLimit,14,1816.264291
134,M_Agg,5600,6400,12,1000,2,63631087,1820.369598,1820.187241,maxTimeLimit,-,-
134,TPM,5600,6400,12,1000,2,63605001,212.1616974,170.3717761,optimal,-,-
134,TPM_m,5600,6400,12,1000,2,63605001,7.358962363,5.648610115,optimal,-,-
134,FAL,5600,6400,12,1000,2,63605001,333.813643,303.5502713,optimal,-,-
134,SHP,5600,6400,12,1000,2,63605001,146.6238492,128.3322279,optimal,-,-
134,weakl,5600,6400,12,1000,2,63619911,1817.434134,1513.945301,maxTimeLimit,14,1815.388124
134,envl,5600,6400,12,1000,2,63605001,1816.365907,1512.532516,maxTimeLimit,14,1814.718555
134,weakenvl,5600,6400,12,1000,2,63627111,1816.834052,1513.003745,maxTimeLimit,14,1815.903433
135,M_Agg,5600,6400,12,1000,3,63635127,1815.576738,1815.403723,maxTimeLimit,-,-
135,TPM,5600,6400,12,1000,3,63627121,322.5250223,278.9022605,optimal,-,-
135,TPM_m,5600,6400,12,1000,3,63627121,8.009529329,6.376375914,optimal,-,-
135,FAL,5600,6400,12,1000,3,63627121,312.2761264,282.9336412,optimal,-,-
135,SHP,5600,6400,12,1000,3,63627121,170.0478084,151.5210142,optimal,-,-
135,weakl,5600,6400,12,1000,3,63633899,1816.968592,1501.094229,maxTimeLimit,13,1814.002768
135,envl,5600,6400,12,1000,3,63677950.64,1812.906762,1496.068154,maxTimeLimit,13,1813.894879
135,weakenvl,5600,6400,12,1000,3,63675957.64,1814.777898,1497.959408,maxTimeLimit,13,1815.438123
136,M_Agg,5600,6400,12,1000,4,63627336,1818.581239,1817.601649,maxTimeLimit,-,-
136,TPM,5600,6400,12,1000,4,63627336,318.7628558,274.5056581,optimal,-,-
136,TPM_m,5600,6400,12,1000,4,63627336,9.11033523,7.521205664,optimal,-,-
136,FAL,5600,6400,12,1000,4,63627336,633.2231174,602.5416729,optimal,-,-
136,SHP,5600,6400,12,1000,4,63628202,150.4946449,131.7895908,optimal,-,-
136,weakl,5600,6400,12,1000,4,63633601,1815.238734,1508.715943,maxTimeLimit,13,1813.015431
136,envl,5600,6400,12,1000,4,63636421,1814.882996,1507.796757,maxTimeLimit,13,1814.882996
136,weakenvl,5600,6400,12,1000,4,63659209,1816.098348,1509.010057,maxTimeLimit,13,1816.098348
137,M_Agg,5600,6400,12,2000,1,127527264,1813.001586,1812.706306,maxTimeLimit,-,-
137,TPM,5600,6400,12,2000,1,NA,NA,NA,NA,-,-
137,TPM_m,5600,6400,12,2000,1,127509476,29.6942674,25.92156577,optimal,-,-
137,FAL,5600,6400,12,2000,1,NA,NA,NA,NA,-,-
137,SHP,5600,6400,12,2000,1,NA,NA,NA,NA,-,-
137,weakl,5600,6400,12,2000,1,127520183,1811.911036,1468.243833,maxTimeLimit,15,1812.019172
137,envl,5600,6400,12,2000,1,NA,NA,NA,NA,15,#DIV/0!
137,weakenvl,5600,6400,12,2000,1,NA,NA,NA,NA,15,#DIV/0!
138,M_Agg,5600,6400,12,2000,2,127969474,1812.425964,1812.129054,maxTimeLimit,-,-
138,TPM,5600,6400,12,2000,2,NA,NA,NA,NA,-,-
138,TPM_m,5600,6400,12,2000,2,127878063,38.81294063,34.98612499,optimal,-,-
138,FAL,5600,6400,12,2000,2,NA,NA,NA,NA,-,-
138,SHP,5600,6400,12,2000,2,NA,NA,NA,NA,-,-
138,weakl,5600,6400,12,2000,2,127935236,1811.89271,1468.78125,maxTimeLimit,14,1435.144473
138,envl,5600,6400,12,2000,2,NA,NA,NA,NA,14,304.3011022
138,weakenvl,5600,6400,12,2000,2,NA,NA,NA,NA,14,304.3107548
139,M_Agg,5600,6400,12,2000,3,127486019,1813.487529,1813.206129,maxTimeLimit,-,-
139,TPM,5600,6400,12,2000,3,NA,NA,NA,NA,-,-
139,TPM_m,5600,6400,12,2000,3,127467127,30.5159267,26.55995893,optimal,-,-
139,FAL,5600,6400,12,2000,3,NA,NA,NA,NA,-,-
139,SHP,5600,6400,12,2000,3,NA,NA,NA,NA,-,-
139,weakl,5600,6400,12,2000,3,127486623,1813.019244,1474.951013,maxTimeLimit,14,1058.272015
139,envl,5600,6400,12,2000,3,NA,NA,NA,NA,14,304.1965712
139,weakenvl,5600,6400,12,2000,3,NA,NA,NA,NA,14,304.3653609
140,M_Agg,5600,6400,12,2000,4,127485921,1812.837034,1812.552796,maxTimeLimit,-,-
140,TPM,5600,6400,12,2000,4,NA,NA,NA,NA,-,-
140,TPM_m,5600,6400,12,2000,4,127451462,34.1448898,30.43329048,optimal,-,-
140,FAL,5600,6400,12,2000,4,NA,NA,NA,NA,-,-
140,SHP,5600,6400,12,2000,4,NA,NA,NA,NA,-,-
140,weakl,5600,6400,12,2000,4,127496891,1811.253698,1499.456242,maxTimeLimit,14,681.0178755
140,envl,5600,6400,12,2000,4,NA,NA,NA,NA,14,304.1013024
140,weakenvl,5600,6400,12,2000,4,NA,NA,NA,NA,14,304.4988921
141,M_Agg,5600,6400,18,90,1,5687029,2.04419136,1.963438272,optimal,-,-
141,TPM,5600,6400,18,90,1,5687029,0.574995756,0.263091803,optimal,-,-
141,TPM_m,5600,6400,18,90,1,5687029,0.328904193,0.148246288,optimal,-,-
141,FAL,5600,6400,18,90,1,5687029,0.434527636,0.217921257,optimal,-,-
141,SHP,5600,6400,18,90,1,5687029,0.354547262,0.204746723,optimal,-,-
141,weakl,5600,6400,18,90,1,5687029,304.4122389,2.485094309,optimal,21,305.5607656
141,envl,5600,6400,18,90,1,5687029,304.3011022,2.321699619,optimal,21,305.397611
141,weakenvl,5600,6400,18,90,1,5687029,304.3107548,2.322450161,optimal,21,305.8055516
142,M_Agg,5600,6400,18,90,2,5757105,2.497724533,2.433401108,optimal,-,-
142,TPM,5600,6400,18,90,2,5757105,0.595778465,0.269878864,optimal,-,-
142,TPM_m,5600,6400,18,90,2,5757105,0.364169614,0.1813941,optimal,-,-
142,FAL,5600,6400,18,90,2,5757105,0.770072937,0.526385069,optimal,-,-
142,SHP,5600,6400,18,90,2,5757105,0.374337196,0.21743679,optimal,-,-
142,weakl,5600,6400,18,90,2,5757105,304.4028774,2.768429041,optimal,23,306.4788192
142,envl,5600,6400,18,90,2,5757105,304.0920402,2.325044155,optimal,23,306.310892
142,weakenvl,5600,6400,18,90,2,5757105,304.4199671,2.649971485,optimal,23,306.7915401
143,M_Agg,5600,6400,18,90,3,5574913,2.164674997,2.107706785,optimal,-,-
143,TPM,5600,6400,18,90,3,5574913,0.562110901,0.256104708,optimal,-,-
143,TPM_m,5600,6400,18,90,3,5574913,0.73883178,0.581257582,optimal,-,-
143,FAL,5600,6400,18,90,3,5574913,0.687203407,0.478168964,optimal,-,-
143,SHP,5600,6400,18,90,3,5574913,0.431123257,0.246895313,optimal,-,-
143,weakl,5600,6400,18,90,3,5574913,304.002687,1.709087372,optimal,23,308.6123407
143,envl,5600,6400,18,90,3,5574913,303.9107648,1.565122366,optimal,23,308.4612704
143,weakenvl,5600,6400,18,90,3,5574913,304.7659543,2.419723749,optimal,23,308.943745
144,M_Agg,5600,6400,18,90,4,5883014,2.301651478,2.238036871,optimal,-,-
144,TPM,5600,6400,18,90,4,5883014,0.555005312,0.249699354,optimal,-,-
144,TPM_m,5600,6400,18,90,4,5883014,0.319238532,0.150175333,optimal,-,-
144,FAL,5600,6400,18,90,4,5883014,0.463410139,0.230380297,optimal,-,-
144,SHP,5600,6400,18,90,4,5883014,0.38666749,0.233785391,optimal,-,-
144,weakl,5600,6400,18,90,4,5883014,309.4252589,2.60500598,optimal,21,311.7798332
144,envl,5600,6400,18,90,4,5883014,309.2865369,2.320552588,optimal,21,311.6752877
144,weakenvl,5600,6400,18,90,4,5883014,309.7255301,2.761190176,optimal,21,311.94405
145,M_Agg,5600,6400,18,100,1,6363129,2.598581553,2.523695707,optimal,-,-
145,TPM,5600,6400,18,100,1,6363129,0.675740719,0.305549622,optimal,-,-
145,TPM_m,5600,6400,18,100,1,6363129,0.35398683,0.168941736,optimal,-,-
145,FAL,5600,6400,18,100,1,6363129,0.513325691,0.241350889,optimal,-,-
145,SHP,5600,6400,18,100,1,6363129,0.406812906,0.217815399,optimal,-,-
145,weakl,5600,6400,18,100,1,6363129,308.0844535,2.435467005,optimal,17,312.8463598
145,envl,5600,6400,18,100,1,6363129,307.9542262,2.208275318,optimal,17,312.7406518
145,weakenvl,5600,6400,18,100,1,6363129,308.254709,2.508227587,optimal,17,312.9081331
146,M_Agg,5600,6400,18,100,2,6306861,2.464236975,2.405008078,optimal,-,-
146,TPM,5600,6400,18,100,2,6306861,0.663974762,0.273290873,optimal,-,-
146,TPM_m,5600,6400,18,100,2,6306861,0.356079761,0.15929842,optimal,-,-
146,FAL,5600,6400,18,100,2,6306861,0.805047035,0.543642521,optimal,-,-
146,SHP,5600,6400,18,100,2,6306861,0.421976328,0.241547585,optimal,-,-
146,weakl,5600,6400,18,100,2,6306861,312.9369632,2.647098064,optimal,18,314.9643728
146,envl,5600,6400,18,100,2,6306861,312.6935538,2.329982281,optimal,18,314.9008412
146,weakenvl,5600,6400,18,100,2,6306861,313.0287866,2.662082195,optimal,18,315.1076714
147,M_Agg,5600,6400,18,100,3,6354181,3.017821312,2.955827713,optimal,-,-
147,TPM,5600,6400,18,100,3,6354181,0.693287611,0.292678118,optimal,-,-
147,TPM_m,5600,6400,18,100,3,6354181,0.346391981,0.159132481,optimal,-,-
147,FAL,5600,6400,18,100,3,6354181,0.626540422,0.250379801,optimal,-,-
147,SHP,5600,6400,18,100,3,6354181,0.434499741,0.246476889,optimal,-,-
147,weakl,5600,6400,18,100,3,6354181,316.672657,2.660140991,optimal,19,316.6918801
147,envl,5600,6400,18,100,3,6354181,316.7668338,2.64602685,optimal,19,316.654119
147,weakenvl,5600,6400,18,100,3,6354181,316.7671743,2.640490532,optimal,19,316.8325923
148,M_Agg,5600,6400,18,100,4,6423182,2.479296684,2.422086716,optimal,-,-
148,TPM,5600,6400,18,100,4,6423182,0.656215429,0.280385971,optimal,-,-
148,TPM_m,5600,6400,18,100,4,6423182,0.526590834,0.339696407,optimal,-,-
148,FAL,5600,6400,18,100,4,6423182,0.503932953,0.237609148,optimal,-,-
148,SHP,5600,6400,18,100,4,6423182,0.450367451,0.258774042,optimal,-,-
148,weakl,5600,6400,18,100,4,6423182,313.6913656,2.842134476,optimal,19,313.6968357
148,envl,5600,6400,18,100,4,6423182,313.5479935,2.596515417,optimal,19,313.739756
148,weakenvl,5600,6400,18,100,4,6423182,313.5818628,2.634682417,optimal,19,313.8671925
149,M_Agg,5600,6400,18,120,1,7697512,3.420574427,3.347620964,optimal,-,-
149,TPM,5600,6400,18,120,1,7697512,1.068643808,0.469157696,optimal,-,-
149,TPM_m,5600,6400,18,120,1,7697512,0.451854179,0.203531981,optimal,-,-
149,FAL,5600,6400,18,120,1,7697512,0.816004038,0.357052565,optimal,-,-
149,SHP,5600,6400,18,120,1,7697512,0.73029232,0.309687138,optimal,-,-
149,weakl,5600,6400,18,120,1,7697512,316.5565054,3.480795622,optimal,14,315.7226422
149,envl,5600,6400,18,120,1,7697512,316.5949835,3.323904276,optimal,14,315.736891
149,weakenvl,5600,6400,18,120,1,7697512,317.0528621,3.794097662,optimal,14,315.9065459
150,M_Agg,5600,6400,18,120,2,7622612,2.825311184,2.754113913,optimal,-,-
150,TPM,5600,6400,18,120,2,7622612,1.011686325,0.45802474,optimal,-,-
150,TPM_m,5600,6400,18,120,2,7622612,0.480520777,0.230685472,optimal,-,-
150,FAL,5600,6400,18,120,2,7622612,0.753577709,0.291171551,optimal,-,-
150,SHP,5600,6400,18,120,2,7622612,0.522405624,0.29247427,optimal,-,-
150,weakl,5600,6400,18,120,2,7622612,319.8469926,2.942023277,optimal,15,316.2682073
150,envl,5600,6400,18,120,2,7622612,319.7066653,2.64147234,optimal,15,316.3712902
150,weakenvl,5600,6400,18,120,2,7622612,319.9284702,2.838303328,optimal,15,316.3380085
151,M_Agg,5600,6400,18,120,3,7751544,3.28488636,3.221161604,optimal,-,-
151,TPM,5600,6400,18,120,3,7751544,0.994826317,0.476917028,optimal,-,-
151,TPM_m,5600,6400,18,120,3,7751544,0.418893026,0.200076103,optimal,-,-
151,FAL,5600,6400,18,120,3,7751544,0.700285912,0.316802025,optimal,-,-
151,SHP,5600,6400,18,120,3,7751544,0.510326385,0.26961875,optimal,-,-
151,weakl,5600,6400,18,120,3,7751544,304.6924791,2.638726473,optimal,14,317.8799347
151,envl,5600,6400,18,120,3,7751544,305.1093814,2.860771418,optimal,14,319.2186709
151,weakenvl,5600,6400,18,120,3,7751544,304.905575,2.637227058,optimal,14,318.8754696
152,M_Agg,5600,6400,18,120,4,7795605,3.464329481,3.397980452,optimal,-,-
152,TPM,5600,6400,18,120,4,7795605,1.01304841,0.460329533,optimal,-,-
152,TPM_m,5600,6400,18,120,4,7795605,0.403562008,0.182807684,optimal,-,-
152,FAL,5600,6400,18,120,4,7795605,0.681349516,0.311875105,optimal,-,-
152,SHP,5600,6400,18,120,4,7795605,0.537133932,0.296003342,optimal,-,-
152,weakl,5600,6400,18,120,4,7795605,321.7945917,3.9643085,optimal,14,318.6526274
152,envl,5600,6400,18,120,4,7795605,321.5365337,3.603785992,optimal,14,320.1163486
152,weakenvl,5600,6400,18,120,4,7795605,321.7392762,3.804224253,optimal,14,319.6468721
153,M_Agg,5600,6400,18,150,1,9569224,3.648134708,3.580042839,optimal,-,-
153,TPM,5600,6400,18,150,1,9569224,1.481603861,0.539401054,optimal,-,-
153,TPM_m,5600,6400,18,150,1,9569224,0.773205407,0.470952034,optimal,-,-
153,FAL,5600,6400,18,150,1,9569224,1.053475618,0.455920935,optimal,-,-
153,SHP,5600,6400,18,150,1,9569224,0.909512281,0.559968948,optimal,-,-
153,weakl,5600,6400,18,150,1,9569224,318.7387659,3.709148645,optimal,12,317.5767709
153,envl,5600,6400,18,150,1,9569224,319.1325802,3.928062201,optimal,12,320.009792
153,weakenvl,5600,6400,18,150,1,9569224,318.7787126,3.576138735,optimal,12,319.3831574
154,M_Agg,5600,6400,18,150,2,9617244,4.094495535,4.02458787,optimal,-,-
154,TPM,5600,6400,18,150,2,9617244,1.541863441,0.603442192,optimal,-,-
154,TPM_m,5600,6400,18,150,2,9617244,0.522979276,0.250591993,optimal,-,-
154,FAL,5600,6400,18,150,2,9617244,1.186954975,0.479471922,optimal,-,-
154,SHP,5600,6400,18,150,2,9617244,0.831130743,0.480522156,optimal,-,-
154,weakl,5600,6400,18,150,2,9617244,326.293902,3.92462039,optimal,12,321.284079
154,envl,5600,6400,18,150,2,9617244,331.0961884,8.350243092,optimal,12,324.5139923
154,weakenvl,5600,6400,18,150,2,9617244,330.0783144,7.301344633,optimal,12,324.4483044
155,M_Agg,5600,6400,18,150,3,9715471,5.531075239,5.459718466,optimal,-,-
155,TPM,5600,6400,18,150,3,9715471,1.557054996,0.594846725,optimal,-,-
155,TPM_m,5600,6400,18,150,3,9715471,0.503711342,0.239892006,optimal,-,-
155,FAL,5600,6400,18,150,3,9715471,1.055240631,0.485906839,optimal,-,-
155,SHP,5600,6400,18,150,3,9715471,0.84489131,0.487468958,optimal,-,-
155,weakl,5600,6400,18,150,3,9715471,307.7832501,4.600566149,optimal,11,323.3787903
155,envl,5600,6400,18,150,3,9715471,308.7000924,5.310417891,optimal,11,326.1541112
155,weakenvl,5600,6400,18,150,3,9715471,307.991185,4.606462955,optimal,11,326.4051593
156,M_Agg,5600,6400,18,150,4,9718762,4.433584452,4.360554695,optimal,-,-
156,TPM,5600,6400,18,150,4,9718762,1.567914724,0.586783409,optimal,-,-
156,TPM_m,5600,6400,18,150,4,9718762,0.483162701,0.214839697,optimal,-,-
156,FAL,5600,6400,18,150,4,9718762,1.06948638,0.458459139,optimal,-,-
156,SHP,5600,6400,18,150,4,9718762,0.819773197,0.475260735,optimal,-,-
156,weakl,5600,6400,18,150,4,9718762,317.4911658,4.07209897,optimal,11,326.5145529
156,envl,5600,6400,18,150,4,9718762,321.1103069,7.361047745,optimal,11,328.8603138
156,weakenvl,5600,6400,18,150,4,9718762,320.6844177,6.950321436,optimal,11,329.3603371
157,M_Agg,5600,6400,18,200,1,12649487,10.71572495,10.63434911,optimal,-,-
157,TPM,5600,6400,18,200,1,12649487,2.556659222,1.00682044,optimal,-,-
157,TPM_m,5600,6400,18,200,1,12649487,0.74078516,0.268782616,optimal,-,-
157,FAL,5600,6400,18,200,1,12649487,2.010717392,0.771112442,optimal,-,-
157,SHP,5600,6400,18,200,1,12649487,1.432188988,0.792727232,optimal,-,-
157,weakl,5600,6400,18,200,1,12649487,333.5679979,6.313284159,optimal,10,336.1904706
157,envl,5600,6400,18,200,1,12649487,337.1493816,9.42789197,optimal,10,332.4321212
157,weakenvl,5600,6400,18,200,1,12649487,339.0393004,11.30562449,optimal,10,335.6807405
158,M_Agg,5600,6400,18,200,2,12821482,5.245616436,5.167863369,optimal,-,-
158,TPM,5600,6400,18,200,2,12821482,2.482762575,0.958091497,optimal,-,-
158,TPM_m,5600,6400,18,200,2,12821482,0.645411822,0.299402714,optimal,-,-
158,FAL,5600,6400,18,200,2,12821482,1.676988125,0.690249443,optimal,-,-
158,SHP,5600,6400,18,200,2,12821482,1.39619565,0.789797544,optimal,-,-
158,weakl,5600,6400,18,200,2,12821482,334.6727475,5.337376833,optimal,10,331.7976387
158,envl,5600,6400,18,200,2,12821482,337.6566638,7.569879055,optimal,10,333.5547452
158,weakenvl,5600,6400,18,200,2,12821482,337.9057342,7.827643156,optimal,10,330.43905
159,M_Agg,5600,6400,18,200,3,12809138,5.830272198,5.744579077,optimal,-,-
159,TPM,5600,6400,18,200,3,12809138,2.561968803,0.994687796,optimal,-,-
159,TPM_m,5600,6400,18,200,3,12809138,0.62228344,0.272469521,optimal,-,-
159,FAL,5600,6400,18,200,3,12809138,1.689677715,0.686489105,optimal,-,-
159,SHP,5600,6400,18,200,3,12809138,1.362102032,0.754571915,optimal,-,-
159,weakl,5600,6400,18,200,3,12809138,320.3263005,6.088166714,optimal,10,344.7805937
159,envl,5600,6400,18,200,3,12809138,319.5249027,4.925325394,optimal,10,343.6426633
159,weakenvl,5600,6400,18,200,3,12809138,319.811896,5.216960192,optimal,10,334.9841073
160,M_Agg,5600,6400,18,200,4,12873362,7.998246431,7.918733597,optimal,-,-
160,TPM,5600,6400,18,200,4,12873362,2.411759853,0.94067049,optimal,-,-
160,TPM_m,5600,6400,18,200,4,12873362,0.685907444,0.330832243,optimal,-,-
160,FAL,5600,6400,18,200,4,12873362,1.942465067,0.778146267,optimal,-,-
160,SHP,5600,6400,18,200,4,12873362,1.361022711,0.765325785,optimal,-,-
160,weakl,5600,6400,18,200,4,12873362,356.1948364,31.36144853,optimal,10,352.8824429
160,envl,5600,6400,18,200,4,12873362,335.3975367,10.17929053,optimal,10,351.8211779
160,weakenvl,5600,6400,18,200,4,12873362,345.9660315,20.75551057,optimal,10,347.6754095
161,M_Agg,5600,6400,18,300,1,19176912,15.12730145,15.04006004,optimal,-,-
161,TPM,5600,6400,18,300,1,19176912,5.848417521,2.51678443,optimal,-,-
161,TPM_m,5600,6400,18,300,1,19176912,0.901036913,0.377964735,optimal,-,-
161,FAL,5600,6400,18,300,1,19176912,3.973985672,1.664523125,optimal,-,-
161,SHP,5600,6400,18,300,1,19176912,3.021983385,1.634127855,optimal,-,-
161,weakl,5600,6400,18,300,1,19176912,315.9966704,13.61846399,optimal,9,354.4858907
161,envl,5600,6400,18,300,1,19176912,341.6398777,38.61398125,optimal,9,363.0984056
161,weakenvl,5600,6400,18,300,1,19176912,318.0725383,14.87370372,optimal,9,351.972166
162,M_Agg,5600,6400,18,300,2,19239341,13.56788325,13.47262025,optimal,-,-
162,TPM,5600,6400,18,300,2,19239341,5.772894144,2.219016552,optimal,-,-
162,TPM_m,5600,6400,18,300,2,19239341,0.882714389,0.357581854,optimal,-,-
162,FAL,5600,6400,18,300,2,19239341,4.259091854,1.480204821,optimal,-,-
162,SHP,5600,6400,18,300,2,19239341,2.994106531,1.612952709,optimal,-,-
162,weakl,5600,6400,18,300,2,19239341,386.6045676,41.84424639,optimal,10,395.5768605
162,envl,5600,6400,18,300,2,19239341,378.0083359,32.21323752,optimal,10,457.3497642
162,weakenvl,5600,6400,18,300,2,19239341,356.0859636,10.370929,optimal,10,529.4087325
163,M_Agg,5600,6400,18,300,3,19097753,11.98152065,11.89612174,optimal,-,-
163,TPM,5600,6400,18,300,3,19097753,5.890392303,2.217518568,optimal,-,-
163,TPM_m,5600,6400,18,300,3,19097753,0.878819187,0.351174355,optimal,-,-
163,FAL,5600,6400,18,300,3,19097753,3.997221947,1.459723711,optimal,-,-
163,SHP,5600,6400,18,300,3,19097753,3.369966984,1.701703548,optimal,-,-
163,weakl,5600,6400,18,300,3,19097753,352.7336973,12.10821009,optimal,10,468.7766683
163,envl,5600,6400,18,300,3,19097753,352.2389611,11.0699079,optimal,10,466.48543
163,weakenvl,5600,6400,18,300,3,19097753,370.5771045,29.40604377,optimal,10,613.3723661
164,M_Agg,5600,6400,18,300,4,19363345,26.88911724,26.80473042,optimal,-,-
164,TPM,5600,6400,18,300,4,19363345,6.024318218,2.110175848,optimal,-,-
164,TPM_m,5600,6400,18,300,4,19363345,0.90370845,0.368926764,optimal,-,-
164,FAL,5600,6400,18,300,4,19363345,3.892636299,1.600961685,optimal,-,-
164,SHP,5600,6400,18,300,4,19363345,3.439569712,1.61151433,optimal,-,-
164,weakl,5600,6400,18,300,4,19363345,362.6086274,9.067687035,optimal,11,488.1503162
164,envl,5600,6400,18,300,4,19363345,380.5064477,26.41501021,optimal,11,502.1282418
164,weakenvl,5600,6400,18,300,4,19363345,363.1530577,9.070862532,optimal,11,630.0094869
165,M_Agg,5600,6400,18,500,1,31968054,144.2226515,144.089572,optimal,-,-
165,TPM,5600,6400,18,500,1,31968054,17.01591825,6.111687899,optimal,-,-
165,TPM_m,5600,6400,18,500,1,31968054,1.573911575,0.586310863,optimal,-,-
165,FAL,5600,6400,18,500,1,31968054,11.29562354,4.306666374,optimal,-,-
165,SHP,5600,6400,18,500,1,31968054,9.269016981,4.970775366,optimal,-,-
165,weakl,5600,6400,18,500,1,31968054,480.3605496,107.9792807,optimal,10,756.5002416
165,envl,5600,6400,18,500,1,31968054,718.6453122,345.9277022,optimal,10,826.9735433
165,weakenvl,5600,6400,18,500,1,31968054,1027.818804,655.0600514,optimal,10,646.4345155
166,M_Agg,5600,6400,18,500,2,32076119,169.0674765,168.9150009,optimal,-,-
166,TPM,5600,6400,18,500,2,32076119,16.06031275,5.597669601,optimal,-,-
166,TPM_m,5600,6400,18,500,2,32076119,1.519736702,0.574375868,optimal,-,-
166,FAL,5600,6400,18,500,2,32076119,11.94205618,4.443329573,optimal,-,-
166,SHP,5600,6400,18,500,2,32076119,8.844721556,4.025147438,optimal,-,-
166,weakl,5600,6400,18,500,2,32076119,679.403799,375.7590122,optimal,9,1090.607362
166,envl,5600,6400,18,500,2,32076119,414.5509991,110.3132825,optimal,9,1101.609362
166,weakenvl,5600,6400,18,500,2,32076119,691.9404976,387.739316,optimal,9,844.3455711
167,M_Agg,5600,6400,18,500,3,32024687,92.49526215,92.38091087,optimal,-,-
167,TPM,5600,6400,18,500,3,32024687,15.67144036,5.325396299,optimal,-,-
167,TPM_m,5600,6400,18,500,3,32024687,1.513278249,0.576120138,optimal,-,-
167,FAL,5600,6400,18,500,3,32024687,11.40697479,4.7659657,optimal,-,-
167,SHP,5600,6400,18,500,3,32024687,10.51302218,6.380250931,optimal,-,-
167,weakl,5600,6400,18,500,3,32024687,430.2282886,75.74534941,optimal,11,1374.923938
167,envl,5600,6400,18,500,3,32024687,494.8102083,139.5369675,optimal,11,1450.807102
167,weakenvl,5600,6400,18,500,3,32024687,437.1255879,81.84914684,optimal,11,1125.69724
168,M_Agg,5600,6400,18,500,4,31868983,1813.897013,1813.784399,maxTimeLimit,-,-
168,TPM,5600,6400,18,500,4,31868565,15.26065469,5.210912704,optimal,-,-
168,TPM_m,5600,6400,18,500,4,31868565,1.501300449,0.583053589,optimal,-,-
168,FAL,5600,6400,18,500,4,31868565,11.7035625,4.899492979,optimal,-,-
168,SHP,5600,6400,18,500,4,31868565,9.809856176,5.677186728,optimal,-,-
168,weakl,5600,6400,18,500,4,31868565,1436.008329,1084.433921,optimal,10,1722.017478
168,envl,5600,6400,18,500,4,31868565,1679.887653,1327.97349,optimal,10,1781.433333
168,weakenvl,5600,6400,18,500,4,31868565,428.8531721,76.94128203,optimal,10,1470.587688
169,M_Agg,5600,6400,18,1000,1,63992639,1821.099567,1820.921332,maxTimeLimit,-,-
169,TPM,5600,6400,18,1000,1,63985457,71.2186563,26.97070599,optimal,-,-
169,TPM_m,5600,6400,18,1000,1,63985457,3.251399589,1.182627916,optimal,-,-
169,FAL,5600,6400,18,1000,1,63985457,114.9502094,86.24664497,optimal,-,-
169,SHP,5600,6400,18,1000,1,63985457,57.07563257,38.73759198,optimal,-,-
169,weakl,5600,6400,18,1000,1,63992639,1816.789033,1440.087394,maxTimeLimit,10,1816.583172
169,envl,5600,6400,18,1000,1,64047570,1817.188589,1439.472613,maxTimeLimit,10,1816.469275
169,weakenvl,5600,6400,18,1000,1,64038856,1819.463027,1441.704494,maxTimeLimit,10,1818.21012
170,M_Agg,5600,6400,18,1000,2,63732176,1814.657717,1814.488546,maxTimeLimit,-,-
170,TPM,5600,6400,18,1000,2,63732176,66.69440961,25.50274658,optimal,-,-
170,TPM_m,5600,6400,18,1000,2,63732176,3.097280957,1.182462215,optimal,-,-
170,FAL,5600,6400,18,1000,2,63732176,114.9720666,87.17983007,optimal,-,-
170,SHP,5600,6400,18,1000,2,63732176,56.6020782,35.68635726,optimal,-,-
170,weakl,5600,6400,18,1000,2,63763638,1816.670102,1494.463913,maxTimeLimit,10,1815.646055
170,envl,5600,6400,18,1000,2,63732176,1811.341956,1488.544812,maxTimeLimit,10,1815.581313
170,weakenvl,5600,6400,18,1000,2,63754767,1817.347172,1494.457093,maxTimeLimit,10,1816.782298
171,M_Agg,5600,6400,18,1000,3,64078912,1817.762534,1817.58007,maxTimeLimit,-,-
171,TPM,5600,6400,18,1000,3,64074231,66.87135339,24.71686339,optimal,-,-
171,TPM_m,5600,6400,18,1000,3,64074231,3.1836038,1.198773146,optimal,-,-
171,FAL,5600,6400,18,1000,3,64074231,118.4673049,87.78688955,optimal,-,-
171,SHP,5600,6400,18,1000,3,64074231,58.80082536,37.49333739,optimal,-,-
171,weakl,5600,6400,18,1000,3,64078029,1818.602447,1507.675948,maxTimeLimit,9,1814.853148
171,envl,5600,6400,18,1000,3,64082210,1817.315132,1505.921211,maxTimeLimit,9,1816.237909
171,weakenvl,5600,6400,18,1000,3,64082710,1816.687382,1505.304047,maxTimeLimit,9,1815.909739
172,M_Agg,5600,6400,18,1000,4,63544249,1817.320057,1817.143103,maxTimeLimit,-,-
172,TPM,5600,6400,18,1000,4,63524586,69.22702956,25.54477429,optimal,-,-
172,TPM_m,5600,6400,18,1000,4,63524586,3.173840985,1.219702959,optimal,-,-
172,FAL,5600,6400,18,1000,4,63524586,117.2184455,86.79618192,optimal,-,-
172,SHP,5600,6400,18,1000,4,63524586,57.24824238,38.91526651,optimal,-,-
172,weakl,5600,6400,18,1000,4,63524586,1814.271105,1459.6398,maxTimeLimit,10,1813.815158
172,envl,5600,6400,18,1000,4,63562002,1820.031423,1464.8901,maxTimeLimit,10,1815.867638
172,weakenvl,5600,6400,18,1000,4,63588192,1819.3429,1464.200887,maxTimeLimit,10,1815.098954
173,M_Agg,5600,6400,18,2000,1,127923207,1815.244974,1814.925357,maxTimeLimit,-,-
173,TPM,5600,6400,18,2000,1,127858351,337.9258218,147.1540701,optimal,-,-
173,TPM_m,5600,6400,18,2000,1,127858351,7.761712846,2.976653337,optimal,-,-
173,FAL,5600,6400,18,2000,1,127858351,1122.812426,990.9563422,optimal,-,-
173,SHP,5600,6400,18,2000,1,127858351,525.3728023,447.0820589,optimal,-,-
173,weakl,5600,6400,18,2000,1,127902881,1813.040568,1459.028893,maxTimeLimit,11,1812.397358
173,envl,5600,6400,18,2000,1,127864752,1813.636739,1459.23244,maxTimeLimit,11,1814.660779
173,weakenvl,5600,6400,18,2000,1,127906616,1813.751739,1459.328489,maxTimeLimit,11,1813.59093
174,M_Agg,5600,6400,18,2000,2,127787126,1814.212227,1813.903344,maxTimeLimit,-,-
174,TPM,5600,6400,18,2000,2,127703387,347.4419608,160.0049272,optimal,-,-
174,TPM_m,5600,6400,18,2000,2,127703387,8.393607053,3.644779682,optimal,-,-
174,FAL,5600,6400,18,2000,2,127703387,1137.506033,997.8847773,optimal,-,-
174,SHP,5600,6400,18,2000,2,127703387,434.0062852,354.8453205,optimal,-,-
174,weakl,5600,6400,18,2000,2,127721689,1813.498472,1489.472717,maxTimeLimit,9,1435.766344
174,envl,5600,6400,18,2000,2,127709788,1813.968341,1489.471142,maxTimeLimit,9,1437.804811
174,weakenvl,5600,6400,18,2000,2,127734510,1813.856934,1489.360452,maxTimeLimit,9,1436.829315
175,M_Agg,5600,6400,18,2000,3,127460663,1814.527039,1814.180809,maxTimeLimit,-,-
175,TPM,5600,6400,18,2000,3,127430357,382.8504663,175.1781147,optimal,-,-
175,TPM_m,5600,6400,18,2000,3,127430357,8.033950085,3.120057344,optimal,-,-
175,FAL,5600,6400,18,2000,3,127430357,1145.970212,1015.265241,optimal,-,-
175,SHP,5600,6400,18,2000,3,127430357,458.2262411,362.9281852,optimal,-,-
175,weakl,5600,6400,18,2000,3,127534043,1814.450487,1486.17433,maxTimeLimit,9,1062.472275
175,envl,5600,6400,18,2000,3,127522129,1815.834048,1486.922288,maxTimeLimit,9,1064.356637
175,weakenvl,5600,6400,18,2000,3,127481900,1813.444245,1484.561533,maxTimeLimit,9,1063.453394
176,M_Agg,5600,6400,18,2000,4,126892876,1814.462111,1814.159084,maxTimeLimit,-,-
176,TPM,5600,6400,18,2000,4,126827251,446.7143545,194.5311608,optimal,-,-
176,TPM_m,5600,6400,18,2000,4,126827251,7.751629586,3.046179771,optimal,-,-
176,FAL,5600,6400,18,2000,4,126827251,1137.183041,1003.949742,optimal,-,-
176,SHP,5600,6400,18,2000,4,126827251,452.5173175,373.2334371,optimal,-,-
176,weakl,5600,6400,18,2000,4,126919789,1808.599905,1428.436986,maxTimeLimit,10,685.0911054
176,envl,5600,6400,18,2000,4,126908378,1815.203988,1434.423105,maxTimeLimit,10,686.4976836
176,weakenvl,5600,6400,18,2000,4,126908268,1813.310804,1432.384799,maxTimeLimit,10,686.3980989
177,M_Agg,5600,6400,26,90,1,5803507,1.241593599,1.169618607,optimal,-,-
177,TPM,5600,6400,26,90,1,5803507,0.559651136,0.260268688,optimal,-,-
177,TPM_m,5600,6400,26,90,1,5803507,0.402673683,0.209479332,optimal,-,-
177,FAL,5600,6400,26,90,1,5803507,0.455961704,0.224998951,optimal,-,-
177,SHP,5600,6400,26,90,1,5803507,0.375545025,0.225513697,optimal,-,-
177,weakl,5600,6400,26,90,1,5803507,306.5165115,2.501315832,optimal,14,308.9223802
177,envl,5600,6400,26,90,1,5803507,306.2128647,2.118927002,optimal,14,308.5562008
177,weakenvl,5600,6400,26,90,1,5803507,306.7052761,2.608150721,optimal,14,309.0018746
178,M_Agg,5600,6400,26,90,2,5838514,2.180047035,2.132971525,optimal,-,-
178,TPM,5600,6400,26,90,2,5838514,0.583651304,0.261551857,optimal,-,-
178,TPM_m,5600,6400,26,90,2,5838514,0.36797773,0.174777985,optimal,-,-
178,FAL,5600,6400,26,90,2,5838514,0.477699041,0.225231171,optimal,-,-
178,SHP,5600,6400,26,90,2,5838514,0.360512257,0.206195116,optimal,-,-
178,weakl,5600,6400,26,90,2,5838514,320.3221954,2.647117615,optimal,16,310.9334802
178,envl,5600,6400,26,90,2,5838514,320.1756468,2.438961029,optimal,16,310.6788519
178,weakenvl,5600,6400,26,90,2,5838514,320.3532518,2.610044956,optimal,16,311.0460942
179,M_Agg,5600,6400,26,90,3,5781029,2.361013889,2.310470581,optimal,-,-
179,TPM,5600,6400,26,90,3,5781029,0.582919836,0.261685371,optimal,-,-
179,TPM_m,5600,6400,26,90,3,5781029,0.374667399,0.172428608,optimal,-,-
179,FAL,5600,6400,26,90,3,5781029,0.434994698,0.222307444,optimal,-,-
179,SHP,5600,6400,26,90,3,5781029,0.380428791,0.219329119,optimal,-,-
179,weakl,5600,6400,26,90,3,5781029,304.9258096,2.511463165,optimal,14,306.5353871
179,envl,5600,6400,26,90,3,5781029,304.3982343,1.906720638,optimal,14,306.3622556
179,weakenvl,5600,6400,26,90,3,5781029,305.2230644,2.733161926,optimal,14,306.732091
180,M_Agg,5600,6400,26,90,4,5808446,2.465306759,2.412050486,optimal,-,-
180,TPM,5600,6400,26,90,4,5808446,0.573215485,0.248493433,optimal,-,-
180,TPM_m,5600,6400,26,90,4,5808446,0.36716961,0.174459219,optimal,-,-
180,FAL,5600,6400,26,90,4,5808446,0.450845003,0.225977182,optimal,-,-
180,SHP,5600,6400,26,90,4,5808446,0.373072863,0.214876413,optimal,-,-
180,weakl,5600,6400,26,90,4,5808446,303.9250044,2.747414112,optimal,15,310.4834621
180,envl,5600,6400,26,90,4,5808446,303.4380573,2.18979001,optimal,15,310.3640659
180,weakenvl,5600,6400,26,90,4,5808446,303.7259063,2.476696253,optimal,15,310.5460141
181,M_Agg,5600,6400,26,100,1,6477270,2.353499413,2.304712772,optimal,-,-
181,TPM,5600,6400,26,100,1,6477270,0.70164609,0.317891359,optimal,-,-
181,TPM_m,5600,6400,26,100,1,6477270,0.397705471,0.186466694,optimal,-,-
181,FAL,5600,6400,26,100,1,6477270,0.618605852,0.248245716,optimal,-,-
181,SHP,5600,6400,26,100,1,6477270,0.539503813,0.359580755,optimal,-,-
181,weakl,5600,6400,26,100,1,6477270,314.5609115,2.588864803,optimal,12,315.4836741
181,envl,5600,6400,26,100,1,6477270,314.7034691,2.628169775,optimal,12,315.457792
181,weakenvl,5600,6400,26,100,1,6477270,314.8821546,2.81276989,optimal,12,315.6217434
182,M_Agg,5600,6400,26,100,2,6420987,2.576242208,2.526475191,optimal,-,-
182,TPM,5600,6400,26,100,2,6420987,0.703231335,0.308325052,optimal,-,-
182,TPM_m,5600,6400,26,100,2,6420987,0.433195115,0.196554899,optimal,-,-
182,FAL,5600,6400,26,100,2,6420987,0.87356019,0.544141531,optimal,-,-
182,SHP,5600,6400,26,100,2,6420987,0.43927598,0.25637269,optimal,-,-
182,weakl,5600,6400,26,100,2,6420987,302.7298228,2.425775051,optimal,12,319.1979339
182,envl,5600,6400,26,100,2,6420987,302.9092617,2.521695614,optimal,12,319.1746477
182,weakenvl,5600,6400,26,100,2,6420987,303.097239,2.705056429,optimal,12,319.3360246
183,M_Agg,5600,6400,26,100,3,6435233,2.473899126,2.406474352,optimal,-,-
183,TPM,5600,6400,26,100,3,6435233,0.716291428,0.316032648,optimal,-,-
183,TPM_m,5600,6400,26,100,3,6435233,0.428149402,0.204573631,optimal,-,-
183,FAL,5600,6400,26,100,3,6435233,0.569503546,0.269968033,optimal,-,-
183,SHP,5600,6400,26,100,3,6435233,0.558144808,0.356562853,optimal,-,-
183,weakl,5600,6400,26,100,3,6435233,320.7181096,2.824300289,optimal,13,321.6525094
183,envl,5600,6400,26,100,3,6435233,320.4054756,2.424708605,optimal,13,321.6071676
183,weakenvl,5600,6400,26,100,3,6435233,320.4787567,2.495573997,optimal,13,321.8455984
184,M_Agg,5600,6400,26,100,4,6377823,2.37915206,2.334280252,optimal,-,-
184,TPM,5600,6400,26,100,4,6377823,0.641437769,0.28659606,optimal,-,-
184,TPM_m,5600,6400,26,100,4,6377823,0.767222727,0.554455757,optimal,-,-
184,FAL,5600,6400,26,100,4,6377823,0.595597744,0.240732193,optimal,-,-
184,SHP,5600,6400,26,100,4,6377823,0.496375084,0.323734522,optimal,-,-
184,weakl,5600,6400,26,100,4,6377823,323.9258525,2.327736616,optimal,13,321.7124727
184,envl,5600,6400,26,100,4,6377823,323.8129615,2.117052317,optimal,13,321.7335915
184,weakenvl,5600,6400,26,100,4,6377823,324.0288233,2.334994316,optimal,13,321.956346
185,M_Agg,5600,6400,26,120,1,7636291,3.057103634,3.002102137,optimal,-,-
185,TPM,5600,6400,26,120,1,7636291,0.969527006,0.450459719,optimal,-,-
185,TPM_m,5600,6400,26,120,1,7636291,0.767115197,0.471736908,optimal,-,-
185,FAL,5600,6400,26,120,1,7636291,0.748376608,0.299557209,optimal,-,-
185,SHP,5600,6400,26,120,1,7636291,0.531723022,0.29371953,optimal,-,-
185,weakl,5600,6400,26,120,1,7636291,329.4179507,2.994907379,optimal,11,320.6911234
185,envl,5600,6400,26,120,1,7636291,329.5708922,2.965214968,optimal,11,320.7752599
185,weakenvl,5600,6400,26,120,1,7636291,329.7392794,3.136162758,optimal,11,320.9558098
186,M_Agg,5600,6400,26,120,2,7665612,3.205003738,3.148610115,optimal,-,-
186,TPM,5600,6400,26,120,2,7665612,0.902411222,0.358710289,optimal,-,-
186,TPM_m,5600,6400,26,120,2,7665612,0.502073395,0.235766172,optimal,-,-
186,FAL,5600,6400,26,120,2,7665612,0.656355381,0.285576582,optimal,-,-
186,SHP,5600,6400,26,120,2,7665612,0.51876688,0.280929089,optimal,-,-
186,weakl,5600,6400,26,120,2,7665612,312.5481248,2.921294689,optimal,10,321.5240157
186,envl,5600,6400,26,120,2,7665612,312.6393412,2.847612619,optimal,10,321.5148896
186,weakenvl,5600,6400,26,120,2,7665612,313.1355341,3.346465826,optimal,10,321.7111199
187,M_Agg,5600,6400,26,120,3,7892455,2.896034002,2.833891153,optimal,-,-
187,TPM,5600,6400,26,120,3,7892455,0.96929884,0.441578388,optimal,-,-
187,TPM_m,5600,6400,26,120,3,7892455,0.481698223,0.227503538,optimal,-,-
187,FAL,5600,6400,26,120,3,7892455,0.78680706,0.326727867,optimal,-,-
187,SHP,5600,6400,26,120,3,7892455,0.534674644,0.287901878,optimal,-,-
187,weakl,5600,6400,26,120,3,7892455,320.9579628,3.125789881,optimal,10,320.7817338
187,envl,5600,6400,26,120,3,7892455,320.911171,2.913418055,optimal,10,320.6996554
187,weakenvl,5600,6400,26,120,3,7892455,320.9217472,2.93006134,optimal,10,320.6832511
188,M_Agg,5600,6400,26,120,4,7697398,2.967948675,2.902567387,optimal,-,-
188,TPM,5600,6400,26,120,4,7697398,0.973958254,0.456180811,optimal,-,-
188,TPM_m,5600,6400,26,120,4,7697398,0.50915158,0.220012903,optimal,-,-
188,FAL,5600,6400,26,120,4,7697398,0.710283756,0.296239376,optimal,-,-
188,SHP,5600,6400,26,120,4,7697398,0.529893398,0.278455019,optimal,-,-
188,weakl,5600,6400,26,120,4,7697398,319.8404552,2.756392002,optimal,10,323.1023895
188,envl,5600,6400,26,120,4,7697398,319.9796351,2.756475925,optimal,10,323.1335027
188,weakenvl,5600,6400,26,120,4,7697398,320.0266785,2.801799297,optimal,10,323.138382
189,M_Agg,5600,6400,26,150,1,9588860,3.967338562,3.897790194,optimal,-,-
189,TPM,5600,6400,26,150,1,9588860,1.556548834,0.594731808,optimal,-,-
189,TPM_m,5600,6400,26,150,1,9588860,0.59848834,0.281151772,optimal,-,-
189,FAL,5600,6400,26,150,1,9588860,1.018810511,0.470353603,optimal,-,-
189,SHP,5600,6400,26,150,1,9588860,0.792295218,0.44012022,optimal,-,-
189,weakl,5600,6400,26,150,1,9588860,332.74952,4.118256807,optimal,9,327.4141384
189,envl,5600,6400,26,150,1,9588860,332.5294113,3.696094036,optimal,9,327.3912143
189,weakenvl,5600,6400,26,150,1,9588860,332.7605199,3.923848867,optimal,9,327.4352948
190,M_Agg,5600,6400,26,150,2,9622756,3.751526356,3.697602987,optimal,-,-
190,TPM,5600,6400,26,150,2,9622756,1.502597094,0.58912921,optimal,-,-
190,TPM_m,5600,6400,26,150,2,9622756,0.720002333,0.278913021,optimal,-,-
190,FAL,5600,6400,26,150,2,9622756,1.153846979,0.559936047,optimal,-,-
190,SHP,5600,6400,26,150,2,9622756,0.898395538,0.553615332,optimal,-,-
190,weakl,5600,6400,26,150,2,9622756,309.5789974,4.832892656,optimal,8,330.7130861
190,envl,5600,6400,26,150,2,9622756,309.3784041,4.325295687,optimal,8,332.1687024
190,weakenvl,5600,6400,26,150,2,9622756,309.0240586,3.972284555,optimal,8,332.7236338
191,M_Agg,5600,6400,26,150,3,9454245,3.520823717,3.462969542,optimal,-,-
191,TPM,5600,6400,26,150,3,9454245,1.394487619,0.572656631,optimal,-,-
191,TPM_m,5600,6400,26,150,3,9454245,0.606209632,0.269425631,optimal,-,-
191,FAL,5600,6400,26,150,3,9454245,1.050425053,0.476719618,optimal,-,-
191,SHP,5600,6400,26,150,3,9454245,0.908349991,0.44293046,optimal,-,-
191,weakl,5600,6400,26,150,3,9454245,330.2405853,3.495807171,optimal,9,341.73477
191,envl,5600,6400,26,150,3,9454245,330.6465602,3.675857782,optimal,9,344.1462698
191,weakenvl,5600,6400,26,150,3,9454245,330.742271,3.773531675,optimal,9,345.5468509
192,M_Agg,5600,6400,26,150,4,9608230,3.887176514,3.829732656,optimal,-,-
192,TPM,5600,6400,26,150,4,9608230,1.379667044,0.571344852,optimal,-,-
192,TPM_m,5600,6400,26,150,4,9608230,0.598279908,0.257217407,optimal,-,-
192,FAL,5600,6400,26,150,4,9608230,1.1067698,0.460760117,optimal,-,-
192,SHP,5600,6400,26,150,4,9608230,0.791795492,0.440198183,optimal,-,-
192,weakl,5600,6400,26,150,4,9608230,337.0874508,4.094883442,optimal,9,344.4771912
192,envl,5600,6400,26,150,4,9608230,337.0104816,3.800908804,optimal,9,346.8600339
192,weakenvl,5600,6400,26,150,4,9608230,337.2143298,4.000957012,optimal,9,349.6745756
193,M_Agg,5600,6400,26,200,1,12799942,7.404838324,7.342297792,optimal,-,-
193,TPM,5600,6400,26,200,1,12799942,2.305104494,0.945049047,optimal,-,-
193,TPM_m,5600,6400,26,200,1,12799942,0.753185184,0.327232122,optimal,-,-
193,FAL,5600,6400,26,200,1,12799942,1.71726346,0.670245647,optimal,-,-
193,SHP,5600,6400,26,200,1,12799942,1.507029057,0.825499535,optimal,-,-
193,weakl,5600,6400,26,200,1,12799942,345.9453108,8.183467865,optimal,7,338.0500605
193,envl,5600,6400,26,200,1,12799942,351.6393637,13.37090707,optimal,7,341.2768102
193,weakenvl,5600,6400,26,200,1,12799942,353.913876,15.64287114,optimal,7,343.7583823
194,M_Agg,5600,6400,26,200,2,12665242,4.313909054,4.256884575,optimal,-,-
194,TPM,5600,6400,26,200,2,12665242,2.367187262,0.931374788,optimal,-,-
194,TPM_m,5600,6400,26,200,2,12665242,0.755139534,0.320895433,optimal,-,-
194,FAL,5600,6400,26,200,2,12665242,1.840093851,0.724585772,optimal,-,-
194,SHP,5600,6400,26,200,2,12665242,1.377730131,0.7868433,optimal,-,-
194,weakl,5600,6400,26,200,2,12665242,353.6657333,4.878350973,optimal,8,352.19514
194,envl,5600,6400,26,200,2,12665242,357.2886738,7.957549572,optimal,8,376.3133945
194,weakenvl,5600,6400,26,200,2,12665242,360.3169267,10.98718834,optimal,8,356.2495941
195,M_Agg,5600,6400,26,200,3,12836969,9.78971839,9.722363234,optimal,-,-
195,TPM,5600,6400,26,200,3,12836969,2.344703674,0.934850931,optimal,-,-
195,TPM_m,5600,6400,26,200,3,12836969,0.80005754,0.326440811,optimal,-,-
195,FAL,5600,6400,26,200,3,12836969,1.681484222,0.7312181,optimal,-,-
195,SHP,5600,6400,26,200,3,12836969,1.418175697,0.804234982,optimal,-,-
195,weakl,5600,6400,26,200,3,12836969,341.21027,8.319871902,optimal,8,353.1407578
195,envl,5600,6400,26,200,3,12836969,341.5016163,8.285659313,optimal,8,379.0357199
195,weakenvl,5600,6400,26,200,3,12836969,347.2531698,14.02825618,optimal,8,358.5678028
196,M_Agg,5600,6400,26,200,4,12682256,5.923698902,5.859084129,optimal,-,-
196,TPM,5600,6400,26,200,4,12682256,2.3189044,0.850836039,optimal,-,-
196,TPM_m,5600,6400,26,200,4,12682256,0.795651308,0.329402685,optimal,-,-
196,FAL,5600,6400,26,200,4,12682256,1.81938386,0.671379805,optimal,-,-
196,SHP,5600,6400,26,200,4,12682256,1.361237526,0.760531664,optimal,-,-
196,weakl,5600,6400,26,200,4,12682256,311.3789281,5.799718618,optimal,7,366.2717384
196,envl,5600,6400,26,200,4,12682256,314.6775872,8.699894428,optimal,7,400.1564663
196,weakenvl,5600,6400,26,200,4,12682256,313.5495569,7.571205139,optimal,7,369.6021382
197,M_Agg,5600,6400,26,300,1,19161818,48.37498093,48.29608297,optimal,-,-
197,TPM,5600,6400,26,300,1,19161818,5.341757536,1.891414642,optimal,-,-
197,TPM_m,5600,6400,26,300,1,19161818,1.171603302,0.446035624,optimal,-,-
197,FAL,5600,6400,26,300,1,19161818,4.002797604,1.662850618,optimal,-,-
197,SHP,5600,6400,26,300,1,19161818,3.433359861,1.79501605,optimal,-,-
197,weakl,5600,6400,26,300,1,19161818,402.5256286,30.52696109,optimal,7,402.6797816
197,envl,5600,6400,26,300,1,19161818,491.7857006,119.2698867,optimal,7,436.6070979
197,weakenvl,5600,6400,26,300,1,19161818,403.8787229,31.33194137,optimal,7,405.0148845
198,M_Agg,5600,6400,26,300,2,19059424,64.66641784,64.59149361,optimal,-,-
198,TPM,5600,6400,26,300,2,19059424,5.324351549,1.910595655,optimal,-,-
198,TPM_m,5600,6400,26,300,2,19059424,1.206342917,0.553762913,optimal,-,-
198,FAL,5600,6400,26,300,2,19059424,3.860224485,1.477477312,optimal,-,-
198,SHP,5600,6400,26,300,2,19059424,3.696855545,2.208733082,optimal,-,-
198,weakl,5600,6400,26,300,2,19059424,357.4482045,40.63227057,optimal,7,632.7404291
198,envl,5600,6400,26,300,2,19059424,368.1779757,50.73383093,optimal,7,765.6065892
198,weakenvl,5600,6400,26,300,2,19059424,369.5897618,52.1413455,optimal,7,631.3506038
199,M_Agg,5600,6400,26,300,3,19155873,14.55707264,14.48289466,optimal,-,-
199,TPM,5600,6400,26,300,3,19155873,5.234243393,1.898427725,optimal,-,-
199,TPM_m,5600,6400,26,300,3,19155873,1.116085765,0.467806339,optimal,-,-
199,FAL,5600,6400,26,300,3,19155873,3.731848955,1.511974573,optimal,-,-
199,SHP,5600,6400,26,300,3,19155873,3.406053066,1.964936018,optimal,-,-
199,weakl,5600,6400,26,300,3,19155873,393.7341923,15.42799473,optimal,8,645.0006031
199,envl,5600,6400,26,300,3,19155873,425.9846019,47.00236154,optimal,8,836.0740674
199,weakenvl,5600,6400,26,300,3,19155873,391.3905112,12.37585282,optimal,8,691.0176823
200,M_Agg,5600,6400,26,300,4,19123548,25.49286032,25.41599846,optimal,-,-
200,TPM,5600,6400,26,300,4,19123548,5.185710669,1.870346546,optimal,-,-
200,TPM_m,5600,6400,26,300,4,19123548,1.140746857,0.472749233,optimal,-,-
200,FAL,5600,6400,26,300,4,19123548,3.784354687,1.502281189,optimal,-,-
200,SHP,5600,6400,26,300,4,19123548,3.320374012,1.979434013,optimal,-,-
200,weakl,5600,6400,26,300,4,19123548,457.0111007,41.83207488,optimal,8,678.0415427
200,envl,5600,6400,26,300,4,19123548,460.4801135,44.73296475,optimal,8,890.5530012
200,weakenvl,5600,6400,26,300,4,19123548,455.2005422,39.44855523,optimal,8,725.0472254
201,M_Agg,5600,6400,26,500,1,31943661,1815.855262,1815.758349,maxTimeLimit,-,-
201,TPM,5600,6400,26,500,1,31943661,14.4652617,4.77148962,optimal,-,-
201,TPM_m,5600,6400,26,500,1,31943661,1.908464433,0.748197079,optimal,-,-
201,FAL,5600,6400,26,500,1,31943661,10.85069084,4.2797997,optimal,-,-
201,SHP,5600,6400,26,500,1,31943661,11.25010204,7.275709391,optimal,-,-
201,weakl,5600,6400,26,500,1,31943661,1322.768219,993.1983836,optimal,7,672.7369164
201,envl,5600,6400,26,500,1,31943661,1807.783666,1477.719699,maxTimeLimit,7,887.52286
201,weakenvl,5600,6400,26,500,1,31943661,1309.2216,979.1587937,optimal,7,877.299415
202,M_Agg,5600,6400,26,500,2,31759793,311.2910192,311.1849041,optimal,-,-
202,TPM,5600,6400,26,500,2,31759793,14.71494532,5.012034655,optimal,-,-
202,TPM_m,5600,6400,26,500,2,31759793,1.956720541,0.740576267,optimal,-,-
202,FAL,5600,6400,26,500,2,31759793,11.29726672,4.400743484,optimal,-,-
202,SHP,5600,6400,26,500,2,31759793,11.53434539,7.498891115,optimal,-,-
202,weakl,5600,6400,26,500,2,31759793,406.4889007,78.37165689,optimal,7,795.8372944
202,envl,5600,6400,26,500,2,31759793,650.0478883,321.4722354,optimal,7,889.4086276
202,weakenvl,5600,6400,26,500,2,31759793,608.2580755,279.6767855,optimal,7,1003.751161
203,M_Agg,5600,6400,26,500,3,31577179,261.9302816,261.8268132,optimal,-,-
203,TPM,5600,6400,26,500,3,31577179,14.36862993,4.94199276,optimal,-,-
203,TPM_m,5600,6400,26,500,3,31577179,1.92109952,0.730732441,optimal,-,-
203,FAL,5600,6400,26,500,3,31577179,10.93750238,4.223207474,optimal,-,-
203,SHP,5600,6400,26,500,3,31577179,12.46596098,7.732783318,optimal,-,-
203,weakl,5600,6400,26,500,3,31577179,525.8979506,147.1214111,optimal,7,1147.265824
203,envl,5600,6400,26,500,3,31577179,643.9003374,264.5899277,optimal,7,1180.489764
203,weakenvl,5600,6400,26,500,3,31577179,527.5086839,148.2049065,optimal,7,1305.300158
204,M_Agg,5600,6400,26,500,4,31983214,64.58416963,64.47696877,optimal,-,-
204,TPM,5600,6400,26,500,4,31983214,15.28413463,5.358881712,optimal,-,-
204,TPM_m,5600,6400,26,500,4,31983214,1.918201184,0.728068113,optimal,-,-
204,FAL,5600,6400,26,500,4,31983214,10.91276145,4.310945749,optimal,-,-
204,SHP,5600,6400,26,500,4,31983214,10.63413453,6.551751614,optimal,-,-
204,weakl,5600,6400,26,500,4,31983214,435.7925958,63.53359818,optimal,7,1470.183426
204,envl,5600,6400,26,500,4,31983214,448.3595487,75.46828508,optimal,7,1472.67887
204,weakenvl,5600,6400,26,500,4,31983214,1064.2093,691.3172522,optimal,7,1626.861794
205,M_Agg,5600,6400,26,1000,1,63755102,1818.472814,1818.312726,maxTimeLimit,-,-
205,TPM,5600,6400,26,1000,1,63755102,62.23242521,21.22385764,optimal,-,-
205,TPM_m,5600,6400,26,1000,1,63755102,3.871904633,1.364130974,optimal,-,-
205,FAL,5600,6400,26,1000,1,63755102,68.95892239,41.50866532,optimal,-,-
205,SHP,5600,6400,26,1000,1,63755102,40.75657225,23.58686924,optimal,-,-
205,weakl,5600,6400,26,1000,1,63755102,1815.169731,1455.85659,maxTimeLimit,7,1814.773109
205,envl,5600,6400,26,1000,1,63755102,1815.326736,1455.615713,maxTimeLimit,7,1813.591405
205,weakenvl,5600,6400,26,1000,1,63766494,1815.028585,1455.296483,maxTimeLimit,7,1813.690076
206,M_Agg,5600,6400,26,1000,2,63519218,1815.03166,1814.832057,maxTimeLimit,-,-
206,TPM,5600,6400,26,1000,2,63511775,61.20374203,21.3182528,optimal,-,-
206,TPM_m,5600,6400,26,1000,2,63511775,3.902643485,1.390017986,optimal,-,-
206,FAL,5600,6400,26,1000,2,63511775,70.66048193,42.12086391,optimal,-,-
206,SHP,5600,6400,26,1000,2,63511775,41.12828064,24.09325337,optimal,-,-
206,weakl,5600,6400,26,1000,2,63515411,1812.203019,1452.228623,maxTimeLimit,7,1813.939018
206,envl,5600,6400,26,1000,2,63528418,1814.372433,1453.985396,maxTimeLimit,7,1812.749257
206,weakenvl,5600,6400,26,1000,2,63519088,1814.454063,1454.061902,maxTimeLimit,7,1813.495232
207,M_Agg,5600,6400,26,1000,3,63243181,1810.796009,1810.635864,maxTimeLimit,-,-
207,TPM,5600,6400,26,1000,3,63238358,61.30718565,20.93928862,optimal,-,-
207,TPM_m,5600,6400,26,1000,3,63238358,3.805103932,1.354592085,optimal,-,-
207,FAL,5600,6400,26,1000,3,63238358,69.12326455,42.197891,optimal,-,-
207,SHP,5600,6400,26,1000,3,63238358,43.81685185,24.53937459,optimal,-,-
207,weakl,5600,6400,26,1000,3,63239722,1817.568359,1506.051039,maxTimeLimit,7,1813.256838
207,envl,5600,6400,26,1000,3,63243181,1812.656764,1500.529047,maxTimeLimit,7,1812.142188
207,weakenvl,5600,6400,26,1000,3,63239722,1813.755228,1501.59067,maxTimeLimit,7,1813.056254
208,M_Agg,5600,6400,26,1000,4,64043796,1820.989154,1820.809869,maxTimeLimit,-,-
208,TPM,5600,6400,26,1000,4,63999615,62.21998262,21.5851202,optimal,-,-
208,TPM_m,5600,6400,26,1000,4,63999615,4.15744259,1.375763655,optimal,-,-
208,FAL,5600,6400,26,1000,4,63999615,71.86168313,43.63182044,optimal,-,-
208,SHP,5600,6400,26,1000,4,63999615,41.45935154,24.50398779,optimal,-,-
208,weakl,5600,6400,26,1000,4,64017378,1814.151328,1466.664722,maxTimeLimit,7,1811.708678
208,envl,5600,6400,26,1000,4,64031880,1812.009687,1463.993902,maxTimeLimit,7,1811.810802
208,weakenvl,5600,6400,26,1000,4,64023695,1811.522427,1463.517825,maxTimeLimit,7,1812.523288
209,M_Agg,5600,6400,26,2000,1,126931707,1812.065628,1811.791925,maxTimeLimit,-,-
209,TPM,5600,6400,26,2000,1,126874508,299.6584413,125.9804072,optimal,-,-
209,TPM_m,5600,6400,26,2000,1,126874508,8.898306134,3.152116537,optimal,-,-
209,FAL,5600,6400,26,2000,1,126874508,623.9591317,509.1121032,optimal,-,-
209,SHP,5600,6400,26,2000,1,126874508,304.7140791,230.3769836,optimal,-,-
209,weakl,5600,6400,26,2000,1,126899934,1811.833366,1468.780674,maxTimeLimit,7,1810.778271
209,envl,5600,6400,26,2000,1,126939629,1811.958146,1468.273771,maxTimeLimit,7,1811.785931
209,weakenvl,5600,6400,26,2000,1,126897650,1814.249212,1470.428025,maxTimeLimit,7,1812.403542
210,M_Agg,5600,6400,26,2000,2,127483112,1813.131834,1812.833645,maxTimeLimit,-,-
210,TPM,5600,6400,26,2000,2,127369173,295.4250171,120.220592,optimal,-,-
210,TPM_m,5600,6400,26,2000,2,127369173,9.047342047,3.31122613,optimal,-,-
210,FAL,5600,6400,26,2000,2,127369173,626.0103524,512.3660121,optimal,-,-
210,SHP,5600,6400,26,2000,2,127369173,301.3990319,228.6428523,optimal,-,-
210,weakl,5600,6400,26,2000,2,127380316,1809.474299,1417.60732,maxTimeLimit,8,1810.426572
210,envl,5600,6400,26,2000,2,127428241,1811.944154,1419.520264,maxTimeLimit,8,1811.728527
210,weakenvl,5600,6400,26,2000,2,127419223,1812.698149,1420.270499,maxTimeLimit,8,1811.788319
211,M_Agg,5600,6400,26,2000,3,127556792,1811.965722,1811.685615,maxTimeLimit,-,-
211,TPM,5600,6400,26,2000,3,127463960,305.8761806,128.7315991,optimal,-,-
211,TPM_m,5600,6400,26,2000,3,127463960,8.790158676,3.271425486,optimal,-,-
211,FAL,5600,6400,26,2000,3,127463960,677.4428117,548.5615237,optimal,-,-
211,SHP,5600,6400,26,2000,3,127463960,309.0956314,234.4549584,optimal,-,-
211,weakl,5600,6400,26,2000,3,127547310,1811.37572,1465.216745,maxTimeLimit,7,1810.902709
211,envl,5600,6400,26,2000,3,127540685,1811.331222,1464.413904,maxTimeLimit,7,1811.620713
211,weakenvl,5600,6400,26,2000,3,127516131,1811.623365,1464.700847,maxTimeLimit,7,1811.333403
212,M_Agg,5600,6400,26,2000,4,126812802,1813.578999,1813.259632,maxTimeLimit,-,-
212,TPM,5600,6400,26,2000,4,126788455,290.409133,124.2903767,optimal,-,-
212,TPM_m,5600,6400,26,2000,4,126788455,8.787812438,3.135212421,optimal,-,-
212,FAL,5600,6400,26,2000,4,126788455,632.7613368,518.5590005,optimal,-,-
212,SHP,5600,6400,26,2000,4,126788455,304.3583102,228.0044756,optimal,-,-
212,weakl,5600,6400,26,2000,4,126831172,1810.429698,1461.844184,maxTimeLimit,7,1810.429698
212,envl,5600,6400,26,2000,4,126812802,1811.910203,1462.82015,maxTimeLimit,7,1811.910203
212,weakenvl,5600,6400,26,2000,4,126821336,1811.043442,1461.942614,maxTimeLimit,7,1811.043442
1,M_Agg,12800,19200,2,90,1,27685239,1.398199081,1.308970451,optimal,-,-
1,TPM,12800,19200,2,90,1,27685239,9.9168396,9.555317163,optimal,-,-
1,TPM_m,12800,19200,2,90,1,27685239,6.01381843,5.896874428,optimal,-,-
1,FAL,12800,19200,2,90,1,27685239,8.332099915,8.091686726,optimal,-,-
1,SHP,12800,19200,2,90,1,27685239,6.493111849,6.213753462,optimal,-,-
1,weakl,12800,19200,2,90,1,27685239,35.0421787,1.432929277,optimal,54,36.3398525
1,envl,12800,19200,2,90,1,27685239,35.15017421,1.48704958,optimal,54,37.87467455
1,weakenvl,12800,19200,2,90,1,27685239,35.82228381,2.106018543,optimal,54,38.44263136
2,M_Agg,12800,19200,2,90,2,27974658,1.028788805,0.964760303,optimal,-,-
2,TPM,12800,19200,2,90,2,27974657.99,10.5385716,10.20618606,optimal,-,-
2,TPM_m,12800,19200,2,90,2,27974657.99,2.34203372,2.232632637,optimal,-,-
2,FAL,12800,19200,2,90,2,27974658,10.88760877,10.65208936,optimal,-,-
2,SHP,12800,19200,2,90,2,27974658,7.520053625,7.128799677,optimal,-,-
2,weakl,12800,19200,2,90,2,27974658,37.67946793,1.583717823,optimal,54,38.71542242
2,envl,12800,19200,2,90,2,27974658,36.92580916,0.782666445,optimal,54,42.48992064
2,weakenvl,12800,19200,2,90,2,27974658,37.44919278,1.302444696,optimal,54,40.96701446
3,M_Agg,12800,19200,2,90,3,26980573,2.01804328,1.959840775,optimal,-,-
3,TPM,12800,19200,2,90,3,26980573,16.06308341,15.67774296,optimal,-,-
3,TPM_m,12800,19200,2,90,3,26980573,5.939746189,5.777862072,optimal,-,-
3,FAL,12800,19200,2,90,3,26980573,18.56910491,18.3172195,optimal,-,-
3,SHP,12800,19200,2,90,3,26980573,37.60844588,37.44925809,optimal,-,-
3,weakl,12800,19200,2,90,3,26980573,36.32453516,2.502468109,optimal,54,40.78434006
3,envl,12800,19200,2,90,3,26980573,42.03119662,8.159660578,optimal,54,45.06818
3,weakenvl,12800,19200,2,90,3,26980573,43.31668428,9.408706427,optimal,54,43.50165686
4,M_Agg,12800,19200,2,90,4,26887019,0.91747427,0.862564564,optimal,-,-
4,TPM,12800,19200,2,90,4,26887019,10.1157732,9.77561307,optimal,-,-
4,TPM_m,12800,19200,2,90,4,26887019,4.817947357,4.698619127,optimal,-,-
4,FAL,12800,19200,2,90,4,26887019,9.01813674,8.757000208,optimal,-,-
4,SHP,12800,19200,2,90,4,26887019,7.108745813,6.933807135,optimal,-,-
4,weakl,12800,19200,2,90,4,26887019,36.31322823,0.598797798,optimal,54,43.40779383
4,envl,12800,19200,2,90,4,26887019,37.39151821,1.62430191,optimal,54,46.16552694
4,weakenvl,12800,19200,2,90,4,26887019,37.18236456,1.388744116,optimal,54,44.71782936
5,M_Agg,12800,19200,2,100,1,31458444,1.952730179,1.905688047,optimal,-,-
5,TPM,12800,19200,2,100,1,31458444,20.56874228,20.15909815,optimal,-,-
5,TPM_m,12800,19200,2,100,1,31458444,6.288317851,6.153595448,optimal,-,-
5,FAL,12800,19200,2,100,1,31458444,24.41522908,24.14587283,optimal,-,-
5,SHP,12800,19200,2,100,1,31458444,37.162395,36.98545408,optimal,-,-
5,weakl,12800,19200,2,100,1,31458444,44.54445834,2.409963846,optimal,60,45.22841448
5,envl,12800,19200,2,100,1,31458444,53.61115856,11.28278565,optimal,60,47.79725511
5,weakenvl,12800,19200,2,100,1,31458444,45.91981621,3.573299885,optimal,60,46.59179039
6,M_Agg,12800,19200,2,100,2,30953897,1.357041359,1.27679801,optimal,-,-
6,TPM,12800,19200,2,100,2,30953897,17.50246215,17.09864068,optimal,-,-
6,TPM_m,12800,19200,2,100,2,30953897,8.247739643,8.016770601,optimal,-,-
6,FAL,12800,19200,2,100,2,30953897,15.5923748,15.30558848,optimal,-,-
6,SHP,12800,19200,2,100,2,30953897,59.05317378,58.85252261,optimal,-,-
6,weakl,12800,19200,2,100,2,30953897,45.95513849,1.72498107,optimal,60,50.69210982
6,envl,12800,19200,2,100,2,30953897,47.23884659,2.932995081,optimal,60,51.56387078
6,weakenvl,12800,19200,2,100,2,30953897,47.5877624,3.243074656,optimal,60,52.26309978
7,M_Agg,12800,19200,2,100,3,30617217,1.054077148,0.99452281,optimal,-,-
7,TPM,12800,19200,2,100,3,30617217,12.8518281,12.46611714,optimal,-,-
7,TPM_m,12800,19200,2,100,3,30617217,4.578468327,4.454917669,optimal,-,-
7,FAL,12800,19200,2,100,3,30617217,10.96766925,10.66616774,optimal,-,-
7,SHP,12800,19200,2,100,3,30617217,8.687217236,8.497109652,optimal,-,-
7,weakl,12800,19200,2,100,3,30617217,46.81835028,1.523705244,optimal,60,55.73724729
7,envl,12800,19200,2,100,3,30617217,46.4205844,1.066502571,optimal,60,56.9772445
7,weakenvl,12800,19200,2,100,3,30617217,48.18137427,2.80664587,optimal,60,57.83085984
8,M_Agg,12800,19200,2,100,4,30747958,1.141717196,1.096128225,optimal,-,-
8,TPM,12800,19200,2,100,4,30747957.99,16.51501203,16.1001749,optimal,-,-
8,TPM_m,12800,19200,2,100,4,30747958,3.716097562,3.590112209,optimal,-,-
8,FAL,12800,19200,2,100,4,30747958,11.09530354,10.82750535,optimal,-,-
8,SHP,12800,19200,2,100,4,30747958,9.021938801,8.830443859,optimal,-,-
8,weakl,12800,19200,2,100,4,30747958,43.59571083,1.852923632,optimal,60,61.28124361
8,envl,12800,19200,2,100,4,30747958,43.91843088,2.112734318,optimal,60,64.38052641
8,weakenvl,12800,19200,2,100,4,30747958,44.67820867,2.852338552,optimal,60,64.8821544
9,M_Agg,12800,19200,2,120,1,38023436,1.95139575,1.895024776,optimal,-,-
9,TPM,12800,19200,2,120,1,38023436,29.3180747,28.76693392,optimal,-,-
9,TPM_m,12800,19200,2,120,1,38023436,8.256911838,8.118360758,optimal,-,-
9,FAL,12800,19200,2,120,1,38023436,25.32683873,24.94808578,optimal,-,-
9,SHP,12800,19200,2,120,1,38023436,15.60295725,15.36118412,optimal,-,-
9,weakl,12800,19200,2,120,1,38026433,66.39923967,2.314655304,optimal,72,67.41828174
9,envl,12800,19200,2,120,1,39293585,68.67762125,3.845624447,optimal,72,71.94609488
9,weakenvl,12800,19200,2,120,1,39293585,68.60505379,3.769334555,optimal,72,71.56332148
10,M_Agg,12800,19200,2,120,2,36875053,2.640906811,2.562847614,optimal,-,-
10,TPM,12800,19200,2,120,2,36875053,78.25293255,77.69638181,optimal,-,-
10,TPM_m,12800,19200,2,120,2,36875053,7.956371464,7.808912277,optimal,-,-
10,FAL,12800,19200,2,120,2,36875053,107.8841481,107.5187104,optimal,-,-
10,SHP,12800,19200,2,120,2,36875053,51.4527185,51.11718583,optimal,-,-
10,weakl,12800,19200,2,120,2,36875053,66.13568839,2.358140707,optimal,72,78.66216453
10,envl,12800,19200,2,120,2,36875053,68.89234146,4.403071642,optimal,72,90.80958589
10,weakenvl,12800,19200,2,120,2,36875053,69.85880264,5.362391949,optimal,72,138.3976894
11,M_Agg,12800,19200,2,120,3,35765891,1.128865957,1.076195002,optimal,-,-
11,TPM,12800,19200,2,120,3,35765891,22.173383,21.61986136,optimal,-,-
11,TPM_m,12800,19200,2,120,3,35765891,6.741861239,6.595975399,optimal,-,-
11,FAL,12800,19200,2,120,3,35765891,20.41829014,20.01210952,optimal,-,-
11,SHP,12800,19200,2,120,3,35765891,16.68881416,16.43904901,optimal,-,-
11,weakl,12800,19200,2,120,3,35765891,68.99433557,1.841621399,optimal,72,87.02090736
11,envl,12800,19200,2,120,3,35765891,76.03371207,8.344810009,optimal,72,99.36739256
11,weakenvl,12800,19200,2,120,3,35765891,76.38655249,8.646851778,optimal,72,147.3238872
12,M_Agg,12800,19200,2,120,4,36206893,0.938705444,0.891017437,optimal,-,-
12,TPM,12800,19200,2,120,4,36206893,17.63204098,17.10555792,optimal,-,-
12,TPM_m,12800,19200,2,120,4,36206893,4.263209474,4.115632296,optimal,-,-
12,FAL,12800,19200,2,120,4,36206893,12.92338872,12.5295155,optimal,-,-
12,SHP,12800,19200,2,120,4,36206893,10.67169166,10.32580423,optimal,-,-
12,weakl,12800,19200,2,120,4,36206893,68.14386334,0.992963314,optimal,72,97.09946777
12,envl,12800,19200,2,120,4,36206893,74.18070473,6.495640278,optimal,72,138.5674726
12,weakenvl,12800,19200,2,120,4,36206893,71.40287699,3.66216898,optimal,72,185.1957389
13,M_Agg,12800,19200,2,150,1,44906824,8.568908691,8.517072439,optimal,-,-
13,TPM,12800,19200,2,150,1,44906824,822.8532481,822.0414634,optimal,-,-
13,TPM_m,12800,19200,2,150,1,44906824,25.95945863,25.73309588,optimal,-,-
13,FAL,12800,19200,2,150,1,44906824,1492.464619,1491.864382,optimal,-,-
13,SHP,12800,19200,2,150,1,44906823.99,988.9109344,988.5288277,optimal,-,-
13,weakl,12800,19200,2,150,1,44906824,111.3747708,10.81543374,optimal,90,106.6324336
13,envl,12800,19200,2,150,1,44906824,144.1315853,41.2270205,optimal,90,162.4394541
13,weakenvl,12800,19200,2,150,1,44906824,335.9425256,233.0325284,optimal,90,214.7588912
14,M_Agg,12800,19200,2,150,2,46498537,2.697835684,2.635331154,optimal,-,-
14,TPM,12800,19200,2,150,2,46498537,133.4369142,132.6441078,optimal,-,-
14,TPM_m,12800,19200,2,150,2,46498537,30.64933467,30.44526577,optimal,-,-
14,FAL,12800,19200,2,150,2,46498537,174.8806732,174.2969062,optimal,-,-
14,SHP,12800,19200,2,150,2,46498537,196.8629701,196.5036705,optimal,-,-
14,weakl,12800,19200,2,150,2,46498537,99.5706597,3.43152976,optimal,90,129.5120266
14,envl,12800,19200,2,150,2,46498537,103.1235681,5.065667391,optimal,90,579.1361537
14,weakenvl,12800,19200,2,150,2,46498537,105.5635939,7.619734049,optimal,90,583.3950202
15,M_Agg,12800,19200,2,150,3,46834477,2.469227791,2.416404724,optimal,-,-
15,TPM,12800,19200,2,150,3,46834477,138.3903899,137.5254848,optimal,-,-
15,TPM_m,12800,19200,2,150,3,46834477,12.70074487,12.53482199,optimal,-,-
15,FAL,12800,19200,2,150,3,46834477,395.5717866,394.9571669,optimal,-,-
15,SHP,12800,19200,2,150,3,46834477,460.8589509,460.490392,optimal,-,-
15,weakl,12800,19200,2,150,3,46834477,109.3085772,5.506436825,optimal,90,156.6333772
15,envl,12800,19200,2,150,3,46834477,232.8340322,126.3279662,optimal,90,1005.937912
15,weakenvl,12800,19200,2,150,3,46834477,227.8739592,121.3789897,optimal,90,1009.585924
16,M_Agg,12800,19200,2,150,4,45070425,3.210656881,3.156714678,optimal,-,-
16,TPM,12800,19200,2,150,4,45070425,1838.681905,1837.847141,maxTimeLimit,-,-
16,TPM_m,12800,19200,2,150,4,45070425,38.09282159,37.92711926,optimal,-,-
16,FAL,12800,19200,2,150,4,45070425,533.8251464,533.2296369,optimal,-,-
16,SHP,12800,19200,2,150,4,45070425,181.5886307,181.1885068,optimal,-,-
16,weakl,12800,19200,2,150,4,45070425,106.2757268,6.078896046,optimal,90,175.4781786
16,envl,12800,19200,2,150,4,45070425,169.6686308,66.59613085,optimal,90,1319.539016
16,weakenvl,12800,19200,2,150,4,45070425,189.6554861,86.51111913,optimal,90,1405.538105
17,M_Agg,12800,19200,2,200,1,61430313,42.3506434,42.28386045,optimal,-,-
17,TPM,12800,19200,2,200,1,61430313,1812.515279,1811.033707,maxTimeLimit,-,-
17,TPM_m,12800,19200,2,200,1,61430313,1805.955183,1805.714669,maxTimeLimit,-,-
17,FAL,12800,19200,2,200,1,61430313,1810.291855,1809.279963,maxTimeLimit,-,-
17,SHP,12800,19200,2,200,1,61430312.99,1812.680373,1812.050265,maxTimeLimit,-,-
17,weakl,12800,19200,2,200,1,61430313,202.8931426,32.8135345,optimal,120,200.1481673
17,envl,12800,19200,2,200,1,63502075.12,1810.918384,1631.999333,maxTimeLimit,120,1399.474983
17,weakenvl,12800,19200,2,200,1,63510482,1810.487042,1631.829043,maxTimeLimit,120,1486.954643
18,M_Agg,12800,19200,2,200,2,60358436,25.70955849,25.64453173,optimal,-,-
18,TPM,12800,19200,2,200,2,60358436,1812.676261,1811.231364,maxTimeLimit,-,-
18,TPM_m,12800,19200,2,200,2,60358436,370.6366037,370.4317214,optimal,-,-
18,FAL,12800,19200,2,200,2,60374206,1815.756249,1814.814262,maxTimeLimit,-,-
18,SHP,12800,19200,2,200,2,60374206,1812.769342,1812.149194,maxTimeLimit,-,-
18,weakl,12800,19200,2,200,2,60358436,208.0560623,33.11116362,optimal,120,274.4910625
18,envl,12800,19200,2,200,2,63196442.33,1810.330602,1626.922338,maxTimeLimit,120,1405.902171
18,weakenvl,12800,19200,2,200,2,63200473,1810.327207,1627.141752,maxTimeLimit,120,1493.875119
19,M_Agg,12800,19200,2,200,3,60707846,4.276988029,4.215076447,optimal,-,-
19,TPM,12800,19200,2,200,3,60707846,1801.324559,1799.869101,optimal,-,-
19,TPM_m,12800,19200,2,200,3,60707845.99,80.05369738,79.80963755,optimal,-,-
19,FAL,12800,19200,2,200,3,60707846,1809.157029,1808.17007,maxTimeLimit,-,-
19,SHP,12800,19200,2,200,3,60707846,1813.33867,1812.703748,maxTimeLimit,-,-
19,weakl,12800,19200,2,200,3,60707846,184.6877826,9.186755657,optimal,120,680.6585149
19,envl,12800,19200,2,200,3,60707846,1487.238449,1302.145468,optimal,120,1413.923232
19,weakenvl,12800,19200,2,200,3,63545842,1811.682686,1626.615846,maxTimeLimit,120,1502.035574
20,M_Agg,12800,19200,2,200,4,61495359,20.94586706,20.88864684,optimal,-,-
20,TPM,12800,19200,2,200,4,61495359,1806.652489,1805.207409,maxTimeLimit,-,-
20,TPM_m,12800,19200,2,200,4,61495359,190.4648777,190.2563729,optimal,-,-
20,FAL,12800,19200,2,200,4,61507413,1832.441252,1826.852428,maxTimeLimit,-,-
20,SHP,12800,19200,2,200,4,61507413,1811.657297,1811.036712,maxTimeLimit,-,-
20,weakl,12800,19200,2,200,4,61495359,204.9556817,16.64034438,optimal,120,1085.420556
20,envl,12800,19200,2,200,4,61495359,489.4124983,290.3742034,optimal,120,1502.411149
20,weakenvl,12800,19200,2,200,4,61495359,515.3216358,316.5499682,optimal,120,1509.790157
21,M_Agg,12800,19200,2,300,1,90673768,209.3399315,209.2623231,optimal,-,-
21,TPM,12800,19200,2,300,1,90688313,1863.904397,1860.754689,maxTimeLimit,-,-
21,TPM_m,12800,19200,2,300,1,90707244,1813.606298,1813.241222,maxTimeLimit,-,-
21,FAL,12800,19200,2,300,1,90673768,1947.413574,1945.125754,maxTimeLimit,-,-
21,SHP,12800,19200,2,300,1,90690780,1811.668223,1810.245021,maxTimeLimit,-,-
21,weakl,12800,19200,2,300,1,90673768,500.2647236,198.2044079,optimal,114,1486.704861
21,envl,12800,19200,2,300,1,93629716,1836.627134,1502.230798,maxTimeLimit,114,1842.207267
21,weakenvl,12800,19200,2,300,1,93641601.52,1838.168946,1502.37905,maxTimeLimit,114,1841.635003
22,M_Agg,12800,19200,2,300,2,92882339,1836.210027,1836.129279,maxTimeLimit,-,-
22,TPM,12800,19200,2,300,2,92882339,1835.846451,1832.421046,maxTimeLimit,-,-
22,TPM_m,12800,19200,2,300,2,92926157,1813.730439,1813.333367,maxTimeLimit,-,-
22,FAL,12800,19200,2,300,2,92901576,1862.285826,1859.729489,maxTimeLimit,-,-
22,SHP,12800,19200,2,300,2,92884243,1810.609497,1808.776901,maxTimeLimit,-,-
22,weakl,12800,19200,2,300,2,92882339,1832.725872,1529.764333,maxTimeLimit,114,1366.266245
22,envl,12800,19200,2,300,2,95937478.57,1842.414847,1502.097564,maxTimeLimit,114,1387.678981
22,weakenvl,12800,19200,2,300,2,95937478.57,1842.969028,1502.648933,maxTimeLimit,114,1386.702024
23,M_Agg,12800,19200,2,300,3,90845502,1818.915029,1818.821422,maxTimeLimit,-,-
23,TPM,12800,19200,2,300,3,90856273,1903.556248,1900.248857,maxTimeLimit,-,-
23,TPM_m,12800,19200,2,300,3,91042748,1815.354902,1815.049899,maxTimeLimit,-,-
23,FAL,12800,19200,2,300,3,90845502,1937.169919,1934.869266,maxTimeLimit,-,-
23,SHP,12800,19200,2,300,3,90845502,1812.022162,1810.661436,maxTimeLimit,-,-
23,weakl,12800,19200,2,300,3,90845502,1803.735945,1502.142983,maxTimeLimit,114,912.4661246
23,envl,12800,19200,2,300,3,94522688,1841.190118,1503.095983,maxTimeLimit,114,931.4300913
23,weakenvl,12800,19200,2,300,3,94597312,1842.701019,1503.10152,maxTimeLimit,114,930.340494
24,M_Agg,12800,19200,2,300,4,93431455,1822.096563,1822.00736,maxTimeLimit,-,-
24,TPM,12800,19200,2,300,4,93431455,1864.103576,1860.675412,maxTimeLimit,-,-
24,TPM_m,12800,19200,2,300,4,93439931,1810.456879,1810.116118,maxTimeLimit,-,-
24,FAL,12800,19200,2,300,4,93431455,1925.968669,1923.746703,maxTimeLimit,-,-
24,SHP,12800,19200,2,300,4,93431455,1805.754989,1804.228098,maxTimeLimit,-,-
24,weakl,12800,19200,2,300,4,93454035,1810.092903,1508.645401,maxTimeLimit,120,465.9034258
24,envl,12800,19200,2,300,4,96330502,1848.596969,1504.215983,maxTimeLimit,120,475.4059068
24,weakenvl,12800,19200,2,300,4,94597312,1842.701019,1503.10152,maxTimeLimit,120,473.9951633
25,M_Agg,12800,19200,3,90,1,19055646,1.376434803,1.30557394,optimal,-,-
25,TPM,12800,19200,3,90,1,19055646,7.721192122,7.386696339,optimal,-,-
25,TPM_m,12800,19200,3,90,1,19055646,2.668326455,2.555979729,optimal,-,-
25,FAL,12800,19200,3,90,1,19055646,8.818029642,8.601943493,optimal,-,-
25,SHP,12800,19200,3,90,1,19055646,4.545439005,4.387588263,optimal,-,-
25,weakl,12800,19200,3,90,1,19055646,18.51026173,0.87719202,optimal,27,17.63363402
25,envl,12800,19200,3,90,1,19055646,18.51398941,0.870292664,optimal,27,17.43445997
25,weakenvl,12800,19200,3,90,1,19055646,18.43703004,0.792023182,optimal,27,17.59561793
26,M_Agg,12800,19200,3,90,2,19891327,1.041939259,0.984978676,optimal,-,-
26,TPM,12800,19200,3,90,2,19891327,18.0445478,17.70277858,optimal,-,-
26,TPM_m,12800,19200,3,90,2,19891327,7.642976479,7.524178267,optimal,-,-
26,FAL,12800,19200,3,90,2,19891327,16.01480627,15.78939104,optimal,-,-
26,SHP,12800,19200,3,90,2,19891327,24.00786233,23.73634267,optimal,-,-
26,weakl,12800,19200,3,90,2,19891327,17.52538828,1.294917583,optimal,27,18.48759342
26,envl,12800,19200,3,90,2,19891327,17.41928796,1.182982683,optimal,27,18.18272102
26,weakenvl,12800,19200,3,90,2,19891327,17.52290706,1.276432514,optimal,27,18.49423451
27,M_Agg,12800,19200,3,90,3,19218495,1.243044853,1.19925642,optimal,-,-
27,TPM,12800,19200,3,90,3,19218495,13.67440152,13.37159586,optimal,-,-
27,TPM_m,12800,19200,3,90,3,19218495,4.753213239,4.633792877,optimal,-,-
27,FAL,12800,19200,3,90,3,19218495,11.04414678,10.8236568,optimal,-,-
27,SHP,12800,19200,3,90,3,19218495,8.770824194,8.539264679,optimal,-,-
27,weakl,12800,19200,3,90,3,19218495,17.48515008,1.50666523,optimal,27,19.70658586
27,envl,12800,19200,3,90,3,19218495,17.09338043,1.100815296,optimal,27,19.42264089
27,weakenvl,12800,19200,3,90,3,19218495,17.31969688,1.327946901,optimal,27,19.70323125
28,M_Agg,12800,19200,3,90,4,18926903,0.991617203,0.94764781,optimal,-,-
28,TPM,12800,19200,3,90,4,18926903,9.908529043,9.585978985,optimal,-,-
28,TPM_m,12800,19200,3,90,4,18926903,4.113163621,3.998378515,optimal,-,-
28,FAL,12800,19200,3,90,4,18926903,10.14645672,9.933729649,optimal,-,-
28,SHP,12800,19200,3,90,4,18926903,5.63365221,5.408673525,optimal,-,-
28,weakl,12800,19200,3,90,4,18926903,17.01373597,1.083790541,optimal,27,20.72535202
28,envl,12800,19200,3,90,4,18926903,16.71118208,0.766680002,optimal,27,20.48301271
28,weakenvl,12800,19200,3,90,4,18926903,17.10283776,1.153473616,optimal,27,20.76485709
29,M_Agg,12800,19200,3,100,1,21983773,1.418007612,1.373823166,optimal,-,-
29,TPM,12800,19200,3,100,1,21983773,22.87102318,22.47830462,optimal,-,-
29,TPM_m,12800,19200,3,100,1,21983773,6.955174073,6.827176094,optimal,-,-
29,FAL,12800,19200,3,100,1,21983773,19.74126434,19.48070669,optimal,-,-
29,SHP,12800,19200,3,100,1,21983773,33.01464105,32.83491397,optimal,-,-
29,weakl,12800,19200,3,100,1,21983773,21.92609934,1.703236103,optimal,30,21.84265212
29,envl,12800,19200,3,100,1,21983773,21.50703362,1.270960808,optimal,30,21.6777675
29,weakenvl,12800,19200,3,100,1,21983773,22.03149632,1.785928965,optimal,30,21.88464389
30,M_Agg,12800,19200,3,100,2,20595079,1.430939913,1.373042583,optimal,-,-
30,TPM,12800,19200,3,100,2,20595079,15.34550023,14.96192288,optimal,-,-
30,TPM_m,12800,19200,3,100,2,20595079,6.779212142,6.645442724,optimal,-,-
30,FAL,12800,19200,3,100,2,20595079,12.8964076,12.60197687,optimal,-,-
30,SHP,12800,19200,3,100,2,20595079,13.88010383,13.69604802,optimal,-,-
30,weakl,12800,19200,3,100,2,20595079,22.40135805,1.319637775,optimal,30,53.21688574
30,envl,12800,19200,3,100,2,20595079,22.37896745,1.292159081,optimal,30,54.42057811
30,weakenvl,12800,19200,3,100,2,20595079,22.35889404,1.263647556,optimal,30,54.79332655
31,M_Agg,12800,19200,3,100,3,20708571,1.151022911,1.10816884,optimal,-,-
31,TPM,12800,19200,3,100,3,20708571,16.51330709,16.14055371,optimal,-,-
31,TPM_m,12800,19200,3,100,3,20708571,5.838411055,5.717189074,optimal,-,-
31,FAL,12800,19200,3,100,3,20708571,16.6100986,16.32398176,optimal,-,-
31,SHP,12800,19200,3,100,3,20708571,9.949947119,9.766120672,optimal,-,-
31,weakl,12800,19200,3,100,3,20708571,21.56021473,1.482169628,optimal,30,56.52619259
31,envl,12800,19200,3,100,3,20708571,21.33486769,1.244234562,optimal,30,57.42261921
31,weakenvl,12800,19200,3,100,3,20708571,21.56620023,1.46483779,optimal,30,58.00484823
32,M_Agg,12800,19200,3,100,4,20238883,1.430127621,1.373413324,optimal,-,-
32,TPM,12800,19200,3,100,4,20238883,22.09908295,21.73344994,optimal,-,-
32,TPM_m,12800,19200,3,100,4,20238883,6.574598878,6.441508055,optimal,-,-
32,FAL,12800,19200,3,100,4,20238883,31.88739967,31.60902405,optimal,-,-
32,SHP,12800,19200,3,100,4,20238883,61.23460317,61.05294514,optimal,-,-
32,weakl,12800,19200,3,100,4,20238883,21.48293637,1.282967567,optimal,30,61.57998626
32,envl,12800,19200,3,100,4,20238883,21.49020122,1.279699564,optimal,30,60.43362228
32,weakenvl,12800,19200,3,100,4,20238883,21.58198498,1.361266613,optimal,30,60.98872886
33,M_Agg,12800,19200,3,120,1,25205956,1.647437334,1.596693277,optimal,-,-
33,TPM,12800,19200,3,120,1,25205956,66.20822144,65.67731547,optimal,-,-
33,TPM_m,12800,19200,3,120,1,25205956,7.859521864,7.708361387,optimal,-,-
33,FAL,12800,19200,3,120,1,25205956,448.5242615,448.1487081,optimal,-,-
33,SHP,12800,19200,3,120,1,25205956,54.50316358,54.25386834,optimal,-,-
33,weakl,12800,19200,3,120,1,25205956,147.4230338,2.254649401,optimal,72,87.54487044
33,envl,12800,19200,3,120,1,25205956,152.4782761,6.558813334,optimal,72,87.04208869
33,weakenvl,12800,19200,3,120,1,25205956,153.6662269,7.694859743,optimal,72,87.58370567
34,M_Agg,12800,19200,3,120,2,24956844,2.269060612,2.213453293,optimal,-,-
34,TPM,12800,19200,3,120,2,24956844,94.51059294,93.98883033,optimal,-,-
34,TPM_m,12800,19200,3,120,2,24956844,11.20193006,11.01640344,optimal,-,-
34,FAL,12800,19200,3,120,2,24956844,99.80519295,99.4295795,optimal,-,-
34,SHP,12800,19200,3,120,2,24956844,110.0900352,109.8401661,optimal,-,-
34,weakl,12800,19200,3,120,2,24956844,35.63858546,2.674209118,optimal,36,69.46221448
34,envl,12800,19200,3,120,2,24956844,34.38713183,1.401699066,optimal,36,64.89596523
34,weakenvl,12800,19200,3,120,2,24956844,35.20498075,2.214188337,optimal,36,66.98595114
35,M_Agg,12800,19200,3,120,3,25227974,2.76300025,2.701643467,optimal,-,-
35,TPM,12800,19200,3,120,3,25227974,75.27707481,74.71760511,optimal,-,-
35,TPM_m,12800,19200,3,120,3,25227974,24.28917273,24.13697004,optimal,-,-
35,FAL,12800,19200,3,120,3,25227974,96.41519499,96.04070091,optimal,-,-
35,SHP,12800,19200,3,120,3,25227974,106.5675111,106.3233323,optimal,-,-
35,weakl,12800,19200,3,120,3,25227974,41.7753894,10.81506705,optimal,36,76.01372923
35,envl,12800,19200,3,120,3,25227974,33.37887999,2.347960711,optimal,36,70.89584007
35,weakenvl,12800,19200,3,120,3,25227974,33.50172278,2.525220871,optimal,36,72.10002627
36,M_Agg,12800,19200,3,120,4,24807449,1.251212835,1.180094719,optimal,-,-
36,TPM,12800,19200,3,120,4,24807449,25.63735342,25.07549381,optimal,-,-
36,TPM_m,12800,19200,3,120,4,24807449,7.294414652,7.15175581,optimal,-,-
36,FAL,12800,19200,3,120,4,24807449,30.73997021,30.3760066,optimal,-,-
36,SHP,12800,19200,3,120,4,24807449,68.22896886,67.98112369,optimal,-,-
36,weakl,12800,19200,3,120,4,24807449,125.3424731,2.145517111,optimal,72,79.44731437
36,envl,12800,19200,3,120,4,24807449,127.9240669,4.066110611,optimal,72,77.62785386
36,weakenvl,12800,19200,3,120,4,24807449,127.9618922,4.113696098,optimal,72,79.37035512
37,M_Agg,12800,19200,3,150,1,31069133,16.26552248,16.21159387,optimal,-,-
37,TPM,12800,19200,3,150,1,31069133,1846.645688,1845.699071,maxTimeLimit,-,-
37,TPM_m,12800,19200,3,150,1,31069133,115.916681,115.7363758,optimal,-,-
37,FAL,12800,19200,3,150,1,31069133,1810.22018,1809.64505,maxTimeLimit,-,-
37,SHP,12800,19200,3,150,1,31069133,1817.925526,1817.296195,maxTimeLimit,-,-
37,weakl,12800,19200,3,150,1,31069133,75.09240994,26.12450576,optimal,45,63.78122518
37,envl,12800,19200,3,150,1,31069133,63.89378223,14.89429736,optimal,45,69.48181812
37,weakenvl,12800,19200,3,150,1,31069133,71.27520881,22.26858902,optimal,45,64.0868117
38,M_Agg,12800,19200,3,150,2,31786074,9.652166605,9.587857962,optimal,-,-
38,TPM,12800,19200,3,150,2,31786074,1816.095543,1815.243864,maxTimeLimit,-,-
38,TPM_m,12800,19200,3,150,2,31786074,52.19285642,52.02237272,optimal,-,-
38,FAL,12800,19200,3,150,2,31786074,927.912303,927.3258495,optimal,-,-
38,SHP,12800,19200,3,150,2,31786074,599.1037929,598.7296743,optimal,-,-
38,weakl,12800,19200,3,150,2,31786074,61.84464448,12.06184959,optimal,45,90.97562141
38,envl,12800,19200,3,150,2,31786074,58.38663118,8.581412554,optimal,45,88.60398031
38,weakenvl,12800,19200,3,150,2,31786074,55.66128128,5.838286877,optimal,45,80.36212022
39,M_Agg,12800,19200,3,150,3,31124448,8.375450373,8.314751148,optimal,-,-
39,TPM,12800,19200,3,150,3,31170012,1844.199616,1843.333129,maxTimeLimit,-,-
39,TPM_m,12800,19200,3,150,3,31124448,51.7966671,51.59944367,optimal,-,-
39,FAL,12800,19200,3,150,3,31124448,1831.079228,1830.469531,maxTimeLimit,-,-
39,SHP,12800,19200,3,150,3,31124448,1676.829133,1676.314408,optimal,-,-
39,weakl,12800,19200,3,150,3,31124448,55.50972995,4.478313684,optimal,45,98.85177916
39,envl,12800,19200,3,150,3,31124448,60.30693516,9.226896763,optimal,45,129.6049926
39,weakenvl,12800,19200,3,150,3,31124448,62.58303818,11.50839067,optimal,45,103.5851291
40,M_Agg,12800,19200,3,150,4,31793774,12.24998021,12.18877697,optimal,-,-
40,TPM,12800,19200,3,150,4,31793774,1821.243425,1820.353245,maxTimeLimit,-,-
40,TPM_m,12800,19200,3,150,4,31793774,79.20923436,78.97628593,optimal,-,-
40,FAL,12800,19200,3,150,4,31793774,1802.886158,1802.277597,maxTimeLimit,-,-
40,SHP,12800,19200,3,150,4,31793774,1491.12612,1490.717245,optimal,-,-
40,weakl,12800,19200,3,150,4,31793774,62.67811635,15.0921886,optimal,45,131.9319329
40,envl,12800,19200,3,150,4,31793774,95.33992389,47.70020461,optimal,45,200.8463033
40,weakenvl,12800,19200,3,150,4,31793774,66.82771853,19.16552258,optimal,45,200.6558008
41,M_Agg,12800,19200,3,200,1,41099102,67.919312,67.83413839,optimal,-,-
41,TPM,12800,19200,3,200,1,41099102,1844.462009,1842.73341,maxTimeLimit,-,-
41,TPM_m,12800,19200,3,200,1,41099102,1807.528064,1807.278745,maxTimeLimit,-,-
41,FAL,12800,19200,3,200,1,41099102,1812.356549,1811.404918,maxTimeLimit,-,-
41,SHP,12800,19200,3,200,1,41099101.99,1815.371756,1814.497285,maxTimeLimit,-,-
41,weakl,12800,19200,3,200,1,41099102,183.8699948,119.9900723,optimal,50,144.1999612
41,envl,12800,19200,3,200,1,41099102,140.382431,76.48313093,optimal,50,201.4854888
41,weakenvl,12800,19200,3,200,1,41099102,136.3764429,72.46106648,optimal,50,207.9322667
42,M_Agg,12800,19200,3,200,2,41718912,25.81261849,25.75150943,optimal,-,-
42,TPM,12800,19200,3,200,2,41718912,1811.130269,1809.688633,maxTimeLimit,-,-
42,TPM_m,12800,19200,3,200,2,41718912,443.5977618,443.3650668,optimal,-,-
42,FAL,12800,19200,3,200,2,41728797,1810.814742,1809.821281,maxTimeLimit,-,-
42,SHP,12800,19200,3,200,2,41718911.99,1814.336928,1813.648229,maxTimeLimit,-,-
42,weakl,12800,19200,3,200,2,41718912,93.34927549,27.08105564,optimal,50,170.2113926
42,envl,12800,19200,3,200,2,41718912,222.3906802,156.0877721,optimal,50,255.8297221
42,weakenvl,12800,19200,3,200,2,41718912,148.553317,82.23132157,optimal,50,469.457316
43,M_Agg,12800,19200,3,200,3,41671560,80.51188135,80.43784046,optimal,-,-
43,TPM,12800,19200,3,200,3,41671560,1833.087857,1831.667516,maxTimeLimit,-,-
43,TPM_m,12800,19200,3,200,3,41671560,1812.308855,1811.788477,maxTimeLimit,-,-
43,FAL,12800,19200,3,200,3,41674731,1819.820107,1818.755502,maxTimeLimit,-,-
43,SHP,12800,19200,3,200,3,41674730.99,1813.152003,1812.264892,maxTimeLimit,-,-
43,weakl,12800,19200,3,200,3,41671560,187.8303448,123.7501757,optimal,50,603.1595872
43,envl,12800,19200,3,200,3,41671560,345.2721781,281.1641848,optimal,50,660.570166
43,weakenvl,12800,19200,3,200,3,41671560,450.8657249,386.7405472,optimal,50,891.7367849
44,M_Agg,12800,19200,3,200,4,42657913,22.05755997,21.99735141,optimal,-,-
44,TPM,12800,19200,3,200,4,42657913,1832.748924,1831.293216,maxTimeLimit,-,-
44,TPM_m,12800,19200,3,200,4,42657913,208.888182,208.6545823,optimal,-,-
44,FAL,12800,19200,3,200,4,42684119,1810.304033,1809.267397,maxTimeLimit,-,-
44,SHP,12800,19200,3,200,4,42684119,1814.404913,1813.759696,maxTimeLimit,-,-
44,weakl,12800,19200,3,200,4,42657913,111.7502296,53.55677938,optimal,50,1013.78618
44,envl,12800,19200,3,200,4,42657913,97.8966658,39.67185354,optimal,50,1034.449244
44,weakenvl,12800,19200,3,200,4,42657913,95.93358206,37.6906693,optimal,50,1236.918021
45,M_Agg,12800,19200,3,300,1,62930649,642.8440847,642.7680395,optimal,-,-
45,TPM,12800,19200,3,300,1,62948944,1838.123856,1834.868456,maxTimeLimit,-,-
45,TPM_m,12800,19200,3,300,1,62950153,1810.861846,1810.495966,maxTimeLimit,-,-
45,FAL,12800,19200,3,300,1,62961680,1803.895774,1801.519072,maxTimeLimit,-,-
45,SHP,12800,19200,3,300,1,62930649,1809.187504,1807.821417,maxTimeLimit,-,-
45,weakl,12800,19200,3,300,1,62930649,287.9157205,222.5700238,optimal,50,1149.69862
45,envl,12800,19200,3,300,1,62930649,357.7593642,292.3399687,optimal,50,1059.112194
45,weakenvl,12800,19200,3,300,1,62930649,1182.47664,1117.038633,optimal,50,1260.241129
46,M_Agg,12800,19200,3,300,2,63149861,1834.55284,1834.459136,maxTimeLimit,-,-
46,TPM,12800,19200,3,300,2,63188222,1904.831782,1901.533146,maxTimeLimit,-,-
46,TPM_m,12800,19200,3,300,2,63160342,1816.398684,1816.05683,maxTimeLimit,-,-
46,FAL,12800,19200,3,300,2,63164598,1883.568823,1881.242469,maxTimeLimit,-,-
46,SHP,12800,19200,3,300,2,63143357,1810.165812,1808.713348,maxTimeLimit,-,-
46,weakl,12800,19200,3,300,2,63149861,1825.142054,1765.205775,maxTimeLimit,50,1534.023702
46,envl,12800,19200,3,300,2,63807141,1841.352456,1781.381376,maxTimeLimit,50,1424.222546
46,weakenvl,12800,19200,3,300,2,63828382,1837.671193,1777.705661,maxTimeLimit,50,1420.289866
47,M_Agg,12800,19200,3,300,3,61162261,1813.087989,1812.999786,maxTimeLimit,-,-
47,TPM,12800,19200,3,300,3,61205535,1837.356047,1834.036478,maxTimeLimit,-,-
47,TPM_m,12800,19200,3,300,3,61162261,1810.523749,1810.176959,maxTimeLimit,-,-
47,FAL,12800,19200,3,300,3,61206807,1808.120875,1805.560941,maxTimeLimit,-,-
47,SHP,12800,19200,3,300,3,61190934,1811.375802,1809.894997,maxTimeLimit,-,-
47,weakl,12800,19200,3,300,3,61162261,1830.336718,1768.004083,maxTimeLimit,50,1536.020472
47,envl,12800,19200,3,300,3,61892418.95,1840.788492,1778.383205,maxTimeLimit,50,1422.385759
47,weakenvl,12800,19200,3,300,3,61892418.95,1831.590668,1769.11249,maxTimeLimit,50,1423.841134
48,M_Agg,12800,19200,3,300,4,62771959,1808.115492,1808.038611,maxTimeLimit,-,-
48,TPM,12800,19200,3,300,4,62771959,1872.868224,1869.374777,maxTimeLimit,-,-
48,TPM_m,12800,19200,3,300,4,62840544,1811.274914,1810.906928,maxTimeLimit,-,-
48,FAL,12800,19200,3,300,4,62838637,1876.642982,1874.367789,maxTimeLimit,-,-
48,SHP,12800,19200,3,300,4,62771959,1811.832058,1810.065438,maxTimeLimit,-,-
48,weakl,12800,19200,3,300,4,62771959,655.3999861,594.3273938,optimal,50,1540.054981
48,envl,12800,19200,3,300,4,62771959,196.5484632,135.4209249,optimal,50,1420.765724
48,weakenvl,12800,19200,3,300,4,62771959,189.2260161,128.0960569,optimal,50,1423.333634
49,M_Agg,12800,19200,3,500,1,103675125,1816.923473,1816.81555,maxTimeLimit,-,-
49,TPM,12800,19200,3,500,1,103789583,1855.446462,1842.323581,maxTimeLimit,-,-
49,TPM_m,12800,19200,3,500,1,103836452,1884.097245,1883.486699,maxTimeLimit,-,-
49,FAL,12800,19200,3,500,1,103922467,1852.101621,1845.345713,maxTimeLimit,-,-
49,SHP,12800,19200,3,500,1,104013866,1837.381986,1833.11173,maxTimeLimit,-,-
49,weakl,12800,19200,3,500,1,103676375,1825.21605,1762.231102,maxTimeLimit,50,1837.823672
49,envl,12800,19200,3,500,1,104454620,1818.200773,1755.1765,maxTimeLimit,50,1830.205696
49,weakenvl,12800,19200,3,500,1,104480315,1822.671589,1759.541144,maxTimeLimit,50,1833.417298
50,M_Agg,12800,19200,3,500,2,105045291,1827.6543,1827.54052,maxTimeLimit,-,-
50,TPM,12800,19200,3,500,2,105236366,1848.275045,1838.225731,maxTimeLimit,-,-
50,TPM_m,12800,19200,3,500,2,105061225,1812.702992,1812.021235,maxTimeLimit,-,-
50,FAL,12800,19200,3,500,2,105288408,1846.023237,1838.033324,maxTimeLimit,-,-
50,SHP,12800,19200,3,500,2,105392878,1836.807311,1832.783595,maxTimeLimit,-,-
50,weakl,12800,19200,3,500,2,105050126,1833.129135,1771.28263,maxTimeLimit,50,1418.425457
50,envl,12800,19200,3,500,2,105321134,1834.005307,1772.109235,maxTimeLimit,50,1412.528191
50,weakenvl,12800,19200,3,500,2,105299926,1851.876262,1789.988645,maxTimeLimit,50,1414.798072
51,M_Agg,12800,19200,3,500,3,105130679,1823.92985,1823.802248,maxTimeLimit,-,-
51,TPM,12800,19200,3,500,3,105327267,1847.816104,1838.206471,maxTimeLimit,-,-
51,TPM_m,12800,19200,3,500,3,105229869,1879.841634,1879.24915,maxTimeLimit,-,-
51,FAL,12800,19200,3,500,3,105442715,1844.728379,1838.37762,maxTimeLimit,-,-
51,SHP,12800,19200,3,500,3,105540877,1833.035949,1829.025594,maxTimeLimit,-,-
51,weakl,12800,19200,3,500,3,105088178,1846.474751,1786.857969,maxTimeLimit,50,993.8777737
51,envl,12800,19200,3,500,3,105606951,1834.308352,1774.651545,maxTimeLimit,50,987.7269464
51,weakenvl,12800,19200,3,500,3,105716268,1829.56067,1769.892439,maxTimeLimit,50,985.7748992
52,M_Agg,12800,19200,3,500,4,104135772,1850.598967,1850.475561,maxTimeLimit,-,-
52,TPM,12800,19200,3,500,4,105327267,1847.816104,1838.206471,maxTimeLimit,-,-
52,TPM_m,12800,19200,3,500,4,105229869,1879.841634,1879.24915,maxTimeLimit,-,-
52,FAL,12800,19200,3,500,4,105442715,1844.728379,1838.37762,maxTimeLimit,-,-
52,SHP,12800,19200,3,500,4,105540877,1833.035949,1829.025594,maxTimeLimit,-,-
52,weakl,12800,19200,3,500,4,105088178,1846.474751,1786.857969,maxTimeLimit,50,566.3227683
52,envl,12800,19200,3,500,4,105606951,1834.308352,1774.651545,maxTimeLimit,50,563.1223209
52,weakenvl,12800,19200,3,500,4,105716268,1829.56067,1769.892439,maxTimeLimit,50,562.5547276
53,M_Agg,12800,19200,5,90,1,13332620,1.538233519,1.432836294,optimal,-,-
53,TPM,12800,19200,5,90,1,13332620,14.90406322,14.56159401,optimal,-,-
53,TPM_m,12800,19200,5,90,1,13332620,5.664744422,5.452661514,optimal,-,-
53,FAL,12800,19200,5,90,1,13332620,18.28529906,18.04494739,optimal,-,-
53,SHP,12800,19200,5,90,1,13332620,7.694889545,7.447851419,optimal,-,-
53,weakl,12800,19200,5,90,1,13332620,147.6231905,1.860366583,optimal,54,136.839444
53,envl,12800,19200,5,90,1,13332620,147.4907533,1.676905632,optimal,54,136.7066321
53,weakenvl,12800,19200,5,90,1,13332620,148.1946849,2.312711239,optimal,54,137.4087923
54,M_Agg,12800,19200,5,90,2,13023602,1.618606329,1.450156689,optimal,-,-
54,TPM,12800,19200,5,90,2,13023602,12.92127252,12.59344172,optimal,-,-
54,TPM_m,12800,19200,5,90,2,13023602,6.021576536,5.886664391,optimal,-,-
54,FAL,12800,19200,5,90,2,13023602,12.89914489,12.63138986,optimal,-,-
54,SHP,12800,19200,5,90,2,13023602,6.823888302,6.616263866,optimal,-,-
54,weakl,12800,19200,5,90,2,13023602,134.9384013,1.682682276,optimal,54,142.9929447
54,envl,12800,19200,5,90,2,13023602,134.8003293,1.436542273,optimal,54,142.4856001
54,weakenvl,12800,19200,5,90,2,13023602,135.7835722,2.416931868,optimal,54,143.1509668
55,M_Agg,12800,19200,5,90,3,12974297,1.331087112,1.242678165,optimal,-,-
55,TPM,12800,19200,5,90,3,12974297,13.81146479,13.46443701,optimal,-,-
55,TPM_m,12800,19200,5,90,3,12974297,4.527203488,4.390383244,optimal,-,-
55,FAL,12800,19200,5,90,3,12974297,15.08460903,14.85963249,optimal,-,-
55,SHP,12800,19200,5,90,3,12974297,9.169125319,8.999353647,optimal,-,-
55,weakl,12800,19200,5,90,3,12974297,136.2547301,1.769262791,optimal,54,150.9194234
55,envl,12800,19200,5,90,3,12974297,135.8898496,1.459278584,optimal,54,152.0895208
55,weakenvl,12800,19200,5,90,3,12974297,136.6799833,2.198781729,optimal,54,151.2206132
56,M_Agg,12800,19200,5,90,4,12858600,1.430263042,1.355749846,optimal,-,-
56,TPM,12800,19200,5,90,4,12858600,15.94262886,15.6256969,optimal,-,-
56,TPM_m,12800,19200,5,90,4,12858600,6.574306503,6.439263582,optimal,-,-
56,FAL,12800,19200,5,90,4,12858600,18.83174205,18.61041021,optimal,-,-
56,SHP,12800,19200,5,90,4,12858600,11.59045887,11.40637898,optimal,-,-
56,weakl,12800,19200,5,90,4,12858600,128.5414541,1.485733032,optimal,54,163.3409753
56,envl,12800,19200,5,90,4,12858600,128.6455963,1.554916382,optimal,54,164.8848191
56,weakenvl,12800,19200,5,90,4,12858600,128.9769288,1.870588779,optimal,54,164.0768594
57,M_Agg,12800,19200,5,100,1,14111563,1.91903758,1.860072136,optimal,-,-
57,TPM,12800,19200,5,100,1,14111563,38.97603798,38.54823065,optimal,-,-
57,TPM_m,12800,19200,5,100,1,14111563,9.492599322,9.359617949,optimal,-,-
57,FAL,12800,19200,5,100,1,14111563,100.0829022,99.76947284,optimal,-,-
57,SHP,12800,19200,5,100,1,14111563,54.72317696,54.5358417,optimal,-,-
57,weakl,12800,19200,5,100,1,14111563,172.2371931,3.072335243,optimal,60,172.3568429
57,envl,12800,19200,5,100,1,14111563,170.6066251,1.22837925,optimal,60,174.0891889
57,weakenvl,12800,19200,5,100,1,14111563,171.163383,1.781284571,optimal,60,173.5430384
58,M_Agg,12800,19200,5,100,2,14145228,1.588084459,1.529678106,optimal,-,-
58,TPM,12800,19200,5,100,2,14145228,34.10321736,33.72292852,optimal,-,-
58,TPM_m,12800,19200,5,100,2,14145228,7.458631835,7.31917429,optimal,-,-
58,FAL,12800,19200,5,100,2,14145228,19.49044538,19.20156813,optimal,-,-
58,SHP,12800,19200,5,100,2,14145228,14.29372644,13.85355115,optimal,-,-
58,weakl,12800,19200,5,100,2,14145228,166.6443163,1.975730658,optimal,60,186.8824616
58,envl,12800,19200,5,100,2,14145228,173.2160121,8.493690968,optimal,60,189.3174278
58,weakenvl,12800,19200,5,100,2,14145228,168.0621578,3.339291811,optimal,60,188.989198
59,M_Agg,12800,19200,5,100,3,14387700,1.453289986,1.377340078,optimal,-,-
59,TPM,12800,19200,5,100,3,14387700,15.83724165,15.41232157,optimal,-,-
59,TPM_m,12800,19200,5,100,3,14387700,5.658326407,5.507502317,optimal,-,-
59,FAL,12800,19200,5,100,3,14387700,15.31931424,15.04050708,optimal,-,-
59,SHP,12800,19200,5,100,3,14387700,6.535236359,6.343241692,optimal,-,-
59,weakl,12800,19200,5,100,3,14387700,185.9409375,1.336140871,optimal,60,210.3972332
59,envl,12800,19200,5,100,3,14387700,187.0710427,2.208445549,optimal,60,211.6018139
59,weakenvl,12800,19200,5,100,3,14387700,188.104968,3.140298367,optimal,60,212.6121053
60,M_Agg,12800,19200,5,100,4,14326769,2.798716784,2.740784168,optimal,-,-
60,TPM,12800,19200,5,100,4,14326769,21.27147079,20.61287355,optimal,-,-
60,TPM_m,12800,19200,5,100,4,14326769,10.59351187,10.44053912,optimal,-,-
60,FAL,12800,19200,5,100,4,14326769,69.38402104,69.07862496,optimal,-,-
60,SHP,12800,19200,5,100,4,14326769,14.14485097,13.91321802,optimal,-,-
60,weakl,12800,19200,5,100,4,14326769,164.6049247,1.747203827,optimal,60,224.9553161
60,envl,12800,19200,5,100,4,14326769,165.4630759,2.417646646,optimal,60,226.0719866
60,weakenvl,12800,19200,5,100,4,14326769,166.8416448,3.698356867,optimal,60,227.0277779
61,M_Agg,12800,19200,5,120,1,16958760,1.72764802,1.660335064,optimal,-,-
61,TPM,12800,19200,5,120,1,16958760,35.97652817,35.44924951,optimal,-,-
61,TPM_m,12800,19200,5,120,1,16958760,8.630058847,8.467516422,optimal,-,-
61,FAL,12800,19200,5,120,1,16958760,179.6885474,179.2078226,optimal,-,-
61,SHP,12800,19200,5,120,1,16958760,23.92305827,23.64340258,optimal,-,-
61,weakl,12800,19200,5,120,1,16958760,230.3396678,2.657016277,optimal,72,248.8815532
61,envl,12800,19200,5,120,1,16958760,231.5195803,3.644861221,optimal,72,252.7231722
61,weakenvl,12800,19200,5,120,1,16958760,232.9480216,5.039556026,optimal,72,257.5824469
62,M_Agg,12800,19200,5,120,2,17092389,1.737158775,1.66593504,optimal,-,-
62,TPM,12800,19200,5,120,2,17092389,29.90087724,29.35590649,optimal,-,-
62,TPM_m,12800,19200,5,120,2,17092389,8.635182055,8.426738501,optimal,-,-
62,FAL,12800,19200,5,120,2,17092389,37.42694116,37.02209425,optimal,-,-
62,SHP,12800,19200,5,120,2,17092389,50.88715529,50.44045901,optimal,-,-
62,weakl,12800,19200,5,120,2,17092389,260.7034027,2.594495535,optimal,72,269.2798578
62,envl,12800,19200,5,120,2,17092389,262.3535568,3.748715162,optimal,72,271.542968
62,weakenvl,12800,19200,5,120,2,17092389,262.553787,3.957718372,optimal,72,276.5607954
63,M_Agg,12800,19200,5,120,3,17332406,2.410310507,2.349725723,optimal,-,-
63,TPM,12800,19200,5,120,3,17332406,44.91399097,44.3823669,optimal,-,-
63,TPM_m,12800,19200,5,120,3,17332406,10.46373921,10.30285263,optimal,-,-
63,FAL,12800,19200,5,120,3,17332406,208.9692032,208.3460319,optimal,-,-
63,SHP,12800,19200,5,120,3,17332406,115.7224002,115.2904286,optimal,-,-
63,weakl,12800,19200,5,120,3,17332406,244.1732693,4.124207973,optimal,72,280.7336711
63,envl,12800,19200,5,120,3,17332406,244.9517332,4.496334314,optimal,72,289.108369
63,weakenvl,12800,19200,5,120,3,17332406,245.7676583,5.267501831,optimal,72,291.7049958
64,M_Agg,12800,19200,5,120,4,16889987,2.591315985,2.526195526,optimal,-,-
64,TPM,12800,19200,5,120,4,16889987,202.3775094,201.786751,optimal,-,-
64,TPM_m,12800,19200,5,120,4,16889987,91.42729783,91.21141267,optimal,-,-
64,FAL,12800,19200,5,120,4,16889987,1875.405995,1875.000639,maxTimeLimit,-,-
64,SHP,12800,19200,5,120,4,16889987,1820.944645,1820.675645,maxTimeLimit,-,-
64,weakl,12800,19200,5,120,4,16889987,260.3098729,3.622715712,optimal,72,296.1145756
64,envl,12800,19200,5,120,4,16889987,272.0678185,14.99332404,optimal,72,306.7950133
64,weakenvl,12800,19200,5,120,4,16889987,289.0603209,32.0327909,optimal,72,308.9541405
65,M_Agg,12800,19200,5,150,1,20968713,8.671707153,8.596724033,optimal,-,-
65,TPM,12800,19200,5,150,1,20968713,1813.61755,1812.778323,maxTimeLimit,-,-
65,TPM_m,12800,19200,5,150,1,20968713,93.04910998,92.83327413,optimal,-,-
65,FAL,12800,19200,5,150,1,20968713,1815.573011,1814.95505,maxTimeLimit,-,-
65,SHP,12800,19200,5,150,1,20968713,1283.330707,1282.878503,optimal,-,-
65,weakl,12800,19200,5,150,1,20968713,311.9328862,11.56554985,optimal,52,315.0573561
65,envl,12800,19200,5,150,1,20968713,306.7987636,5.221728802,optimal,52,360.3817871
65,weakenvl,12800,19200,5,150,1,20968713,308.8614154,7.239147902,optimal,52,413.2376339
66,M_Agg,12800,19200,5,150,2,21025698,5.224289417,5.156584263,optimal,-,-
66,TPM,12800,19200,5,150,2,21025698,796.1610506,795.2606986,optimal,-,-
66,TPM_m,12800,19200,5,150,2,21025698,71.84922092,71.6407392,optimal,-,-
66,FAL,12800,19200,5,150,2,21025698,372.1855717,371.5513086,optimal,-,-
66,SHP,12800,19200,5,150,2,21025698,420.4934537,420.0995955,optimal,-,-
66,weakl,12800,19200,5,150,2,21025698,306.518656,3.706847191,optimal,51,318.2922143
66,envl,12800,19200,5,150,2,21025698,332.6151607,28.11343622,optimal,51,390.9543995
66,weakenvl,12800,19200,5,150,2,21025698,323.1305885,18.6072638,optimal,51,442.400035
67,M_Agg,12800,19200,5,150,3,20789206,2.381324053,2.317429304,optimal,-,-
67,TPM,12800,19200,5,150,3,20789206,95.98073101,95.1104126,optimal,-,-
67,TPM_m,12800,19200,5,150,3,20789206,13.62626586,13.43864751,optimal,-,-
67,FAL,12800,19200,5,150,3,20789206,413.4731822,412.8597062,optimal,-,-
67,SHP,12800,19200,5,150,3,20789206,320.6009123,320.198278,optimal,-,-
67,weakl,12800,19200,5,150,3,20789206,305.6968874,2.978336334,optimal,47,338.6582512
67,envl,12800,19200,5,150,3,20789206,315.6983105,11.13208985,optimal,47,759.3483753
67,weakenvl,12800,19200,5,150,3,20789206,314.7642373,10.26044154,optimal,47,731.9875703
68,M_Agg,12800,19200,5,150,4,21446945,26.86471581,26.79347062,optimal,-,-
68,TPM,12800,19200,5,150,4,21493162,1861.021198,1859.90854,maxTimeLimit,-,-
68,TPM_m,12800,19200,5,150,4,21446945,164.1017763,163.8871188,optimal,-,-
68,FAL,12800,19200,5,150,4,21446945,1811.814201,1811.19224,maxTimeLimit,-,-
68,SHP,12800,19200,5,150,4,21446945,1821.974899,1821.389484,maxTimeLimit,-,-
68,weakl,12800,19200,5,150,4,21446945,336.080995,34.06554008,optimal,50,342.8666087
68,envl,12800,19200,5,150,4,21446945,486.4149135,182.6857171,optimal,50,788.337995
68,weakenvl,12800,19200,5,150,4,21446945,706.1942943,402.4079235,optimal,50,764.9922497
69,M_Agg,12800,19200,5,200,1,28517756,16.599581,16.52507663,optimal,-,-
69,TPM,12800,19200,5,200,1,28517756,1822.000792,1820.309849,maxTimeLimit,-,-
69,TPM_m,12800,19200,5,200,1,28517756,513.6187762,513.3411026,optimal,-,-
69,FAL,12800,19200,5,200,1,28517756,1808.911622,1807.657923,maxTimeLimit,-,-
69,SHP,12800,19200,5,200,1,28517756,1820.440203,1819.519924,maxTimeLimit,-,-
69,weakl,12800,19200,5,200,1,28517756,324.8723188,20.08402896,optimal,38,344.6506602
69,envl,12800,19200,5,200,1,28517756,429.0892134,121.0071123,optimal,38,767.210203
69,weakenvl,12800,19200,5,200,1,28517756,425.51102,117.5056031,optimal,38,678.089609
70,M_Agg,12800,19200,5,200,2,28938739,78.15935636,78.08081675,optimal,-,-
70,TPM,12800,19200,5,200,2,28939297,1834.518584,1832.861952,maxTimeLimit,-,-
70,TPM_m,12800,19200,5,200,2,28938739,838.4780743,838.1156912,optimal,-,-
70,FAL,12800,19200,5,200,2,28947369,1838.688017,1837.414275,maxTimeLimit,-,-
70,SHP,12800,19200,5,200,2,28938739,1820.738153,1820.025948,maxTimeLimit,-,-
70,weakl,12800,19200,5,200,2,28938739,387.9828037,82.2828126,optimal,40,723.0425336
70,envl,12800,19200,5,200,2,30318738.86,1806.191064,1496.376837,maxTimeLimit,40,1118.123948
70,weakenvl,12800,19200,5,200,2,28938739,1481.480729,1171.700937,optimal,40,1027.189672
71,M_Agg,12800,19200,5,200,3,28588613,21.14610934,21.06446457,optimal,-,-
71,TPM,12800,19200,5,200,3,28588613,1841.352217,1839.814959,maxTimeLimit,-,-
71,TPM_m,12800,19200,5,200,3,28588613,191.3901214,191.1084282,optimal,-,-
71,FAL,12800,19200,5,200,3,28590374,1811.67814,1810.485971,maxTimeLimit,-,-
71,SHP,12800,19200,5,200,3,28590374,1819.59094,1818.938047,maxTimeLimit,-,-
71,weakl,12800,19200,5,200,3,28588613,322.5303174,14.03750777,optimal,34,908.0586715
71,envl,12800,19200,5,200,3,29088682,431.6567892,120.1149991,optimal,34,1119.68844
71,weakenvl,12800,19200,5,200,3,29088682,446.782955,135.182436,optimal,34,1109.841924
72,M_Agg,12800,19200,5,200,4,28483359,47.34180403,47.26607466,optimal,-,-
72,TPM,12800,19200,5,200,4,28483359,1812.747349,1811.266232,maxTimeLimit,-,-
72,TPM_m,12800,19200,5,200,4,28483359,794.4579812,794.1664088,optimal,-,-
72,FAL,12800,19200,5,200,4,28483359,1812.259785,1811.186968,maxTimeLimit,-,-
72,SHP,12800,19200,5,200,4,28483359,1822.127892,1821.418817,maxTimeLimit,-,-
72,weakl,12800,19200,5,200,4,28483359,343.2172009,42.23019481,optimal,38,1287.267087
72,envl,12800,19200,5,200,4,28483359,401.9037458,97.24130893,optimal,38,1466.645631
72,weakenvl,12800,19200,5,200,4,28483359,358.5837313,54.03276467,optimal,38,1452.996068
73,M_Agg,12800,19200,5,300,1,42263424,1829.204721,1829.11012,maxTimeLimit,-,-
73,TPM,12800,19200,5,300,1,42263424,1838.705737,1835.332535,maxTimeLimit,-,-
73,TPM_m,12800,19200,5,300,1,42263424,1811.089919,1810.682164,maxTimeLimit,-,-
73,FAL,12800,19200,5,300,1,42336276,1871.946522,1869.219733,maxTimeLimit,-,-
73,SHP,12800,19200,5,300,1,42263424,1815.052043,1813.508252,maxTimeLimit,-,-
73,weakl,12800,19200,5,300,1,42263424,1838.439812,1537.643612,maxTimeLimit,35,1655.580896
73,envl,12800,19200,5,300,1,46072034.15,1832.744193,1527.669673,maxTimeLimit,35,1821.373596
73,weakenvl,12800,19200,5,300,1,46033367.15,1821.91127,1516.6576,maxTimeLimit,35,1818.606816
74,M_Agg,12800,19200,5,300,2,42598950,1811.120234,1811.024652,maxTimeLimit,-,-
74,TPM,12800,19200,5,300,2,42652327,1859.113642,1855.550033,maxTimeLimit,-,-
74,TPM_m,12800,19200,5,300,2,42712210,1807.913553,1807.522834,maxTimeLimit,-,-
74,FAL,12800,19200,5,300,2,42712729,1819.10835,1816.595099,maxTimeLimit,-,-
74,SHP,12800,19200,5,300,2,42654146,1814.564763,1812.567425,maxTimeLimit,-,-
74,weakl,12800,19200,5,300,2,42598950,1128.047355,808.147109,optimal,35,#REF!
74,envl,12800,19200,5,300,2,44462428.67,1812.449033,1488.250775,maxTimeLimit,35,#REF!
74,weakenvl,12800,19200,5,300,2,44464645.59,1812.08974,1487.741997,maxTimeLimit,35,#REF!
75,M_Agg,12800,19200,5,300,3,42212792,1830.210789,1830.119319,maxTimeLimit,-,-
75,TPM,12800,19200,5,300,3,42218597,1859.736223,1856.338745,maxTimeLimit,-,-
75,TPM_m,12800,19200,5,300,3,42132689,1811.2976,1810.87486,maxTimeLimit,-,-
75,FAL,12800,19200,5,300,3,42198077,1883.721459,1881.177267,maxTimeLimit,-,-
75,SHP,12800,19200,5,300,3,42132689,1814.474041,1812.423935,maxTimeLimit,-,-
75,weakl,12800,19200,5,300,3,42185562,1839.36398,1528.109825,maxTimeLimit,34,#REF!
75,envl,12800,19200,5,300,3,43476759.53,1819.48555,1503.167436,maxTimeLimit,34,#REF!
75,weakenvl,12800,19200,5,300,3,43472888.53,1819.39953,1503.197348,maxTimeLimit,34,#REF!
76,M_Agg,12800,19200,5,300,4,42726284,1837.844962,1837.725078,maxTimeLimit,-,-
76,TPM,12800,19200,5,300,4,42730835,1846.454631,1842.639136,maxTimeLimit,-,-
76,TPM_m,12800,19200,5,300,4,42735484,1809.505835,1809.04226,maxTimeLimit,-,-
76,FAL,12800,19200,5,300,4,42726284,1843.216729,1840.852424,maxTimeLimit,-,-
76,SHP,12800,19200,5,300,4,42730835,1815.239116,1813.742192,maxTimeLimit,-,-
76,weakl,12800,19200,5,300,4,42730835,1816.472437,1503.886555,maxTimeLimit,35,#REF!
76,envl,12800,19200,5,300,4,49823990,1820.815609,1503.627625,maxTimeLimit,35,#REF!
76,weakenvl,12800,19200,5,300,4,49823990,1821.026723,1504.100383,maxTimeLimit,35,#REF!
77,M_Agg,12800,19200,8,90,1,9946228,2.737586737,2.51275754,optimal,-,-
77,TPM,12800,19200,8,90,1,9946228,7.377924681,7.054035664,optimal,-,-
77,TPM_m,12800,19200,8,90,1,9946228,3.03487328,2.896389246,optimal,-,-
77,FAL,12800,19200,8,90,1,9946228,11.29331112,11.07178116,optimal,-,-
77,SHP,12800,19200,8,90,1,9946228,4.927510977,4.76407814,optimal,-,-
77,weakl,12800,19200,8,90,1,9946228,228.2821793,1.77238059,optimal,54,223.6718751
77,envl,12800,19200,8,90,1,9946228,227.7925214,1.220587969,optimal,54,223.333188
77,weakenvl,12800,19200,8,90,1,9946228,228.34611,1.756208897,optimal,54,223.6953269
78,M_Agg,12800,19200,8,90,2,9791618,1.387996435,1.337074518,optimal,-,-
78,TPM,12800,19200,8,90,2,9791618,5.01791811,4.694544792,optimal,-,-
78,TPM_m,12800,19200,8,90,2,9791618,2.461621817,2.311877966,optimal,-,-
78,FAL,12800,19200,8,90,2,9791618,4.907914162,4.682326317,optimal,-,-
78,SHP,12800,19200,8,90,2,9791618,3.08480835,2.930513859,optimal,-,-
78,weakl,12800,19200,8,90,2,9791618,227.7232913,1.540231228,optimal,54,232.0053356
78,envl,12800,19200,8,90,2,9791618,226.9959,0.747936249,optimal,54,231.8913201
78,weakenvl,12800,19200,8,90,2,9791618,227.252209,1.013380527,optimal,54,232.2940486
79,M_Agg,12800,19200,8,90,3,9758398,1.308427811,1.218169212,optimal,-,-
79,TPM,12800,19200,8,90,3,9758398,5.171213627,4.849314928,optimal,-,-
79,TPM_m,12800,19200,8,90,3,9758398,2.463977159,2.310108185,optimal,-,-
79,FAL,12800,19200,8,90,3,9758398,4.570262671,4.313669205,optimal,-,-
79,SHP,12800,19200,8,90,3,9758398,3.255815744,3.080858231,optimal,-,-
79,weakl,12800,19200,8,90,3,9758398,225.7699463,1.140167952,optimal,54,244.946854
79,envl,12800,19200,8,90,3,9758398,225.4647874,0.786158085,optimal,54,245.0839239
79,weakenvl,12800,19200,8,90,3,9758398,225.9213325,1.219698906,optimal,54,245.5791268
80,M_Agg,12800,19200,8,90,4,9649299,0.636101723,0.572781801,optimal,-,-
80,TPM,12800,19200,8,90,4,9649299,3.651226759,3.303207874,optimal,-,-
80,TPM_m,12800,19200,8,90,4,9649299,2.031488094,1.873636007,optimal,-,-
80,FAL,12800,19200,8,90,4,9649299,3.595817089,3.348362923,optimal,-,-
80,SHP,12800,19200,8,90,4,9649299,2.895077467,2.603271484,optimal,-,-
80,weakl,12800,19200,8,90,4,9649299,212.9120837,0.683990002,optimal,54,261.9682953
80,envl,12800,19200,8,90,4,9649299,213.0795432,0.806977987,optimal,54,262.1212225
80,weakenvl,12800,19200,8,90,4,9649299,213.2616559,0.975130796,optimal,54,262.6853754
81,M_Agg,12800,19200,8,100,1,11261535,1.724894524,1.663865328,optimal,-,-
81,TPM,12800,19200,8,100,1,11261535,15.85041785,15.46097612,optimal,-,-
81,TPM_m,12800,19200,8,100,1,11261535,4.734021382,4.575754881,optimal,-,-
81,FAL,12800,19200,8,100,1,11261535,17.03733516,16.7391715,optimal,-,-
81,SHP,12800,19200,8,100,1,11261535,8.038776159,7.846446753,optimal,-,-
81,weakl,12800,19200,8,100,1,11261535,261.616021,1.981078625,optimal,60,279.7060949
81,envl,12800,19200,8,100,1,11261535,262.0250498,2.322791576,optimal,60,279.9918755
81,weakenvl,12800,19200,8,100,1,11261535,262.7409969,3.035926104,optimal,60,280.6895136
82,M_Agg,12800,19200,8,100,2,11178261,1.521258593,1.460533142,optimal,-,-
82,TPM,12800,19200,8,100,2,11178261,19.68964815,19.29902577,optimal,-,-
82,TPM_m,12800,19200,8,100,2,11178261,5.611222001,5.44367981,optimal,-,-
82,FAL,12800,19200,8,100,2,11178261,14.5364387,14.23874497,optimal,-,-
82,SHP,12800,19200,8,100,2,11178261,7.755181789,7.563966274,optimal,-,-
82,weakl,12800,19200,8,100,2,11178261,279.4893648,2.237959146,optimal,60,290.5964215
82,envl,12800,19200,8,100,2,11178261,279.7663152,2.44535923,optimal,60,290.8145335
82,weakenvl,12800,19200,8,100,2,11178261,280.3925218,3.059185266,optimal,60,291.4168974
83,M_Agg,12800,19200,8,100,3,11084551,1.810618162,1.749041319,optimal,-,-
83,TPM,12800,19200,8,100,3,11084551,8.028510571,7.643615007,optimal,-,-
83,TPM_m,12800,19200,8,100,3,11084551,4.186840565,4.007484198,optimal,-,-
83,FAL,12800,19200,8,100,3,11084551,7.543874025,7.277342081,optimal,-,-
83,SHP,12800,19200,8,100,3,11084551,7.659437656,7.339398623,optimal,-,-
83,weakl,12800,19200,8,100,3,11084551,293.8557115,2.097878695,optimal,60,296.3379787
83,envl,12800,19200,8,100,3,11084551,293.613982,1.786208153,optimal,60,296.3629833
83,weakenvl,12800,19200,8,100,3,11084551,294.3463271,2.506200552,optimal,60,296.8883016
84,M_Agg,12800,19200,8,100,4,11086220,1.40993309,1.339663267,optimal,-,-
84,TPM,12800,19200,8,100,4,11086220,5.540693998,5.133070707,optimal,-,-
84,TPM_m,12800,19200,8,100,4,11086220,2.8795408,2.727455378,optimal,-,-
84,FAL,12800,19200,8,100,4,11086220,6.185431242,5.902871847,optimal,-,-
84,SHP,12800,19200,8,100,4,11086220,3.729316235,3.53883028,optimal,-,-
84,weakl,12800,19200,8,100,4,11086220,283.8632823,1.570181131,optimal,60,299.2126449
84,envl,12800,19200,8,100,4,11086220,284.5621551,2.212792397,optimal,60,299.4569048
84,weakenvl,12800,19200,8,100,4,11086220,285.2782086,2.909798622,optimal,60,299.8602058
85,M_Agg,12800,19200,8,120,1,12988317,1.841630697,1.745121241,optimal,-,-
85,TPM,12800,19200,8,120,1,12988317,11.94291568,11.39403415,optimal,-,-
85,TPM_m,12800,19200,8,120,1,12988317,3.707234141,3.5300529,optimal,-,-
85,FAL,12800,19200,8,120,1,12988317,17.50844812,17.08437157,optimal,-,-
85,SHP,12800,19200,8,120,1,12988317,10.39397788,10.15644121,optimal,-,-
85,weakl,12800,19200,8,120,1,12988317,305.1773274,1.623687744,optimal,34,305.006819
85,envl,12800,19200,8,120,1,12988317,305.3156817,1.538315058,optimal,34,305.4782015
85,weakenvl,12800,19200,8,120,1,12988317,305.650532,1.863591433,optimal,34,305.9806416
86,M_Agg,12800,19200,8,120,2,13237131,1.742033482,1.67452693,optimal,-,-
86,TPM,12800,19200,8,120,2,13237131,12.15562129,11.59978342,optimal,-,-
86,TPM_m,12800,19200,8,120,2,13237131,5.414865349,5.194515467,optimal,-,-
86,FAL,12800,19200,8,120,2,13237131,25.04385066,24.64288545,optimal,-,-
86,SHP,12800,19200,8,120,2,13237131,14.94721603,14.70528102,optimal,-,-
86,weakl,12800,19200,8,120,2,13237131,302.4555937,2.106674433,optimal,36,306.0215058
86,envl,12800,19200,8,120,2,13237131,301.9601143,1.443074703,optimal,36,307.0570083
86,weakenvl,12800,19200,8,120,2,13237131,302.2781387,1.757001162,optimal,36,307.6131857
87,M_Agg,12800,19200,8,120,3,12948783,1.69295454,1.633394241,optimal,-,-
87,TPM,12800,19200,8,120,3,12948783,12.26122975,11.73295331,optimal,-,-
87,TPM_m,12800,19200,8,120,3,12948783,4.532219041,4.359511852,optimal,-,-
87,FAL,12800,19200,8,120,3,12948783,18.28021812,17.88857532,optimal,-,-
87,SHP,12800,19200,8,120,3,12948783,12.46489263,12.20484424,optimal,-,-
87,weakl,12800,19200,8,120,3,12948783,305.3543762,1.788816929,optimal,35,306.7398856
87,envl,12800,19200,8,120,3,12948783,305.9896681,2.204307556,optimal,35,310.0002819
87,weakenvl,12800,19200,8,120,3,12948783,306.2339439,2.43225503,optimal,35,309.1576818
88,M_Agg,12800,19200,8,120,4,13336198,1.970413923,1.909188032,optimal,-,-
88,TPM,12800,19200,8,120,4,13336198,31.94971514,31.31281686,optimal,-,-
88,TPM_m,12800,19200,8,120,4,13336198,9.917660639,9.746707916,optimal,-,-
88,FAL,12800,19200,8,120,4,13336198,25.45213413,25.06512117,optimal,-,-
88,SHP,12800,19200,8,120,4,13336198,9.910827875,9.665344715,optimal,-,-
88,weakl,12800,19200,8,120,4,13336198,307.0399786,2.182928801,optimal,34,306.8117058
88,envl,12800,19200,8,120,4,13336198,308.6473418,3.511453629,optimal,34,312.8268697
88,weakenvl,12800,19200,8,120,4,13336198,309.7599517,4.611076593,optimal,34,312.6316338
89,M_Agg,12800,19200,8,150,1,16626349,2.480454683,2.420677423,optimal,-,-
89,TPM,12800,19200,8,150,1,16626349,44.60292459,43.81441379,optimal,-,-
89,TPM_m,12800,19200,8,150,1,16626349,17.91365838,17.70680547,optimal,-,-
89,FAL,12800,19200,8,150,1,16626349,201.5061553,200.7981133,optimal,-,-
89,SHP,12800,19200,8,150,1,16626349,34.67183089,34.32496142,optimal,-,-
89,weakl,12800,19200,8,150,1,16626349,309.2360745,2.088033915,optimal,28,307.8623038
89,envl,12800,19200,8,150,1,16626349,311.630909,3.330335617,optimal,28,313.8147819
89,weakenvl,12800,19200,8,150,1,16626349,312.1807087,3.926643372,optimal,28,313.255591
90,M_Agg,12800,19200,8,150,2,16539163,6.816336632,6.749905109,optimal,-,-
90,TPM,12800,19200,8,150,2,16539163,74.95160294,73.75266337,optimal,-,-
90,TPM_m,12800,19200,8,150,2,16539163,25.32443046,25.11860132,optimal,-,-
90,FAL,12800,19200,8,150,2,16539163,355.9930875,355.4657884,optimal,-,-
90,SHP,12800,19200,8,150,2,16539163,204.0576053,203.5051711,optimal,-,-
90,weakl,12800,19200,8,150,2,16539163,305.3291131,4.708013535,optimal,27,313.329753
90,envl,12800,19200,8,150,2,16539163,313.7332085,12.16031361,optimal,27,318.2015712
90,weakenvl,12800,19200,8,150,2,16539163,308.4561228,6.893251657,optimal,27,317.6239386
91,M_Agg,12800,19200,8,150,3,16382474,2.72853446,2.659065008,optimal,-,-
91,TPM,12800,19200,8,150,3,16382473.99,60.1388278,59.16343832,optimal,-,-
91,TPM_m,12800,19200,8,150,3,16382474,22.69780086,22.47941613,optimal,-,-
91,FAL,12800,19200,8,150,3,16382474,265.5999589,264.8097928,optimal,-,-
91,SHP,12800,19200,8,150,3,16382474,277.1147716,276.7220263,optimal,-,-
91,weakl,12800,19200,8,150,3,16382474,305.6416572,2.983880997,optimal,27,313.9727655
91,envl,12800,19200,8,150,3,16382474,317.2960196,13.81520939,optimal,27,324.8899381
91,weakenvl,12800,19200,8,150,3,16382474,320.129752,16.60753608,optimal,27,322.6660734
92,M_Agg,12800,19200,8,150,4,16542462,4.478371382,4.388839722,optimal,-,-
92,TPM,12800,19200,8,150,4,16542462,152.5817268,151.7053375,optimal,-,-
92,TPM_m,12800,19200,8,150,4,16542462,25.44271915,25.22161078,optimal,-,-
92,FAL,12800,19200,8,150,4,16542462,252.1450665,251.4182019,optimal,-,-
92,SHP,12800,19200,8,150,4,16542462,389.8537877,389.464962,optimal,-,-
92,weakl,12800,19200,8,150,4,16542462,311.2423703,3.50800848,optimal,26,318.1959569
92,envl,12800,19200,8,150,4,16542462,312.5989904,4.182433128,optimal,26,331.9828604
92,weakenvl,12800,19200,8,150,4,16542462,312.2557807,3.817659616,optimal,26,327.5567831
93,M_Agg,12800,19200,8,200,1,21757167,12.42225814,12.3520422,optimal,-,-
93,TPM,12800,19200,8,200,1,21757167,159.4084716,157.9398115,optimal,-,-
93,TPM_m,12800,19200,8,200,1,21757167,34.79849369,34.51572323,optimal,-,-
93,FAL,12800,19200,8,200,1,21757167,1145.668848,1144.594651,optimal,-,-
93,SHP,12800,19200,8,200,1,21757167,925.6526895,925.0132184,optimal,-,-
93,weakl,12800,19200,8,200,1,21757167,331.1058715,18.38793159,optimal,24,340.4344592
93,envl,12800,19200,8,200,1,22363374,329.1780663,15.20030117,optimal,24,358.7083843
93,weakenvl,12800,19200,8,200,1,22363374,329.654099,15.69991231,optimal,24,357.6443035
94,M_Agg,12800,19200,8,200,2,21817732,11.07046008,10.98852897,optimal,-,-
94,TPM,12800,19200,8,200,2,21817732,85.0713315,83.6222446,optimal,-,-
94,TPM_m,12800,19200,8,200,2,21817732,27.49847263,27.21040416,optimal,-,-
94,FAL,12800,19200,8,200,2,21817732,793.1022155,791.8667386,optimal,-,-
94,SHP,12800,19200,8,200,2,21817732,625.9294882,625.2698743,optimal,-,-
94,weakl,12800,19200,8,200,2,21817732,307.901163,6.455447912,optimal,23,710.7597488
94,envl,12800,19200,8,200,2,22777035,340.4866761,37.15822387,optimal,23,729.3676239
94,weakenvl,12800,19200,8,200,2,22777035,328.624662,25.33706141,optimal,23,729.4417596
95,M_Agg,12800,19200,8,200,3,21823340,16.22675347,16.15133119,optimal,-,-
95,TPM,12800,19200,8,200,3,21823340,250.3697646,248.9333138,optimal,-,-
95,TPM_m,12800,19200,8,200,3,21823340,39.89542954,39.60261202,optimal,-,-
95,FAL,12800,19200,8,200,3,21823340,1836.007912,1834.725076,maxTimeLimit,-,-
95,SHP,12800,19200,8,200,3,21823340,1807.662384,1806.997504,maxTimeLimit,-,-
95,weakl,12800,19200,8,200,3,21823340,322.534423,21.23005652,optimal,23,1093.546891
95,envl,12800,19200,8,200,3,23486071,345.6677087,42.9691329,optimal,23,1100.231602
95,weakenvl,12800,19200,8,200,3,23486071,339.6925906,36.97023511,optimal,23,1102.52575
96,M_Agg,12800,19200,8,200,4,22156985,84.29249859,84.22194743,optimal,-,-
96,TPM,12800,19200,8,200,4,22181135,1803.90719,1802.133296,maxTimeLimit,-,-
96,TPM_m,12800,19200,8,200,4,22156985,592.1916895,591.8938324,optimal,-,-
96,FAL,12800,19200,8,200,4,22181135,1804.145742,1803.14431,maxTimeLimit,-,-
96,SHP,12800,19200,8,200,4,22181134.99,1817.632225,1816.953019,maxTimeLimit,-,-
96,weakl,12800,19200,8,200,4,22156985,400.1963794,92.31389427,optimal,22,1464.549797
96,envl,12800,19200,8,200,4,22156985,419.5010862,109.8191605,optimal,22,1242.485745
96,weakenvl,12800,19200,8,200,4,22156985,432.6058626,123.0614245,optimal,22,1133.35046
97,M_Agg,12800,19200,8,300,1,32578366,1830.799598,1830.708126,maxTimeLimit,-,-
97,TPM,12800,19200,8,300,1,32645712,1838.617809,1835.133356,maxTimeLimit,-,-
97,TPM_m,12800,19200,8,300,1,32578366,1856.154673,1855.689255,maxTimeLimit,-,-
97,FAL,12800,19200,8,300,1,32572087,1861.788983,1859.079715,maxTimeLimit,-,-
97,SHP,12800,19200,8,300,1,32578366,1814.85654,1813.391715,maxTimeLimit,-,-
97,weakl,12800,19200,8,300,1,32570292,1812.40703,1490.794907,maxTimeLimit,20,1513.793598
97,envl,12800,19200,8,300,1,34035929.37,1811.815025,1488.459127,maxTimeLimit,20,1590.058064
97,weakenvl,12800,19200,8,300,1,34044003.37,1816.843923,1493.426554,maxTimeLimit,20,1477.799099
98,M_Agg,12800,19200,8,300,2,32567540,1845.013498,1844.913508,maxTimeLimit,-,-
98,TPM,12800,19200,8,300,2,32597466,1838.006697,1834.533461,maxTimeLimit,-,-
98,TPM_m,12800,19200,8,300,2,32563210,1802.450508,1801.976517,maxTimeLimit,-,-
98,FAL,12800,19200,8,300,2,32605003,1844.504276,1842.022816,maxTimeLimit,-,-
98,SHP,12800,19200,8,300,2,32591769,1818.252705,1816.191532,maxTimeLimit,-,-
98,weakl,12800,19200,8,300,2,32563210,1839.049732,1516.088634,maxTimeLimit,21,1519.49834
98,envl,12800,19200,8,300,2,33372673.82,1823.94259,1498.876036,maxTimeLimit,21,1593.291649
98,weakenvl,12800,19200,8,300,2,33335388.77,1820.960623,1495.825531,maxTimeLimit,21,1480.541237
99,M_Agg,12800,19200,8,300,3,32269906,962.6092415,962.5195658,optimal,-,-
99,TPM,12800,19200,8,300,3,32269906,1827.953423,1824.307834,maxTimeLimit,-,-
99,TPM_m,12800,19200,8,300,3,32269906,670.766355,670.3057444,optimal,-,-
99,FAL,12800,19200,8,300,3,32320070,1886.478395,1883.900136,maxTimeLimit,-,-
99,SHP,12800,19200,8,300,3,32269906,1815.723664,1814.189039,maxTimeLimit,-,-
99,weakl,12800,19200,8,300,3,32269906,1806.546048,1484.90513,maxTimeLimit,23,1517.591558
99,envl,12800,19200,8,300,3,32269906,914.6842799,590.4473701,optimal,23,1594.162114
99,weakenvl,12800,19200,8,300,3,32269906,462.9914316,138.8281546,optimal,23,1482.490753
100,M_Agg,12800,19200,8,300,4,32936500,288.4043813,288.3164942,optimal,-,-
100,TPM,12800,19200,8,300,4,32936500,1821.840269,1818.249496,maxTimeLimit,-,-
100,TPM_m,12800,19200,8,300,4,32936500,1113.309927,1112.865483,optimal,-,-
100,FAL,12800,19200,8,300,4,32947292,1826.615652,1823.859332,maxTimeLimit,-,-
100,SHP,12800,19200,8,300,4,32936500,1815.82613,1813.796036,maxTimeLimit,-,-
100,weakl,12800,19200,8,300,4,32936500,597.1715811,292.9145029,optimal,20,1520.608143
100,envl,12800,19200,8,300,4,34203949,1809.790361,1503.652547,maxTimeLimit,20,1822.04725
100,weakenvl,12800,19200,8,300,4,34203949,1810.400419,1504.249069,maxTimeLimit,20,1822.543561
101,M_Agg,12800,19200,8,500,1,54584213,1843.960348,1843.846266,maxTimeLimit,-,-
101,TPM,12800,19200,8,500,1,54910629,1856.497526,1845.525372,maxTimeLimit,-,-
101,TPM_m,12800,19200,8,500,1,54526615,1804.271447,1803.522588,maxTimeLimit,-,-
101,FAL,12800,19200,8,500,1,54603726,1843.210873,1835.941096,maxTimeLimit,-,-
101,SHP,12800,19200,8,500,1,54566678,1835.197864,1831.053343,maxTimeLimit,-,-
101,weakl,12800,19200,8,500,1,54573839,1835.225999,1514.802794,maxTimeLimit,22,1827.358181
101,envl,12800,19200,8,500,1,55190999,1824.749365,1502.223778,maxTimeLimit,22,1825.488921
101,weakenvl,12800,19200,8,500,1,55112529,1827.812474,1505.261922,maxTimeLimit,22,1825.665281
102,M_Agg,12800,19200,8,500,2,54105696,1836.666399,1836.544773,maxTimeLimit,-,-
102,TPM,12800,19200,8,500,2,54293454,1853.113161,1842.073443,maxTimeLimit,-,-
102,TPM_m,12800,19200,8,500,2,54105696,1803.362558,1802.515064,maxTimeLimit,-,-
102,FAL,12800,19200,8,500,2,54290875,1835.593961,1828.849487,maxTimeLimit,-,-
102,SHP,12800,19200,8,500,2,54153218,1832.350873,1827.196963,maxTimeLimit,-,-
102,weakl,12800,19200,8,500,2,54105696,1831.422603,1512.667076,maxTimeLimit,21,1443.272328
102,envl,12800,19200,8,500,2,54929277,1827.424449,1506.523428,maxTimeLimit,21,1443.947351
102,weakenvl,12800,19200,8,500,2,55110574.45,1828.758689,1507.928833,maxTimeLimit,21,1443.464279
103,M_Agg,12800,19200,8,500,3,53754211,1829.609775,1829.424444,maxTimeLimit,-,-
103,TPM,12800,19200,8,500,3,53821335,1821.445022,1811.374591,maxTimeLimit,-,-
103,TPM_m,12800,19200,8,500,3,53666556,1804.312144,1803.610857,maxTimeLimit,-,-
103,FAL,12800,19200,8,500,3,53876453,1920.490291,1913.181435,maxTimeLimit,-,-
103,SHP,12800,19200,8,500,3,53801598,1833.746426,1829.371542,maxTimeLimit,-,-
103,weakl,12800,19200,8,500,3,53666556,1818.612389,1506.854433,maxTimeLimit,21,1061.064841
103,envl,12800,19200,8,500,3,56590321.96,1826.224823,1512.640704,maxTimeLimit,21,1062.89738
103,weakenvl,12800,19200,8,500,3,56555690.96,1823.202664,1509.553967,maxTimeLimit,21,1061.941244
104,M_Agg,12800,19200,8,500,4,53276584,1833.436627,1833.32216,maxTimeLimit,-,-
104,TPM,12800,19200,8,500,4,53276584,1832.770988,1822.433514,maxTimeLimit,-,-
104,TPM_m,12800,19200,8,500,4,53259757,1802.040417,1801.229434,maxTimeLimit,-,-
104,FAL,12800,19200,8,500,4,53276584,1939.126018,1906.615528,maxTimeLimit,-,-
104,SHP,12800,19200,8,500,4,53426397,1835.062933,1827.227461,maxTimeLimit,-,-
104,weakl,12800,19200,8,500,4,53276584,1824.171733,1488.471305,maxTimeLimit,22,681.7351634
104,envl,12800,19200,8,500,4,54361894.79,1823.557046,1485.241436,maxTimeLimit,22,681.8069341
104,weakenvl,12800,19200,8,500,4,54474987.79,1822.887298,1484.698388,maxTimeLimit,22,681.5601223
105,M_Agg,12800,19200,12,90,1,8890114,0.996034145,0.90507412,optimal,-,-
105,TPM,12800,19200,12,90,1,8890114,2.775257349,2.445698023,optimal,-,-
105,TPM_m,12800,19200,12,90,1,8890114,1.107682495,0.925631046,optimal,-,-
105,FAL,12800,19200,12,90,1,8890114,2.211441278,1.967187881,optimal,-,-
105,SHP,12800,19200,12,90,1,8890114,1.591852427,1.437526703,optimal,-,-
105,weakl,12800,19200,12,90,1,8890114,298.8825881,1.040488005,optimal,54,301.4983329
105,envl,12800,19200,12,90,1,8890114,298.5830874,0.721631289,optimal,54,301.7228345
105,weakenvl,12800,19200,12,90,1,8890114,299.008465,1.123033285,optimal,54,301.5150279
106,M_Agg,12800,19200,12,90,2,8763721,1.10714817,1.039047003,optimal,-,-
106,TPM,12800,19200,12,90,2,8763721,2.934596777,2.557614088,optimal,-,-
106,TPM_m,12800,19200,12,90,2,8763721,1.626403296,1.43397665,optimal,-,-
106,FAL,12800,19200,12,90,2,8763721,2.997391939,2.776215553,optimal,-,-
106,SHP,12800,19200,12,90,2,8763721,1.402689695,1.233725309,optimal,-,-
106,weakl,12800,19200,12,90,2,8763721,302.5926521,0.889395714,optimal,39,303.5058021
106,envl,12800,19200,12,90,2,8763721,303.2245624,1.458367348,optimal,39,303.7366408
106,weakenvl,12800,19200,12,90,2,8763721,302.6665495,0.904377937,optimal,39,303.3748799
107,M_Agg,12800,19200,12,90,3,8655289,0.789288282,0.707295656,optimal,-,-
107,TPM,12800,19200,12,90,3,8655289,2.26071763,1.954671621,optimal,-,-
107,TPM_m,12800,19200,12,90,3,8655289,1.040877142,0.873511314,optimal,-,-
107,FAL,12800,19200,12,90,3,8655289,1.809139967,1.59165597,optimal,-,-
107,SHP,12800,19200,12,90,3,8655289,1.309555769,1.129790545,optimal,-,-
107,weakl,12800,19200,12,90,3,8655289,301.29368,0.803686142,optimal,40,303.8026811
107,envl,12800,19200,12,90,3,8655289,301.8630405,1.337028027,optimal,40,303.8636566
107,weakenvl,12800,19200,12,90,3,8655289,301.6781767,1.143262625,optimal,40,303.6605946
108,M_Agg,12800,19200,12,90,4,8799084,1.285449505,1.22459507,optimal,-,-
108,TPM,12800,19200,12,90,4,8799084,3.03817606,2.714051008,optimal,-,-
108,TPM_m,12800,19200,12,90,4,8799084,1.283525711,1.133048773,optimal,-,-
108,FAL,12800,19200,12,90,4,8799084,2.596617937,2.369584084,optimal,-,-
108,SHP,12800,19200,12,90,4,8799084,1.484006882,1.333313465,optimal,-,-
108,weakl,12800,19200,12,90,4,8799084,303.2244113,1.49190402,optimal,34,304.5308708
108,envl,12800,19200,12,90,4,8799084,303.2206477,1.44029808,optimal,34,304.389006
108,weakenvl,12800,19200,12,90,4,8799084,302.7069205,0.918682337,optimal,34,304.31101
109,M_Agg,12800,19200,12,100,1,9726763,1.52874732,1.469092369,optimal,-,-
109,TPM,12800,19200,12,100,1,9726763,2.547108173,2.151881933,optimal,-,-
109,TPM_m,12800,19200,12,100,1,9726763,1.210681809,1.032567978,optimal,-,-
109,FAL,12800,19200,12,100,1,9726763,2.157978535,1.892816067,optimal,-,-
109,SHP,12800,19200,12,100,1,9726763,1.898467779,1.700573444,optimal,-,-
109,weakl,12800,19200,12,100,1,9726763,306.9124649,1.483298779,optimal,29,306.017351
109,envl,12800,19200,12,100,1,9726763,306.6383127,1.115640402,optimal,29,305.6851893
109,weakenvl,12800,19200,12,100,1,9726763,306.447873,0.92385745,optimal,29,305.8243026
110,M_Agg,12800,19200,12,100,2,9622999,0.678753138,0.591408968,optimal,-,-
110,TPM,12800,19200,12,100,2,9622999,1.384589911,0.892156839,optimal,-,-
110,TPM_m,12800,19200,12,100,2,9622999,0.616191622,0.457253456,optimal,-,-
110,FAL,12800,19200,12,100,2,9622999,0.942037821,0.672866344,optimal,-,-
110,SHP,12800,19200,12,100,2,9622999,0.637978077,0.466767311,optimal,-,-
110,weakl,12800,19200,12,100,2,9622999,303.7801682,0.579714775,optimal,28,304.7766665
110,envl,12800,19200,12,100,2,9622999,303.7326256,0.470923662,optimal,28,304.6118153
110,weakenvl,12800,19200,12,100,2,9622999,303.8094081,0.538311481,optimal,28,304.7390944
111,M_Agg,12800,19200,12,100,3,9742662,0.849378824,0.789855003,optimal,-,-
111,TPM,12800,19200,12,100,3,9742662,3.007456303,2.633612394,optimal,-,-
111,TPM_m,12800,19200,12,100,3,9742662,1.767428895,1.599642754,optimal,-,-
111,FAL,12800,19200,12,100,3,9742662,2.880509615,2.620934486,optimal,-,-
111,SHP,12800,19200,12,100,3,9742662,1.808813095,1.630424738,optimal,-,-
111,weakl,12800,19200,12,100,3,9742662,304.2064386,1.893731833,optimal,27,304.8901051
111,envl,12800,19200,12,100,3,9742662,303.9644382,1.569781303,optimal,27,304.938439
111,weakenvl,12800,19200,12,100,3,9742662,304.2798384,1.883232594,optimal,27,305.097897
112,M_Agg,12800,19200,12,100,4,9831350,1.510027409,1.452029943,optimal,-,-
112,TPM,12800,19200,12,100,4,9831350,4.713085651,4.312829733,optimal,-,-
112,TPM_m,12800,19200,12,100,4,9831350,2.584834482,2.414808512,optimal,-,-
112,FAL,12800,19200,12,100,4,9831350,4.093305349,3.840040684,optimal,-,-
112,SHP,12800,19200,12,100,4,9831350,2.724967003,2.549304485,optimal,-,-
112,weakl,12800,19200,12,100,4,9831350,309.1703321,1.552327394,optimal,29,305.5449254
112,envl,12800,19200,12,100,4,9831350,308.4053806,0.693631649,optimal,29,305.6935996
112,weakenvl,12800,19200,12,100,4,9831350,308.760091,1.038108587,optimal,29,305.810841
113,M_Agg,12800,19200,12,120,1,11669326,1.718188047,1.66063714,optimal,-,-
113,TPM,12800,19200,12,120,1,11669326,5.543997765,5.043369532,optimal,-,-
113,TPM_m,12800,19200,12,120,1,11669326,2.727233022,2.525319099,optimal,-,-
113,FAL,12800,19200,12,120,1,11669326,4.041517019,3.66927886,optimal,-,-
113,SHP,12800,19200,12,120,1,11669326,3.113504887,2.806767702,optimal,-,-
113,weakl,12800,19200,12,120,1,11669326,301.9497272,1.655396223,optimal,21,307.624762
113,envl,12800,19200,12,120,1,11669326,302.3448166,1.893698454,optimal,21,308.167599
113,weakenvl,12800,19200,12,120,1,11669326,302.1070403,1.652545929,optimal,21,308.2240222
114,M_Agg,12800,19200,12,120,2,11488442,1.928320169,1.865477085,optimal,-,-
114,TPM,12800,19200,12,120,2,11488442,5.526734591,4.910660744,optimal,-,-
114,TPM_m,12800,19200,12,120,2,11488442,2.839522481,2.641548157,optimal,-,-
114,FAL,12800,19200,12,120,2,11488442,5.007457256,4.611958742,optimal,-,-
114,SHP,12800,19200,12,120,2,11488442,3.599739075,3.354076862,optimal,-,-
114,weakl,12800,19200,12,120,2,11488442,304.2339227,1.757395983,optimal,22,310.9952929
114,envl,12800,19200,12,120,2,11488442,305.0391207,2.309544802,optimal,22,311.8093318
114,weakenvl,12800,19200,12,120,2,11488442,305.2446184,2.526047945,optimal,22,311.9301745
115,M_Agg,12800,19200,12,120,3,11799495,2.627310276,2.55308342,optimal,-,-
115,TPM,12800,19200,12,120,3,11799495,7.136930466,6.524411678,optimal,-,-
115,TPM_m,12800,19200,12,120,3,11799495,3.848283613,3.587285757,optimal,-,-
115,FAL,12800,19200,12,120,3,11799495,8.045339823,7.61048007,optimal,-,-
115,SHP,12800,19200,12,120,3,11799495,3.618416071,3.366967678,optimal,-,-
115,weakl,12800,19200,12,120,3,11799495,306.8257198,2.404632568,optimal,21,310.5523233
115,envl,12800,19200,12,120,3,11799495,306.9850804,2.302888393,optimal,21,311.3269379
115,weakenvl,12800,19200,12,120,3,11799495,307.1316144,2.445039511,optimal,21,311.4248281
116,M_Agg,12800,19200,12,120,4,11842860,1.635034561,1.575968266,optimal,-,-
116,TPM,12800,19200,12,120,4,11842860,4.115292072,3.536325932,optimal,-,-
116,TPM_m,12800,19200,12,120,4,11842860,1.848969738,1.653996468,optimal,-,-
116,FAL,12800,19200,12,120,4,11842860,3.23339057,2.870287895,optimal,-,-
116,SHP,12800,19200,12,120,4,11842860,1.912279129,1.642837524,optimal,-,-
116,weakl,12800,19200,12,120,4,11842860,317.4896784,1.569263697,optimal,22,309.9719013
116,envl,12800,19200,12,120,4,11842860,318.3013782,2.118122578,optimal,22,310.8303096
116,weakenvl,12800,19200,12,120,4,11842860,318.4128155,2.234508276,optimal,22,310.9742447
117,M_Agg,12800,19200,12,150,1,14613659,2.059749365,1.986867666,optimal,-,-
117,TPM,12800,19200,12,150,1,14613659,4.531924248,3.702760458,optimal,-,-
117,TPM_m,12800,19200,12,150,1,14613659,1.255467364,1.004689455,optimal,-,-
117,FAL,12800,19200,12,150,1,14613659,5.05985713,4.36758852,optimal,-,-
117,SHP,12800,19200,12,150,1,14613659,1.973081827,1.404599428,optimal,-,-
117,weakl,12800,19200,12,150,1,14613659,315.4318507,1.543798923,optimal,18,306.271873
117,envl,12800,19200,12,150,1,15169492,316.911748,2.207993031,optimal,18,307.1352598
117,weakenvl,12800,19200,12,150,1,15169492,316.9316495,2.217628717,optimal,18,307.3225635
118,M_Agg,12800,19200,12,150,2,14814826,2.276300907,2.213757038,optimal,-,-
118,TPM,12800,19200,12,150,2,14814826,6.902170897,6.098076105,optimal,-,-
118,TPM_m,12800,19200,12,150,2,14814826,2.578210365,2.288194895,optimal,-,-
118,FAL,12800,19200,12,150,2,14814826,6.389400244,5.834755659,optimal,-,-
118,SHP,12800,19200,12,150,2,14814826,4.209573507,3.837956429,optimal,-,-
118,weakl,12800,19200,12,150,2,14814826,302.4620444,2.229250193,optimal,17,304.9343914
118,envl,12800,19200,12,150,2,14814826,303.1095449,2.411634207,optimal,17,305.6114774
118,weakenvl,12800,19200,12,150,2,14814826,303.2232329,2.540344715,optimal,17,306.1113009
119,M_Agg,12800,19200,12,150,3,14680766,2.165495872,2.099981308,optimal,-,-
119,TPM,12800,19200,12,150,3,14680766,6.471898556,5.53317523,optimal,-,-
119,TPM_m,12800,19200,12,150,3,14680766,2.402821675,2.105094433,optimal,-,-
119,FAL,12800,19200,12,150,3,14680766,6.937854528,6.267871141,optimal,-,-
119,SHP,12800,19200,12,150,3,14680766,4.146929502,3.790332556,optimal,-,-
119,weakl,12800,19200,12,150,3,14680766,304.5040316,2.12344408,optimal,16,308.9361838
119,envl,12800,19200,12,150,3,14680766,304.9985673,2.331702471,optimal,16,310.4161767
119,weakenvl,12800,19200,12,150,3,14680766,305.3292808,2.657548904,optimal,16,310.5894536
120,M_Agg,12800,19200,12,150,4,14535519,2.296343088,2.221418381,optimal,-,-
120,TPM,12800,19200,12,150,4,14535519,5.938474894,5.135140657,optimal,-,-
120,TPM_m,12800,19200,12,150,4,14535519,2.584119287,2.348509789,optimal,-,-
120,FAL,12800,19200,12,150,4,14535519,5.892288446,5.346477032,optimal,-,-
120,SHP,12800,19200,12,150,4,14535519,3.991313934,3.646128178,optimal,-,-
120,weakl,12800,19200,12,150,4,14535519,302.6895653,2.197438002,optimal,18,315.2593605
120,envl,12800,19200,12,150,4,14535519,303.5211789,2.548244238,optimal,18,317.2168283
120,weakenvl,12800,19200,12,150,4,14535519,303.806091,2.846054316,optimal,18,317.3018251
121,M_Agg,12800,19200,12,200,1,19458345,4.650592566,4.577444315,optimal,-,-
121,TPM,12800,19200,12,200,1,19458344.92,43.0430944,41.53300619,optimal,-,-
121,TPM_m,12800,19200,12,200,1,19458345,12.5522104,12.22480106,optimal,-,-
121,FAL,12800,19200,12,200,1,19458345,48.74421024,47.74186087,optimal,-,-
121,SHP,12800,19200,12,200,1,19458345,13.16484666,12.53849697,optimal,-,-
121,weakl,12800,19200,12,200,1,19458345,310.0819242,3.93101573,optimal,15,318.4072016
121,envl,12800,19200,12,200,1,19877498,310.8166186,4.060474396,optimal,15,321.0269878
121,weakenvl,12800,19200,12,200,1,19877498,312.0865991,5.333123207,optimal,15,321.1300289
122,M_Agg,12800,19200,12,200,2,19473417,3.59107542,3.500808716,optimal,-,-
122,TPM,12800,19200,12,200,2,19473417,10.04679489,8.616869211,optimal,-,-
122,TPM_m,12800,19200,12,200,2,19473417,3.464354128,3.155018091,optimal,-,-
122,FAL,12800,19200,12,200,2,19473417,12.05479097,11.04764247,optimal,-,-
122,SHP,12800,19200,12,200,2,19473417,7.636334419,7.014939547,optimal,-,-
122,weakl,12800,19200,12,200,2,19473417,318.4692139,3.695830584,optimal,15,340.348913
122,envl,12800,19200,12,200,2,19473417,322.3283422,6.499218702,optimal,15,337.2822357
122,weakenvl,12800,19200,12,200,2,19473417,321.1358437,5.34495306,optimal,15,340.8515134
123,M_Agg,12800,19200,12,200,3,19031421,3.942635536,3.865712166,optimal,-,-
123,TPM,12800,19200,12,200,3,19031421,16.59502077,15.07442164,optimal,-,-
123,TPM_m,12800,19200,12,200,3,19031421,4.751498186,4.424442768,optimal,-,-
123,FAL,12800,19200,12,200,3,19031421,20.4654789,19.44296503,optimal,-,-
123,SHP,12800,19200,12,200,3,19031421,9.180969,8.559690714,optimal,-,-
123,weakl,12800,19200,12,200,3,19031421,329.7967387,3.490170956,optimal,15,343.9827911
123,envl,12800,19200,12,200,3,19031421,332.2011736,4.873403311,optimal,15,345.1243826
123,weakenvl,12800,19200,12,200,3,19031421,332.1787668,4.916751623,optimal,15,348.8978953
124,M_Agg,12800,19200,12,200,4,19261291,3.043338299,2.974863768,optimal,-,-
124,TPM,12800,19200,12,200,4,19261291,12.13894296,10.67903519,optimal,-,-
124,TPM_m,12800,19200,12,200,4,19261291,3.552699962,3.237965822,optimal,-,-
124,FAL,12800,19200,12,200,4,19261291,13.0902133,12.08718514,optimal,-,-
124,SHP,12800,19200,12,200,4,19261291,8.484016895,7.80883503,optimal,-,-
124,weakl,12800,19200,12,200,4,19261291,315.2809298,2.730448484,optimal,15,342.5272448
124,envl,12800,19200,12,200,4,19261291,318.7618167,5.168349266,optimal,15,351.4062423
124,weakenvl,12800,19200,12,200,4,19261291,319.118906,5.519511461,optimal,15,349.9167391
125,M_Agg,12800,19200,12,300,1,28833493,40.2793076,40.19246721,optimal,-,-
125,TPM,12800,19200,12,300,1,28833492.9,105.3575261,101.9398339,optimal,-,-
125,TPM_m,12800,19200,12,300,1,28833493,24.28212947,23.76360488,optimal,-,-
125,FAL,12800,19200,12,300,1,28833493,158.1968329,155.8495421,optimal,-,-
125,SHP,12800,19200,12,300,1,28833493,88.86107183,87.40585256,optimal,-,-
125,weakl,12800,19200,12,300,1,28833493,397.8487697,48.74600315,optimal,15,341.9609527
125,envl,12800,19200,12,300,1,28833493,375.8376103,25.53934622,optimal,15,350.0821145
125,weakenvl,12800,19200,12,300,1,28833493,390.972537,40.73749089,optimal,15,352.2991721
126,M_Agg,12800,19200,12,300,2,28657752,9.321847677,9.236764193,optimal,-,-
126,TPM,12800,19200,12,300,2,28657751.18,87.56168365,84.16640425,optimal,-,-
126,TPM_m,12800,19200,12,300,2,28657752,17.52599504,17.00708485,optimal,-,-
126,FAL,12800,19200,12,300,2,28657752,74.26131368,71.4830091,optimal,-,-
126,SHP,12800,19200,12,300,2,28657752,28.45673561,26.60600352,optimal,-,-
126,weakl,12800,19200,12,300,2,28657752,333.0047262,8.34961319,optimal,15,694.7362564
126,envl,12800,19200,12,300,2,29656750,353.6969297,28.14611292,optimal,15,709.4022552
126,weakenvl,12800,19200,12,300,2,29656750,353.3213713,27.76651144,optimal,15,710.129791
127,M_Agg,12800,19200,12,300,3,28765531,19.49424052,19.41619706,optimal,-,-
127,TPM,12800,19200,12,300,3,28765530.43,106.77776,103.2394822,optimal,-,-
127,TPM_m,12800,19200,12,300,3,28765530.99,24.88796842,24.41968489,optimal,-,-
127,FAL,12800,19200,12,300,3,28765531,115.7784669,112.7492878,optimal,-,-
127,SHP,12800,19200,12,300,3,28765531,54.48059416,52.4776969,optimal,-,-
127,weakl,12800,19200,12,300,3,28765531,323.9745537,22.57793784,optimal,13,1066.162823
127,envl,12800,19200,12,300,3,29124293.03,357.3286127,54.99991512,optimal,13,1075.850812
127,weakenvl,12800,19200,12,300,3,29124293.03,336.2541419,33.942137,optimal,13,1074.560305
128,M_Agg,12800,19200,12,300,4,28788875,10.69691539,10.61825347,optimal,-,-
128,TPM,12800,19200,12,300,4,28788875,68.71538377,65.35946441,optimal,-,-
128,TPM_m,12800,19200,12,300,4,28788875,8.987901309,8.507823229,optimal,-,-
128,FAL,12800,19200,12,300,4,28788875,81.63114476,78.81811404,optimal,-,-
128,SHP,12800,19200,12,300,4,28788875,27.16286874,25.25853276,optimal,-,-
128,weakl,12800,19200,12,300,4,28788875,313.0157612,10.79248452,optimal,14,1443.647377
128,envl,12800,19200,12,300,4,28788875,313.4653054,10.30691862,optimal,14,1441.400792
128,weakenvl,12800,19200,12,300,4,28788875,328.6486383,25.54236507,optimal,14,1447.702562
129,M_Agg,12800,19200,12,500,1,48033520,1806.768646,1806.614273,maxTimeLimit,-,-
129,TPM,12800,19200,12,500,1,48033520,1824.272065,1814.215891,maxTimeLimit,-,-
129,TPM_m,12800,19200,12,500,1,48033520,64.20364502,63.35408044,optimal,-,-
129,FAL,12800,19200,12,500,1,48033520,1828.422674,1821.39929,maxTimeLimit,-,-
129,SHP,12800,19200,12,500,1,48033520,1831.313324,1826.357859,maxTimeLimit,-,-
129,weakl,12800,19200,12,500,1,48033520,1808.949984,1485.725637,maxTimeLimit,15,1505.416273
129,envl,12800,19200,12,500,1,48033520,1813.118173,1488.685043,maxTimeLimit,15,1573.620042
129,weakenvl,12800,19200,12,500,1,48033520,1822.295013,1497.826139,maxTimeLimit,15,1588.999693
130,M_Agg,12800,19200,12,500,2,48007668,1805.472928,1805.358639,maxTimeLimit,-,-
130,TPM,12800,19200,12,500,2,48007667.75,809.2860889,799.0801721,optimal,-,-
130,TPM_m,12800,19200,12,500,2,48007667.97,48.49167,47.67799497,optimal,-,-
130,FAL,12800,19200,12,500,2,48007668,1826.310794,1819.43636,maxTimeLimit,-,-
130,SHP,12800,19200,12,500,2,48007668,1831.934763,1827.971249,maxTimeLimit,-,-
130,weakl,12800,19200,12,500,2,48007668,1818.710994,1490.452228,maxTimeLimit,15,1507.434475
130,envl,12800,19200,12,500,2,48607112,1819.491155,1489.981386,maxTimeLimit,15,1574.329129
130,weakenvl,12800,19200,12,500,2,48607112,1811.043426,1481.554904,maxTimeLimit,15,1587.679648
131,M_Agg,12800,19200,12,500,3,48301547,1827.962457,1827.846658,maxTimeLimit,-,-
131,TPM,12800,19200,12,500,3,48253904,1821.787384,1811.967942,maxTimeLimit,-,-
131,TPM_m,12800,19200,12,500,3,48253904,71.541064,70.78904033,optimal,-,-
131,FAL,12800,19200,12,500,3,48275727,1835.187454,1828.514362,maxTimeLimit,-,-
131,SHP,12800,19200,12,500,3,48265941,1833.820628,1829.74747,maxTimeLimit,-,-
131,weakl,12800,19200,12,500,3,48283592,1833.912767,1499.438017,maxTimeLimit,15,1506.313469
131,envl,12800,19200,12,500,3,48253904,1819.528533,1483.481854,maxTimeLimit,15,1574.860391
131,weakenvl,12800,19200,12,500,3,48261719,1828.823169,1492.881664,maxTimeLimit,15,1589.16538
132,M_Agg,12800,19200,12,500,4,47645433,344.3492599,344.2487364,optimal,-,-
132,TPM,12800,19200,12,500,4,47645432.95,318.6302261,308.9341724,optimal,-,-
132,TPM_m,12800,19200,12,500,4,47645433,42.60257772,41.81259346,optimal,-,-
132,FAL,12800,19200,12,500,4,47645433,1822.018198,1815.707028,maxTimeLimit,-,-
132,SHP,12800,19200,12,500,4,47645433,1208.870882,1204.896286,optimal,-,-
132,weakl,12800,19200,12,500,4,47645433,560.0913464,225.0724943,optimal,15,1501.392019
132,envl,12800,19200,12,500,4,47779913,842.3423074,505.9726722,optimal,15,1575.382309
132,weakenvl,12800,19200,12,500,4,47779913,893.8371638,557.5604267,optimal,15,1586.206176
133,M_Agg,12800,19200,12,1000,1,95860865,1822.143676,1821.980032,maxTimeLimit,-,-
133,TPM,12800,19200,12,1000,1,96320115,1854.160466,1809.316613,maxTimeLimit,-,-
133,TPM_m,12800,19200,12,1000,1,95747972,420.5681234,418.815449,optimal,-,-
133,FAL,12800,19200,12,1000,1,96367204,1878.009001,1833.498703,maxTimeLimit,-,-
133,SHP,12800,19200,12,1000,1,95836058,1824.554377,1807.39568,maxTimeLimit,-,-
133,weakl,12800,19200,12,1000,1,95790340,1817.022794,1497.402586,maxTimeLimit,14,1814.925924
133,envl,12800,19200,12,1000,1,96026760,1815.95452,1495.270895,maxTimeLimit,14,1820.200783
133,weakenvl,12800,19200,12,1000,1,95960131,1817.014833,1496.333859,maxTimeLimit,14,1816.993474
134,M_Agg,12800,19200,12,1000,2,95728807,1824.448108,1824.269383,maxTimeLimit,-,-
134,TPM,12800,19200,12,1000,2,96301373,1866.244686,1816.716287,maxTimeLimit,-,-
134,TPM_m,12800,19200,12,1000,2,95728807,1408.527396,1406.642975,optimal,-,-
134,FAL,12800,19200,12,1000,2,95954977,1864.220558,1814.725619,maxTimeLimit,-,-
134,SHP,12800,19200,12,1000,2,95744963,1828.665324,1805.624188,maxTimeLimit,-,-
134,weakl,12800,19200,12,1000,2,95778617,1814.226967,1510.033858,maxTimeLimit,14,1379.626922
134,envl,12800,19200,12,1000,2,100705647.4,1821.616204,1516.47372,maxTimeLimit,14,1385.14255
134,weakenvl,12800,19200,12,1000,2,100723894.4,1816.986354,1511.92824,maxTimeLimit,14,1381.728667
135,M_Agg,12800,19200,12,1000,3,95677302,1817.22563,1817.053499,maxTimeLimit,-,-
135,TPM,12800,19200,12,1000,3,96172522,1866.881016,1819.228296,maxTimeLimit,-,-
135,TPM_m,12800,19200,12,1000,3,95624095,479.4923516,477.7239432,optimal,-,-
135,FAL,12800,19200,12,1000,3,95954977,1864.220558,1814.725619,maxTimeLimit,-,-
135,SHP,12800,19200,12,1000,3,95744963,1828.665324,1805.624188,maxTimeLimit,-,-
135,weakl,12800,19200,12,1000,3,95778617,1814.226967,1510.033858,maxTimeLimit,15,943.3380154
135,envl,12800,19200,12,1000,3,95778617,1821.616204,1516.47372,maxTimeLimit,15,946.7449874
135,weakenvl,12800,19200,12,1000,3,95778617,1816.986354,1511.92824,maxTimeLimit,15,944.7604663
136,M_Agg,12800,19200,12,1000,4,95588914,1816.37155,1816.182255,maxTimeLimit,-,-
136,TPM,12800,19200,12,1000,4,95944430,1859.263281,1811.245489,maxTimeLimit,-,-
136,TPM_m,12800,19200,12,1000,4,95541417,240.7027585,238.9125023,optimal,-,-
136,FAL,12800,19200,12,1000,4,95954977,1864.220558,1814.725619,maxTimeLimit,-,-
136,SHP,12800,19200,12,1000,4,95744963,1828.665324,1805.624188,maxTimeLimit,-,-
136,weakl,12800,19200,12,1000,4,95778617,1814.226967,1510.033858,maxTimeLimit,15,506.0944817
136,envl,12800,19200,12,1000,4,100723894.4,1821.616204,1516.47372,maxTimeLimit,15,507.5941371
136,weakenvl,12800,19200,12,1000,4,100723894.4,1816.986354,1511.92824,maxTimeLimit,15,506.8028312
137,M_Agg,12800,19200,18,90,1,8615304,0.810571671,0.715600252,optimal,-,-
137,TPM,12800,19200,18,90,1,8615304,0.602133274,0.277772188,optimal,-,-
137,TPM_m,12800,19200,18,90,1,8615304,0.461167381,0.195067644,optimal,-,-
137,FAL,12800,19200,18,90,1,8615304,0.436187506,0.216682673,optimal,-,-
137,SHP,12800,19200,18,90,1,8615304,0.366892099,0.195472717,optimal,-,-
137,weakl,12800,19200,18,90,1,8615304,75.82678658,0.688817024,optimal,27,71.16205622
137,envl,12800,19200,18,90,1,8615304,75.72158653,0.582608461,optimal,27,70.62896604
137,weakenvl,12800,19200,18,90,1,8615304,75.9556039,0.804005623,optimal,27,71.21156985
138,M_Agg,12800,19200,18,90,2,8562809,0.884285688,0.808481932,optimal,-,-
138,TPM,12800,19200,18,90,2,8562809,0.582949877,0.266354084,optimal,-,-
138,TPM_m,12800,19200,18,90,2,8562809,0.40591952,0.192444086,optimal,-,-
138,FAL,12800,19200,18,90,2,8562809,0.444145441,0.208232164,optimal,-,-
138,SHP,12800,19200,18,90,2,8562809,0.364824057,0.199014425,optimal,-,-
138,weakl,12800,19200,18,90,2,8562809,69.07134076,1.785618305,optimal,27,75.72656494
138,envl,12800,19200,18,90,2,8562809,68.02595421,0.72584343,optimal,27,75.06188363
138,weakenvl,12800,19200,18,90,2,8562809,69.11355325,1.819031477,optimal,27,75.69673103
139,M_Agg,12800,19200,18,90,3,8364463,0.637501001,0.585199594,optimal,-,-
139,TPM,12800,19200,18,90,3,8364463,0.583041906,0.258471251,optimal,-,-
139,TPM_m,12800,19200,18,90,3,8364463,0.363425324,0.178218365,optimal,-,-
139,FAL,12800,19200,18,90,3,8364463,0.435152531,0.206991673,optimal,-,-
139,SHP,12800,19200,18,90,3,8364463,0.359335899,0.198950291,optimal,-,-
139,weakl,12800,19200,18,90,3,8364463,65.25283246,0.922027588,optimal,27,82.86609775
139,envl,12800,19200,18,90,3,8364463,65.01280313,0.67504859,optimal,27,82.41070045
139,weakenvl,12800,19200,18,90,3,8364463,65.15581351,0.804876089,optimal,27,82.91051215
140,M_Agg,12800,19200,18,90,4,8501848,1.169715166,1.111749649,optimal,-,-
140,TPM,12800,19200,18,90,4,8501848,0.56516695,0.266901255,optimal,-,-
140,TPM_m,12800,19200,18,90,4,8501848,0.403638346,0.182088375,optimal,-,-
140,FAL,12800,19200,18,90,4,8501848,0.723454952,0.490568399,optimal,-,-
140,SHP,12800,19200,18,90,4,8501848,0.566965103,0.414740324,optimal,-,-
140,weakl,12800,19200,18,90,4,8501848,74.49726505,1.680214405,optimal,27,91.60884775
140,envl,12800,19200,18,90,4,8501848,73.7555203,0.898401499,optimal,27,90.95468063
140,weakenvl,12800,19200,18,90,4,8501848,74.62130876,1.782836437,optimal,27,91.63354368
141,M_Agg,12800,19200,18,100,1,9413093,1.945358753,1.891529083,optimal,-,-
141,TPM,12800,19200,18,100,1,9413093,0.722473383,0.361603975,optimal,-,-
141,TPM_m,12800,19200,18,100,1,9413093,0.555205678,0.357786417,optimal,-,-
141,FAL,12800,19200,18,100,1,9413093,0.63091898,0.366056204,optimal,-,-
141,SHP,12800,19200,18,100,1,9413093,0.523259878,0.310514212,optimal,-,-
141,weakl,12800,19200,18,100,1,9413093,94.0848215,2.426809788,optimal,30,99.67036947
141,envl,12800,19200,18,100,1,9413093,93.45325688,1.781970978,optimal,30,99.17070599
141,weakenvl,12800,19200,18,100,1,9413093,93.89624861,2.222564936,optimal,30,99.6378568
142,M_Agg,12800,19200,18,100,2,9406685,1.836189508,1.770279408,optimal,-,-
142,TPM,12800,19200,18,100,2,9406685,1.048930883,0.683927536,optimal,-,-
142,TPM_m,12800,19200,18,100,2,9406685,0.951556341,0.753267765,optimal,-,-
142,FAL,12800,19200,18,100,2,9406685,0.750566244,0.474624634,optimal,-,-
142,SHP,12800,19200,18,100,2,9406685,0.504734993,0.304211855,optimal,-,-
142,weakl,12800,19200,18,100,2,9406685,97.629472,1.888655663,optimal,30,118.6959814
142,envl,12800,19200,18,100,2,9406685,97.42122147,1.663853645,optimal,30,118.2319244
142,weakenvl,12800,19200,18,100,2,9406685,97.96867774,2.211381674,optimal,30,118.7486804
143,M_Agg,12800,19200,18,100,3,9584308,0.952512264,0.894386053,optimal,-,-
143,TPM,12800,19200,18,100,3,9584308,0.96578455,0.570836544,optimal,-,-
143,TPM_m,12800,19200,18,100,3,9584308,0.546193207,0.358369827,optimal,-,-
143,FAL,12800,19200,18,100,3,9584308,0.80066824,0.470242262,optimal,-,-
143,SHP,12800,19200,18,100,3,9584308,0.500276327,0.319978952,optimal,-,-
143,weakl,12800,19200,18,100,3,9584308,100.2238325,1.639132738,optimal,30,139.7544104
143,envl,12800,19200,18,100,3,9584308,99.18872389,0.594854593,optimal,30,139.1076015
143,weakenvl,12800,19200,18,100,3,9584308,100.0479396,1.444367647,optimal,30,139.6008451
144,M_Agg,12800,19200,18,100,4,9267663,0.880414724,0.820040703,optimal,-,-
144,TPM,12800,19200,18,100,4,9267663,0.976672649,0.589691401,optimal,-,-
144,TPM_m,12800,19200,18,100,4,9267663,0.712508089,0.502286911,optimal,-,-
144,FAL,12800,19200,18,100,4,9267663,1.067624092,0.673748016,optimal,-,-
144,SHP,12800,19200,18,100,4,9267663,0.553645611,0.355474949,optimal,-,-
144,weakl,12800,19200,18,100,4,9267663,106.7433519,1.037829161,optimal,30,155.2238143
144,envl,12800,19200,18,100,4,9267663,106.6196217,0.906110525,optimal,30,154.6230371
144,weakenvl,12800,19200,18,100,4,9267663,106.6385612,0.919931889,optimal,30,155.1524087
145,M_Agg,12800,19200,18,120,1,11259040,2.236661911,2.172055721,optimal,-,-
145,TPM,12800,19200,18,120,1,11259040,1.441523314,0.882401943,optimal,-,-
145,TPM_m,12800,19200,18,120,1,11259040,1.053417012,0.646114111,optimal,-,-
145,FAL,12800,19200,18,120,1,11259040,1.295361042,0.760704279,optimal,-,-
145,SHP,12800,19200,18,120,1,11259040,0.804293633,0.566467285,optimal,-,-
145,weakl,12800,19200,18,120,1,11259040,170.1872693,2.597694635,optimal,36,168.0727652
145,envl,12800,19200,18,120,1,11259040,169.6981307,2.067779303,optimal,36,167.4723834
145,weakenvl,12800,19200,18,120,1,11259040,170.3395432,2.720395088,optimal,36,168.2036902
146,M_Agg,12800,19200,18,120,2,11320733,1.745535612,1.683574677,optimal,-,-
146,TPM,12800,19200,18,120,2,11320733,0.984201908,0.464532375,optimal,-,-
146,TPM_m,12800,19200,18,120,2,11320733,0.620641661,0.247214794,optimal,-,-
146,FAL,12800,19200,18,120,2,11320733,0.851989746,0.303690434,optimal,-,-
146,SHP,12800,19200,18,120,2,11320733,0.545259953,0.2815907,optimal,-,-
146,weakl,12800,19200,18,120,2,11320733,181.8631878,2.414843321,optimal,36,198.7168495
146,envl,12800,19200,18,120,2,11320733,180.9239297,1.575064182,optimal,36,197.919287
146,weakenvl,12800,19200,18,120,2,11320733,181.3773363,2.006881237,optimal,36,198.8172747
147,M_Agg,12800,19200,18,120,3,11178824,2.045421839,1.985480309,optimal,-,-
147,TPM,12800,19200,18,120,3,11178824,1.744463205,1.194737911,optimal,-,-
147,TPM_m,12800,19200,18,120,3,11178824,1.001675874,0.716358185,optimal,-,-
147,FAL,12800,19200,18,120,3,11178824,1.592935324,1.191889286,optimal,-,-
147,SHP,12800,19200,18,120,3,11178824,0.82393527,0.579343557,optimal,-,-
147,weakl,12800,19200,18,120,3,11178824,162.101448,2.637996197,optimal,36,222.3818546
147,envl,12800,19200,18,120,3,11178824,161.250466,1.761924028,optimal,36,221.4454875
147,weakenvl,12800,19200,18,120,3,11178824,162.2541942,2.760177612,optimal,36,222.6483166
148,M_Agg,12800,19200,18,120,4,11019094,1.85895443,1.800751925,optimal,-,-
148,TPM,12800,19200,18,120,4,11019094,1.048077345,0.480321646,optimal,-,-
148,TPM_m,12800,19200,18,120,4,11019094,0.462268549,0.217446089,optimal,-,-
148,FAL,12800,19200,18,120,4,11019094,0.719091654,0.317621946,optimal,-,-
148,SHP,12800,19200,18,120,4,11019094,0.535722971,0.293567419,optimal,-,-
148,weakl,12800,19200,18,120,4,11019094,158.1391555,2.322795153,optimal,36,256.5095171
148,envl,12800,19200,18,120,4,11019094,158.017007,2.186638594,optimal,36,255.5261137
148,weakenvl,12800,19200,18,120,4,11019094,158.8436872,3.000150681,optimal,36,256.9349991
149,M_Agg,12800,19200,18,150,1,14119511,3.902633429,3.839191437,optimal,-,-
149,TPM,12800,19200,18,150,1,14119511,2.5413692,1.725376844,optimal,-,-
149,TPM_m,12800,19200,18,150,1,14119511,1.036251047,0.752657175,optimal,-,-
149,FAL,12800,19200,18,150,1,14119511,2.272297859,1.705545425,optimal,-,-
149,SHP,12800,19200,18,150,1,14119511,1.361979961,0.991070747,optimal,-,-
149,weakl,12800,19200,18,150,1,14119511,292.7636068,4.595981836,optimal,45,286.5848174
149,envl,12800,19200,18,150,1,14119511,291.4857452,3.28400445,optimal,45,285.4726141
149,weakenvl,12800,19200,18,150,1,14119511,292.7938812,4.586590767,optimal,45,287.0262888
150,M_Agg,12800,19200,18,150,2,13934363,2.486386538,2.423811674,optimal,-,-
150,TPM,12800,19200,18,150,2,13934363,1.60014081,0.780181885,optimal,-,-
150,TPM_m,12800,19200,18,150,2,13934363,0.657496521,0.316155434,optimal,-,-
150,FAL,12800,19200,18,150,2,13934363,1.460564613,0.778835297,optimal,-,-
150,SHP,12800,19200,18,150,2,13934363,0.960368156,0.595100164,optimal,-,-
150,weakl,12800,19200,18,150,2,13934363,276.5232082,4.275511026,optimal,45,290.2963792
150,envl,12800,19200,18,150,2,13934363,275.0287317,2.7357862,optimal,45,289.5496296
150,weakenvl,12800,19200,18,150,2,13934363,276.7015038,4.347967386,optimal,45,290.7883367
151,M_Agg,12800,19200,18,150,3,14046210,2.514040947,2.446470261,optimal,-,-
151,TPM,12800,19200,18,150,3,14046210,2.148036242,1.097180605,optimal,-,-
151,TPM_m,12800,19200,18,150,3,14046210,0.751499254,0.477203608,optimal,-,-
151,FAL,12800,19200,18,150,3,14046210,1.51407671,0.944066286,optimal,-,-
151,SHP,12800,19200,18,150,3,14046210,1.078847408,0.698408842,optimal,-,-
151,weakl,12800,19200,18,150,3,14046210,298.6120979,3.706475258,optimal,45,298.3568321
151,envl,12800,19200,18,150,3,14046210,297.5729708,2.638094664,optimal,45,298.0485583
151,weakenvl,12800,19200,18,150,3,14046210,299.4009242,4.451742887,optimal,45,298.5133297
152,M_Agg,12800,19200,18,150,4,13832186,2.798220873,2.72395587,optimal,-,-
152,TPM,12800,19200,18,150,4,13832186,1.468745947,0.584989548,optimal,-,-
152,TPM_m,12800,19200,18,150,4,13832186,0.550381767,0.252903223,optimal,-,-
152,FAL,12800,19200,18,150,4,13832186,1.13594079,0.467678308,optimal,-,-
152,SHP,12800,19200,18,150,4,13832186,0.833488703,0.480790854,optimal,-,-
152,weakl,12800,19200,18,150,4,13832186,278.4403568,4.079852343,optimal,45,300.5939908
152,envl,12800,19200,18,150,4,13832186,277.8030089,3.413114786,optimal,45,300.4054247
152,weakenvl,12800,19200,18,150,4,13832186,279.2088459,4.807044744,optimal,45,300.7177484
153,M_Agg,12800,19200,18,200,1,18732028,3.804884195,3.73080802,optimal,-,-
153,TPM,12800,19200,18,200,1,18732028,3.210598707,1.697660923,optimal,-,-
153,TPM_m,12800,19200,18,200,1,18732028,0.938672014,0.544770002,optimal,-,-
153,FAL,12800,19200,18,200,1,18732028,2.33137989,1.206365824,optimal,-,-
153,SHP,12800,19200,18,200,1,18732028,1.519554377,0.888179541,optimal,-,-
153,weakl,12800,19200,18,200,1,18732028,307.6098539,4.238653183,optimal,23,308.8793144
153,envl,12800,19200,18,200,1,18789371,307.7938069,4.345043182,optimal,23,308.8502083
153,weakenvl,12800,19200,18,200,1,18789371,307.8420728,4.339102983,optimal,23,308.7261134
154,M_Agg,12800,19200,18,200,2,18828803,4.965433121,4.893368006,optimal,-,-
154,TPM,12800,19200,18,200,2,18828803,4.965231895,3.469830513,optimal,-,-
154,TPM_m,12800,19200,18,200,2,18828803,1.573308441,1.186789274,optimal,-,-
154,FAL,12800,19200,18,200,2,18828803,2.826146603,1.786564589,optimal,-,-
154,SHP,12800,19200,18,200,2,18828803,1.802122593,1.187987804,optimal,-,-
154,weakl,12800,19200,18,200,2,18828803,308.7650196,5.447780609,optimal,24,310.4079699
154,envl,12800,19200,18,200,2,18828803,309.0244467,5.886898518,optimal,24,309.9535494
154,weakenvl,12800,19200,18,200,2,18828803,307.6014759,4.464873075,optimal,24,309.2712061
155,M_Agg,12800,19200,18,200,3,18857726,4.437499046,4.357654333,optimal,-,-
155,TPM,12800,19200,18,200,3,18857726,2.603499889,1.099504232,optimal,-,-
155,TPM_m,12800,19200,18,200,3,18857726,0.694401409,0.300415039,optimal,-,-
155,FAL,12800,19200,18,200,3,18857726,1.767738342,0.789409637,optimal,-,-
155,SHP,12800,19200,18,200,3,18857726,1.313517094,0.696504116,optimal,-,-
155,weakl,12800,19200,18,200,3,18857726,307.560733,4.7979424,optimal,25,318.1557161
155,envl,12800,19200,18,200,3,18968111,307.0004365,4.181034088,optimal,25,314.5016659
155,weakenvl,12800,19200,18,200,3,18968111,308.218599,5.396690369,optimal,25,312.1321435
156,M_Agg,12800,19200,18,200,4,18935107,6.36408639,6.288222551,optimal,-,-
156,TPM,12800,19200,18,200,4,18935107,4.234345436,2.71807313,optimal,-,-
156,TPM_m,12800,19200,18,200,4,18935107,1.391499984,0.998272657,optimal,-,-
156,FAL,12800,19200,18,200,4,18935107,3.966214418,2.940371275,optimal,-,-
156,SHP,12800,19200,18,200,4,18935107,2.224357843,1.578886032,optimal,-,-
156,weakl,12800,19200,18,200,4,18935107,311.5816511,5.188491583,optimal,24,327.3990656
156,envl,12800,19200,18,200,4,18986361,311.582143,5.140374899,optimal,24,320.9559753
156,weakenvl,12800,19200,18,200,4,18986361,311.2423057,4.791076899,optimal,24,314.3618374
157,M_Agg,12800,19200,18,300,1,27908191,9.333906412,9.231759548,optimal,-,-
157,TPM,12800,19200,18,300,1,27908191,6.786590338,3.387789488,optimal,-,-
157,TPM_m,12800,19200,18,300,1,27908191,1.470332435,0.896362543,optimal,-,-
157,FAL,12800,19200,18,300,1,27908191,5.452615499,2.753188848,optimal,-,-
157,SHP,12800,19200,18,300,1,27908191,3.644074202,2.203313351,optimal,-,-
157,weakl,12800,19200,18,300,1,27908191,313.7244758,11.01483679,optimal,24,331.4078422
157,envl,12800,19200,18,300,1,27908191,312.2071714,9.43660903,optimal,24,325.1043823
157,weakenvl,12800,19200,18,300,1,27908191,310.022444,7.252320766,optimal,24,314.4249154
158,M_Agg,12800,19200,18,300,2,27951894,37.1247716,37.04289532,optimal,-,-
158,TPM,12800,19200,18,300,2,27951894,7.433151007,4.047244072,optimal,-,-
158,TPM_m,12800,19200,18,300,2,27951894,1.849050432,1.174758673,optimal,-,-
158,FAL,12800,19200,18,300,2,27951894,7.310051203,4.602290392,optimal,-,-
158,SHP,12800,19200,18,300,2,27951894,4.127227783,2.650521994,optimal,-,-
158,weakl,12800,19200,18,300,2,27951894,339.7560046,35.83018017,optimal,23,345.0923672
158,envl,12800,19200,18,300,2,28018125.87,327.2169128,23.22540951,optimal,23,338.7835366
158,weakenvl,12800,19200,18,300,2,28018125.87,319.0452254,15.05623651,optimal,23,351.6068275
159,M_Agg,12800,19200,18,300,3,27904831,26.83961844,26.75353885,optimal,-,-
159,TPM,12800,19200,18,300,3,27904831,6.016652822,2.692615271,optimal,-,-
159,TPM_m,12800,19200,18,300,3,27904831,1.160048261,0.587297678,optimal,-,-
159,FAL,12800,19200,18,300,3,27904831,4.90183568,2.414372921,optimal,-,-
159,SHP,12800,19200,18,300,3,27904831,3.372620583,1.954749346,optimal,-,-
159,weakl,12800,19200,18,300,3,27904831,344.534131,39.27170372,optimal,28,350.7567307
159,envl,12800,19200,18,300,3,27904831,332.8176739,27.52085042,optimal,28,363.7264767
159,weakenvl,12800,19200,18,300,3,27904831,317.1373744,11.84954739,optimal,28,364.0178714
160,M_Agg,12800,19200,18,300,4,28114027,13.70572138,13.62098765,optimal,-,-
160,TPM,12800,19200,18,300,4,28114027,7.642296553,4.160148621,optimal,-,-
160,TPM_m,12800,19200,18,300,4,28114027,1.692416437,1.105911016,optimal,-,-
160,FAL,12800,19200,18,300,4,28114027,6.481979609,4.162604809,optimal,-,-
160,SHP,12800,19200,18,300,4,28114027,4.295928717,2.796713829,optimal,-,-
160,weakl,12800,19200,18,300,4,28114027,327.6167573,27.3228178,optimal,23,358.7605475
160,envl,12800,19200,18,300,4,28114027,328.1757709,27.84643364,optimal,23,372.2720686
160,weakenvl,12800,19200,18,300,4,28114027,311.4946179,11.16124606,optimal,23,554.2908272
161,M_Agg,12800,19200,18,500,1,46420483,64.55794263,64.44636154,optimal,-,-
161,TPM,12800,19200,18,500,1,46420483,16.90796375,6.919870615,optimal,-,-
161,TPM_m,12800,19200,18,500,1,46420483,1.911429904,0.808824539,optimal,-,-
161,FAL,12800,19200,18,500,1,46420483,12.15964222,5.164296389,optimal,-,-
161,SHP,12800,19200,18,500,1,46420483,12.37381935,7.231369257,optimal,-,-
161,weakl,12800,19200,18,500,1,46420483,368.4625758,60.17378235,optimal,25,730.992383
161,envl,12800,19200,18,500,1,46420483,366.9237886,58.57894564,optimal,25,743.3313812
161,weakenvl,12800,19200,18,500,1,46420483,458.7500924,150.3826003,optimal,25,930.0788967
162,M_Agg,12800,19200,18,500,2,46616386,81.06349587,80.9505024,optimal,-,-
162,TPM,12800,19200,18,500,2,46616386,21.47448754,11.22225428,optimal,-,-
162,TPM_m,12800,19200,18,500,2,46616386,2.813944809,1.820767164,optimal,-,-
162,FAL,12800,19200,18,500,2,46616386,20.78630853,14.07489586,optimal,-,-
162,SHP,12800,19200,18,500,2,46616386,13.6334579,9.493357897,optimal,-,-
162,weakl,12800,19200,18,500,2,46616386,362.4134588,56.40180779,optimal,22,1092.837818
162,envl,12800,19200,18,500,2,46616386,426.9886734,120.9219635,optimal,22,1105.433833
162,weakenvl,12800,19200,18,500,2,46616386,368.6894011,62.62559867,optimal,22,1269.390198
163,M_Agg,12800,19200,18,500,3,46438658,148.2955756,148.1845455,optimal,-,-
163,TPM,12800,19200,18,500,3,46438658,29.89928246,19.955791,optimal,-,-
163,TPM_m,12800,19200,18,500,3,46438658,3.769426184,2.763446808,optimal,-,-
163,FAL,12800,19200,18,500,3,46438658,34.99743629,27.93463898,optimal,-,-
163,SHP,12800,19200,18,500,3,46438658,23.77425289,19.58180714,optimal,-,-
163,weakl,12800,19200,18,500,3,46438658,376.5493982,72.67109561,optimal,24,1455.99003
163,envl,12800,19200,18,500,3,46438658,367.0000415,63.06674409,optimal,24,1453.043444
163,weakenvl,12800,19200,18,500,3,46438658,1078.229197,774.2872145,optimal,24,1630.78395
164,M_Agg,12800,19200,18,500,4,46776940,1820.431354,1820.314082,maxTimeLimit,-,-
164,TPM,12800,19200,18,500,4,46776666,36.6646781,26.64351368,optimal,-,-
164,TPM_m,12800,19200,18,500,4,46776666,6.12540812,4.100633383,optimal,-,-
164,FAL,12800,19200,18,500,4,46776666,47.26537704,40.15224266,optimal,-,-
164,SHP,12800,19200,18,500,4,46776666,27.33920455,23.30746293,optimal,-,-
164,weakl,12800,19200,18,500,4,46776666,1816.544099,1515.802034,maxTimeLimit,24,1815.859802
164,envl,12800,19200,18,500,4,46776666,1812.413021,1511.573416,maxTimeLimit,24,1814.936747
164,weakenvl,12800,19200,18,500,4,46776666,1814.646896,1513.841279,maxTimeLimit,24,1814.699743
165,M_Agg,12800,19200,18,1000,1,92520695,1818.930316,1818.759996,maxTimeLimit,-,-
165,TPM,12800,19200,18,1000,1,92520695,125.5710781,83.22438908,optimal,-,-
165,TPM_m,12800,19200,18,1000,1,92520695,6.61451951,4.368091345,optimal,-,-
165,FAL,12800,19200,18,1000,1,92520695,164.5703709,134.2482095,optimal,-,-
165,SHP,12800,19200,18,1000,1,92520695,101.5978067,82.95507193,optimal,-,-
165,weakl,12800,19200,18,1000,1,92520695,1815.844317,1511.778834,maxTimeLimit,23,1815.64216
165,envl,12800,19200,18,1000,1,92526128,1815.333594,1511.184585,maxTimeLimit,23,1815.924521
165,weakenvl,12800,19200,18,1000,1,92526228,1815.995297,1511.848564,maxTimeLimit,23,1815.61767
166,M_Agg,12800,19200,18,1000,2,92913343,1816.854751,1816.684913,maxTimeLimit,-,-
166,TPM,12800,19200,18,1000,2,92913343,417.4036295,374.6765327,optimal,-,-
166,TPM_m,12800,19200,18,1000,2,92913343,10.68822883,8.318658829,optimal,-,-
166,FAL,12800,19200,18,1000,2,92913343,408.0047905,339.994638,optimal,-,-
166,SHP,12800,19200,18,1000,2,92913343,253.4911995,235.1294644,optimal,-,-
166,weakl,12800,19200,18,1000,2,92938304,1815.022304,1513.333658,maxTimeLimit,25,1814.175597
166,envl,12800,19200,18,1000,2,92913343,1817.427118,1515.697659,maxTimeLimit,25,1814.733856
166,weakenvl,12800,19200,18,1000,2,92932238,1814.264408,1512.529565,maxTimeLimit,25,1813.439934
167,M_Agg,12800,19200,18,1000,3,93202226,1815.516474,1815.338905,maxTimeLimit,-,-
167,TPM,12800,19200,18,1000,3,93157478,209.3497138,166.4503171,optimal,-,-
167,TPM_m,12800,19200,18,1000,3,93157478,11.92552568,5.883853912,optimal,-,-
167,FAL,12800,19200,18,1000,3,93157478,270.2851739,239.4922643,optimal,-,-
167,SHP,12800,19200,18,1000,3,93157478,145.4663918,123.4694178,optimal,-,-
167,weakl,12800,19200,18,1000,3,93267649,1816.028489,1515.514663,maxTimeLimit,25,1813.054534
167,envl,12800,19200,18,1000,3,93157902,1814.573255,1514.059275,maxTimeLimit,25,1813.292032
167,weakenvl,12800,19200,18,1000,3,93176594,1813.892371,1513.372847,maxTimeLimit,25,1812.775429
168,M_Agg,12800,19200,18,1000,4,93080869,1818.678193,1818.471314,maxTimeLimit,-,-
168,TPM,12800,19200,18,1000,4,93045640,130.403949,88.26438379,optimal,-,-
168,TPM_m,12800,19200,18,1000,4,93045640,8.840286983,6.588834763,optimal,-,-
168,FAL,12800,19200,18,1000,4,93045640,238.7554655,207.5514591,optimal,-,-
168,SHP,12800,19200,18,1000,4,93045640,108.3665855,89.07787347,optimal,-,-
168,weakl,12800,19200,18,1000,4,93054873,1815.673529,1514.06907,maxTimeLimit,23,1811.681925
168,envl,12800,19200,18,1000,4,93068759.17,1816.364117,1514.71472,maxTimeLimit,23,1812.563675
168,weakenvl,12800,19200,18,1000,4,93074851.17,1818.318601,1516.668823,maxTimeLimit,23,1812.203934
169,M_Agg,12800,19200,18,2000,1,186585463,1812.290134,1812.011297,maxTimeLimit,-,-
169,TPM,12800,19200,18,2000,1,NA,NA,NA,NA,-,-
169,TPM_m,12800,19200,18,2000,1,186523478,34.27891236,29.63218498,optimal,-,-
169,FAL,12800,19200,18,2000,1,NA,NA,NA,NA,-,-
169,SHP,12800,19200,18,2000,1,NA,NA,NA,NA,-,-
169,weakl,12800,19200,18,2000,1,186579166,1809.978064,1442.507385,maxTimeLimit,10,1810.389796
169,envl,12800,19200,18,2000,1,186635535.4,1810.570934,1442.25929,maxTimeLimit,10,1811.355376
169,weakenvl,12800,19200,18,2000,1,186669876.4,1807.284355,1439.012843,maxTimeLimit,10,1810.324357
170,M_Agg,12800,19200,18,2000,2,185511671,1811.165909,1810.860407,maxTimeLimit,-,-
170,TPM,12800,19200,18,2000,2,NA,NA,NA,NA,-,-
170,TPM_m,12800,19200,18,2000,2,185503955,34.49966055,29.72903657,optimal,-,-
170,FAL,12800,19200,18,2000,2,NA,NA,NA,NA,-,-
170,SHP,12800,19200,18,2000,2,NA,NA,NA,NA,-,-
170,weakl,12800,19200,18,2000,2,185527289,1810.538053,1505.575222,maxTimeLimit,9,1377.53048
170,envl,12800,19200,18,2000,2,185827795,1811.659824,1506.229666,maxTimeLimit,9,1378.31399
170,weakenvl,12800,19200,18,2000,2,185745990,1811.60639,1506.198994,maxTimeLimit,9,1378.134319
171,M_Agg,12800,19200,18,2000,3,186004116,1811.296019,1811.010143,maxTimeLimit,-,-
171,TPM,12800,19200,18,2000,3,NA,NA,NA,NA,-,-
171,TPM_m,12800,19200,18,2000,3,185808749,41.5603076,36.80723691,optimal,-,-
171,FAL,12800,19200,18,2000,3,NA,NA,NA,NA,-,-
171,SHP,12800,19200,18,2000,3,NA,NA,NA,NA,-,-
171,weakl,12800,19200,18,2000,3,185527289,1810.538053,1505.575222,maxTimeLimit,10,945.0587106
171,envl,12800,19200,18,2000,3,185827795,1811.659824,1506.229666,maxTimeLimit,10,945.4612857
171,weakenvl,12800,19200,18,2000,3,185745990,1811.60639,1506.198994,maxTimeLimit,10,945.4054013
172,M_Agg,12800,19200,18,2000,4,185698409,1812.328542,1812.038095,maxTimeLimit,-,-
172,TPM,12800,19200,18,2000,4,NA,NA,NA,NA,-,-
172,TPM_m,12800,19200,18,2000,4,185518799,26.25592171,21.52206421,optimal,-,-
172,FAL,12800,19200,18,2000,4,NA,NA,NA,NA,-,-
172,SHP,12800,19200,18,2000,4,NA,NA,NA,NA,-,-
172,weakl,12800,19200,18,2000,4,185555257,1810.505015,1461.918215,maxTimeLimit,11,511.3826004
172,envl,12800,19200,18,2000,4,185787831.9,1811.53092,1462.164209,maxTimeLimit,11,511.3219342
172,weakenvl,12800,19200,18,2000,4,185777908.9,1810.800292,1461.472897,maxTimeLimit,11,511.4427208
173,M_Agg,12800,19200,26,90,1,8500599,0.763072014,0.683241844,optimal,-,-
173,TPM,12800,19200,26,90,1,8500599,0.570800781,0.256400585,optimal,-,-
173,TPM_m,12800,19200,26,90,1,8500599,0.396907342,0.18103385,optimal,-,-
173,FAL,12800,19200,26,90,1,8500599,0.483787537,0.252384901,optimal,-,-
173,SHP,12800,19200,26,90,1,8500599,0.360481501,0.210011721,optimal,-,-
173,weakl,12800,19200,26,90,1,8500599,78.54079888,0.708974123,optimal,27,79.97495336
173,envl,12800,19200,26,90,1,8500599,78.40539334,0.575374126,optimal,27,79.62907684
173,weakenvl,12800,19200,26,90,1,8500599,78.52420376,0.690378904,optimal,27,79.93382848
174,M_Agg,12800,19200,26,90,2,8575233,0.876194954,0.815109253,optimal,-,-
174,TPM,12800,19200,26,90,2,8575233,0.60594058,0.266614199,optimal,-,-
174,TPM_m,12800,19200,26,90,2,8575233,0.413613122,0.190458059,optimal,-,-
174,FAL,12800,19200,26,90,2,8575233,0.427503586,0.199342966,optimal,-,-
174,SHP,12800,19200,26,90,2,8575233,0.374891996,0.215993643,optimal,-,-
174,weakl,12800,19200,26,90,2,8575233,80.65097566,1.226681709,optimal,27,87.51219763
174,envl,12800,19200,26,90,2,8575233,80.24900552,0.801401138,optimal,27,87.15450938
174,weakenvl,12800,19200,26,90,2,8575233,80.69071933,1.241989851,optimal,27,87.34926303
175,M_Agg,12800,19200,26,90,3,8551038,1.18684864,1.127420187,optimal,-,-
175,TPM,12800,19200,26,90,3,8551038,0.565867662,0.250643492,optimal,-,-
175,TPM_m,12800,19200,26,90,3,8551038,0.660988583,0.465116978,optimal,-,-
175,FAL,12800,19200,26,90,3,8551038,0.446548462,0.228501081,optimal,-,-
175,SHP,12800,19200,26,90,3,8551038,0.342949867,0.193265915,optimal,-,-
175,weakl,12800,19200,26,90,3,8551038,75.83361163,1.439651489,optimal,27,96.49891342
175,envl,12800,19200,26,90,3,8551038,75.10241784,0.69648385,optimal,27,95.89898469
175,weakenvl,12800,19200,26,90,3,8551038,75.75566782,1.340913057,optimal,27,96.35665257
176,M_Agg,12800,19200,26,90,4,8552821,0.984363794,0.927958488,optimal,-,-
176,TPM,12800,19200,26,90,4,8552821,0.634987116,0.295786619,optimal,-,-
176,TPM_m,12800,19200,26,90,4,8552821,0.752084674,0.534621,optimal,-,-
176,FAL,12800,19200,26,90,4,8552821,0.453330755,0.208495617,optimal,-,-
176,SHP,12800,19200,26,90,4,8552821,0.348941088,0.197343588,optimal,-,-
176,weakl,12800,19200,26,90,4,8552821,84.87442726,0.937105656,optimal,27,105.3887908
176,envl,12800,19200,26,90,4,8552821,84.75949067,0.817705631,optimal,27,104.6887272
176,weakenvl,12800,19200,26,90,4,8552821,84.76472301,0.81432271,optimal,27,105.3838807
177,M_Agg,12800,19200,26,100,1,9318850,1.629900694,1.57612443,optimal,-,-
177,TPM,12800,19200,26,100,1,9318850,0.676480532,0.29415679,optimal,-,-
177,TPM_m,12800,19200,26,100,1,9318850,0.442865768,0.198389292,optimal,-,-
177,FAL,12800,19200,26,100,1,9318850,0.527234793,0.253882885,optimal,-,-
177,SHP,12800,19200,26,100,1,9318850,0.40030694,0.218138695,optimal,-,-
177,weakl,12800,19200,26,100,1,9318850,108.689776,2.102865458,optimal,30,112.4459076
177,envl,12800,19200,26,100,1,9325327,108.5071235,1.903791189,optimal,30,111.6668696
177,weakenvl,12800,19200,26,100,1,9325327,108.185942,1.576756954,optimal,30,112.4995574
178,M_Agg,12800,19200,26,100,2,9516706,0.870025635,0.809821606,optimal,-,-
178,TPM,12800,19200,26,100,2,9516706,0.723155737,0.284471512,optimal,-,-
178,TPM_m,12800,19200,26,100,2,9516706,0.80255069,0.58009696,optimal,-,-
178,FAL,12800,19200,26,100,2,9516706,0.516387463,0.227322102,optimal,-,-
178,SHP,12800,19200,26,100,2,9516706,0.404916763,0.218708754,optimal,-,-
178,weakl,12800,19200,26,100,2,9516706,116.5978388,2.205391884,optimal,30,130.2316967
178,envl,12800,19200,26,100,2,9516706,115.2269067,0.828952312,optimal,30,129.313706
178,weakenvl,12800,19200,26,100,2,9516706,116.7202775,2.309559822,optimal,30,130.4723633
179,M_Agg,12800,19200,26,100,3,9239087,1.610606194,1.548014641,optimal,-,-
179,TPM,12800,19200,26,100,3,9239087,0.713344812,0.295149088,optimal,-,-
179,TPM_m,12800,19200,26,100,3,9239087,0.476580328,0.211828709,optimal,-,-
179,FAL,12800,19200,26,100,3,9239087,0.659219503,0.246794224,optimal,-,-
179,SHP,12800,19200,26,100,3,9239087,0.656960726,0.463104963,optimal,-,-
179,weakl,12800,19200,26,100,3,9239087,111.3931213,1.963662863,optimal,30,147.5772849
179,envl,12800,19200,26,100,3,9239087,110.2613878,0.81464076,optimal,30,146.9053568
179,weakenvl,12800,19200,26,100,3,9239087,111.8645804,2.412477493,optimal,30,147.8564839
180,M_Agg,12800,19200,26,100,4,9766239,0.869599819,0.808551311,optimal,-,-
180,TPM,12800,19200,26,100,4,9766239,0.744690418,0.314365149,optimal,-,-
180,TPM_m,12800,19200,26,100,4,9766239,0.472091058,0.189148903,optimal,-,-
180,FAL,12800,19200,26,100,4,9766239,0.546671152,0.247169733,optimal,-,-
180,SHP,12800,19200,26,100,4,9766239,0.443651438,0.227581978,optimal,-,-
180,weakl,12800,19200,26,100,4,9766239,113.1028943,2.415451288,optimal,30,164.0249883
180,envl,12800,19200,26,100,4,9766239,112.6720602,1.977395773,optimal,30,163.1374138
180,weakenvl,12800,19200,26,100,4,9766239,113.2274296,2.530234337,optimal,30,164.2540919
181,M_Agg,12800,19200,26,120,1,11240835,2.184004307,2.122663498,optimal,-,-
181,TPM,12800,19200,26,120,1,11240835,0.907736063,0.365942955,optimal,-,-
181,TPM_m,12800,19200,26,120,1,11240835,1.029695442,0.707413197,optimal,-,-
181,FAL,12800,19200,26,120,1,11240835,0.700286388,0.305911541,optimal,-,-
181,SHP,12800,19200,26,120,1,11240835,0.685210705,0.301041126,optimal,-,-
181,weakl,12800,19200,26,120,1,11240835,179.8329323,2.122578859,optimal,36,181.1442498
181,envl,12800,19200,26,120,1,11240835,179.0944691,1.360460997,optimal,36,180.1286515
181,weakenvl,12800,19200,26,120,1,11240835,180.0771657,2.334168196,optimal,36,181.2935191
182,M_Agg,12800,19200,26,120,2,11140737,1.315052986,1.251309633,optimal,-,-
182,TPM,12800,19200,26,120,2,11140737,1.043585539,0.461756945,optimal,-,-
182,TPM_m,12800,19200,26,120,2,11140737,0.552860445,0.233418703,optimal,-,-
182,FAL,12800,19200,26,120,2,11140737,0.670952797,0.286396027,optimal,-,-
182,SHP,12800,19200,26,120,2,11140737,0.642232656,0.29917264,optimal,-,-
182,weakl,12800,19200,26,120,2,11140737,185.9801919,2.308771849,optimal,36,212.0275248
182,envl,12800,19200,26,120,2,11140737,185.5935099,1.900514126,optimal,36,211.2385564
182,weakenvl,12800,19200,26,120,2,11140737,186.2567601,2.547862291,optimal,36,212.229315
183,M_Agg,12800,19200,26,120,3,11193216,2.385148525,2.318941593,optimal,-,-
183,TPM,12800,19200,26,120,3,11193216,0.916716814,0.386200428,optimal,-,-
183,TPM_m,12800,19200,26,120,3,11193216,0.534410274,0.236003637,optimal,-,-
183,FAL,12800,19200,26,120,3,11193216,0.674154043,0.30899024,optimal,-,-
183,SHP,12800,19200,26,120,3,11193216,0.522657394,0.285835266,optimal,-,-
183,weakl,12800,19200,26,120,3,11193216,177.1839347,2.96216917,optimal,36,242.2596992
183,envl,12800,19200,26,120,3,11193216,175.189616,0.922771454,optimal,36,241.4107942
183,weakenvl,12800,19200,26,120,3,11193216,177.4550121,3.184294224,optimal,36,242.4689
184,M_Agg,12800,19200,26,120,4,11164441,2.616047859,2.555087566,optimal,-,-
184,TPM,12800,19200,26,120,4,11164441,0.998089552,0.467336893,optimal,-,-
184,TPM_m,12800,19200,26,120,4,11164441,0.74122549,0.46625495,optimal,-,-
184,FAL,12800,19200,26,120,4,11164441,0.696501017,0.329903603,optimal,-,-
184,SHP,12800,19200,26,120,4,11164441,0.544464588,0.305336952,optimal,-,-
184,weakl,12800,19200,26,120,4,11164441,181.5799402,3.396212578,optimal,36,273.9366555
184,envl,12800,19200,26,120,4,11164441,180.6370109,2.425399303,optimal,36,273.4972364
184,weakenvl,12800,19200,26,120,4,11164441,181.3851386,3.167897463,optimal,36,274.0380527
185,M_Agg,12800,19200,26,150,1,14187990,3.139467955,3.076485157,optimal,-,-
185,TPM,12800,19200,26,150,1,14187990,1.440543175,0.644896269,optimal,-,-
185,TPM_m,12800,19200,26,150,1,14187990,0.650726095,0.29624629,optimal,-,-
185,FAL,12800,19200,26,150,1,14187990,1.123240948,0.48075366,optimal,-,-
185,SHP,12800,19200,26,150,1,14187990,0.821178198,0.464671135,optimal,-,-
185,weakl,12800,19200,26,150,1,14187990,303.3660324,2.758050442,optimal,23,305.0020939
185,envl,12800,19200,26,150,1,14187990,303.5340889,2.869367599,optimal,23,304.6512759
185,weakenvl,12800,19200,26,150,1,14187990,303.8203491,3.181081533,optimal,23,305.1009272
186,M_Agg,12800,19200,26,150,2,14286969,4.132099867,4.059382439,optimal,-,-
186,TPM,12800,19200,26,150,2,14286969,1.392225266,0.565686703,optimal,-,-
186,TPM_m,12800,19200,26,150,2,14286969,0.59853387,0.263226748,optimal,-,-
186,FAL,12800,19200,26,150,2,14286969,1.060045958,0.475751638,optimal,-,-
186,SHP,12800,19200,26,150,2,14286969,0.978901148,0.463207483,optimal,-,-
186,weakl,12800,19200,26,150,2,14286969,306.9088895,3.958104849,optimal,24,307.6766579
186,envl,12800,19200,26,150,2,14286969,306.2824611,3.302278042,optimal,24,307.159136
186,weakenvl,12800,19200,26,150,2,14286969,307.2151003,4.242116451,optimal,24,307.6759705
187,M_Agg,12800,19200,26,150,3,14287586,3.284538984,3.20968318,optimal,-,-
187,TPM,12800,19200,26,150,3,14287586,1.409903288,0.579892397,optimal,-,-
187,TPM_m,12800,19200,26,150,3,14287586,0.643892971,0.275005579,optimal,-,-
187,FAL,12800,19200,26,150,3,14287586,1.055032015,0.477082729,optimal,-,-
187,SHP,12800,19200,26,150,3,14287586,0.919649601,0.487752438,optimal,-,-
187,weakl,12800,19200,26,150,3,14287586,303.8917598,3.607671499,optimal,22,313.0091208
187,envl,12800,19200,26,150,3,14287586,303.5353846,3.221138239,optimal,22,309.7151331
187,weakenvl,12800,19200,26,150,3,14287586,303.7316228,3.414069414,optimal,22,313.6398111
188,M_Agg,12800,19200,26,150,4,14290231,3.841629267,3.597468376,optimal,-,-
188,TPM,12800,19200,26,150,4,14290231,1.435835123,0.574197531,optimal,-,-
188,TPM_m,12800,19200,26,150,4,14290231,0.65878938,0.296599865,optimal,-,-
188,FAL,12800,19200,26,150,4,14290231,1.227949858,0.485440493,optimal,-,-
188,SHP,12800,19200,26,150,4,14290231,0.835357666,0.48486805,optimal,-,-
188,weakl,12800,19200,26,150,4,14290231,305.8416941,3.611078501,optimal,24,313.5643342
188,envl,12800,19200,26,150,4,14290231,305.2531688,2.997423649,optimal,24,310.2921878
188,weakenvl,12800,19200,26,150,4,14290231,305.6366364,3.371117592,optimal,24,314.5654618
189,M_Agg,12800,19200,26,200,1,19081819,5.712373972,5.638343811,optimal,-,-
189,TPM,12800,19200,26,200,1,19081819,2.531122684,1.071428061,optimal,-,-
189,TPM_m,12800,19200,26,200,1,19081819,0.811393463,0.34557128,optimal,-,-
189,FAL,12800,19200,26,200,1,19081819,1.714869022,0.749248266,optimal,-,-
189,SHP,12800,19200,26,200,1,19081819,1.609874725,0.8553195,optimal,-,-
189,weakl,12800,19200,26,200,1,19081819,314.0642882,5.559200764,optimal,18,315.0610151
189,envl,12800,19200,26,200,1,19081819,313.5655296,4.999519348,optimal,18,311.7543619
189,weakenvl,12800,19200,26,200,1,19081819,314.1205225,5.550424576,optimal,18,315.9553694
190,M_Agg,12800,19200,26,200,2,18664610,15.3504591,15.27771592,optimal,-,-
190,TPM,12800,19200,26,200,2,18664610,2.524042845,0.967233419,optimal,-,-
190,TPM_m,12800,19200,26,200,2,18664610,0.844463724,0.36499691,optimal,-,-
190,FAL,12800,19200,26,200,2,18664610,1.788006306,0.75723815,optimal,-,-
190,SHP,12800,19200,26,200,2,18664610,1.508133411,0.862803459,optimal,-,-
190,weakl,12800,19200,26,200,2,18664610,328.2387412,18.19690037,optimal,20,318.2044567
190,envl,12800,19200,26,200,2,18664610,316.5064495,6.45539856,optimal,20,314.4026586
190,weakenvl,12800,19200,26,200,2,18664610,331.0704627,21.00437999,optimal,20,317.7279183
191,M_Agg,12800,19200,26,200,3,18798023,5.721038818,5.644323587,optimal,-,-
191,TPM,12800,19200,26,200,3,18798023,2.440547705,0.950340033,optimal,-,-
191,TPM_m,12800,19200,26,200,3,18798023,0.829105733,0.365454674,optimal,-,-
191,FAL,12800,19200,26,200,3,18798023,1.803804874,0.77543211,optimal,-,-
191,SHP,12800,19200,26,200,3,18798023,1.548282146,0.799006462,optimal,-,-
191,weakl,12800,19200,26,200,3,18798023,306.1126133,4.482742548,optimal,17,313.8730963
191,envl,12800,19200,26,200,3,18798023,305.8436035,4.165775061,optimal,17,318.923214
191,weakenvl,12800,19200,26,200,3,18798023,307.4342254,5.749874115,optimal,17,313.8301925
192,M_Agg,12800,19200,26,200,4,18693127,5.874663353,5.793555975,optimal,-,-
192,TPM,12800,19200,26,200,4,18693127,2.481113911,1.003117085,optimal,-,-
192,TPM_m,12800,19200,26,200,4,18693127,0.879847823,0.351555347,optimal,-,-
192,FAL,12800,19200,26,200,4,18693127,1.709419489,0.687394857,optimal,-,-
192,SHP,12800,19200,26,200,4,18693127,1.610188723,0.783130884,optimal,-,-
192,weakl,12800,19200,26,200,4,18693127,311.828418,5.016493797,optimal,19,317.3859561
192,envl,12800,19200,26,200,4,18693127,311.1018652,4.258061409,optimal,19,324.9393362
192,weakenvl,12800,19200,26,200,4,18693127,311.1962668,4.350234509,optimal,19,323.466529
193,M_Agg,12800,19200,26,300,1,27572278,14.79528308,14.71350789,optimal,-,-
193,TPM,12800,19200,26,300,1,27572278,5.627258301,2.11695075,optimal,-,-
193,TPM_m,12800,19200,26,300,1,27572278,1.26286919,0.546144962,optimal,-,-
193,FAL,12800,19200,26,300,1,27572278,4.269407034,1.791026115,optimal,-,-
193,SHP,12800,19200,26,300,1,27572278,4.013750792,2.235746622,optimal,-,-
193,weakl,12800,19200,26,300,1,27572278,326.6380542,13.81515217,optimal,18,317.136088
193,envl,12800,19200,26,300,1,27572278,324.1587163,11.22033048,optimal,18,324.1486547
193,weakenvl,12800,19200,26,300,1,27572278,321.2107182,8.262925148,optimal,18,322.8114627
194,M_Agg,12800,19200,26,300,2,27623716,9.283473492,9.201558352,optimal,-,-
194,TPM,12800,19200,26,300,2,27623716,5.875542164,2.33093667,optimal,-,-
194,TPM_m,12800,19200,26,300,2,27623716,1.585354584,0.463751316,optimal,-,-
194,FAL,12800,19200,26,300,2,27623716,4.019271135,1.679603338,optimal,-,-
194,SHP,12800,19200,26,300,2,27623716,3.472630501,1.985530615,optimal,-,-
194,weakl,12800,19200,26,300,2,27623716,310.9132998,7.497074604,optimal,20,487.6935763
194,envl,12800,19200,26,300,2,27623716,334.588671,31.10899258,optimal,20,640.7309849
194,weakenvl,12800,19200,26,300,2,27623716,315.4795597,12.01500583,optimal,20,695.1330075
195,M_Agg,12800,19200,26,300,3,27733692,57.52578306,57.44122887,optimal,-,-
195,TPM,12800,19200,26,300,3,27733692,5.670158386,2.236355543,optimal,-,-
195,TPM_m,12800,19200,26,300,3,27733692,1.225917167,0.477753401,optimal,-,-
195,FAL,12800,19200,26,300,3,27733692,4.028705359,1.705707788,optimal,-,-
195,SHP,12800,19200,26,300,3,27733692,3.696154833,2.223512888,optimal,-,-
195,weakl,12800,19200,26,300,3,27733692,320.1640523,14.58082032,optimal,19,587.1906339
195,envl,12800,19200,26,300,3,27733692,329.9080925,24.29282403,optimal,19,746.7367148
195,weakenvl,12800,19200,26,300,3,27733692,345.9795714,40.359653,optimal,19,903.6734098
196,M_Agg,12800,19200,26,300,4,27991089,15.10393906,15.01075745,optimal,-,-
196,TPM,12800,19200,26,300,4,27991089,5.640274286,2.132818937,optimal,-,-
196,TPM_m,12800,19200,26,300,4,27991089,1.196323247,0.465277672,optimal,-,-
196,FAL,12800,19200,26,300,4,27991089,3.974326372,1.619392633,optimal,-,-
196,SHP,12800,19200,26,300,4,27991089,3.47777462,2.080574036,optimal,-,-
196,weakl,12800,19200,26,300,4,27991089,310.8289457,10.57486796,optimal,17,797.4738293
196,envl,12800,19200,26,300,4,27991089,307.9391391,7.621274233,optimal,17,872.0465484
196,weakenvl,12800,19200,26,300,4,27991089,308.5760014,8.265018225,optimal,17,1103.664949
197,M_Agg,12800,19200,26,500,1,46581928,682.4851067,682.3733609,optimal,-,-
197,TPM,12800,19200,26,500,1,46581928,16.14616585,6.036729097,optimal,-,-
197,TPM_m,12800,19200,26,500,1,46581928,3.156932889,0.841216564,optimal,-,-
197,FAL,12800,19200,26,500,1,46581928,11.52113867,4.699274302,optimal,-,-
197,SHP,12800,19200,26,500,1,46581928,14.31967092,9.231896639,optimal,-,-
197,weakl,12800,19200,26,500,1,46581928,1008.868008,700.9229417,optimal,17,830.7903651
197,envl,12800,19200,26,500,1,46581928,1590.488037,1282.474347,optimal,17,893.8423792
197,weakenvl,12800,19200,26,500,1,46581928,1810.496897,1502.483895,maxTimeLimit,17,1304.379514
198,M_Agg,12800,19200,26,500,2,46142450,77.05681372,76.946486,optimal,-,-
198,TPM,12800,19200,26,500,2,46142450,15.96978521,5.977407455,optimal,-,-
198,TPM_m,12800,19200,26,500,2,46142450,2.896085973,0.796584368,optimal,-,-
198,FAL,12800,19200,26,500,2,46142450,11.57867384,4.579059601,optimal,-,-
198,SHP,12800,19200,26,500,2,46142450,15.17973852,10.26542497,optimal,-,-
198,weakl,12800,19200,26,500,2,46142450,708.9015302,406.6592817,optimal,19,1032.269416
198,envl,12800,19200,26,500,2,46142450,758.6115903,456.324158,optimal,19,949.875477
198,weakenvl,12800,19200,26,500,2,46142450,1149.641169,847.3487267,optimal,19,1305.320876
199,M_Agg,12800,19200,26,500,3,46515689,480.6042449,480.4763737,optimal,-,-
199,TPM,12800,19200,26,500,3,46515689,15.78369784,5.740343809,optimal,-,-
199,TPM_m,12800,19200,26,500,3,46515689,2.952178099,0.829659939,optimal,-,-
199,FAL,12800,19200,26,500,3,46515689,12.43878293,5.445468664,optimal,-,-
199,SHP,12800,19200,26,500,3,46515689,13.90885115,9.692710638,optimal,-,-
199,weakl,12800,19200,26,500,3,46515689,1161.296834,848.6895127,optimal,18,1309.443652
199,envl,12800,19200,26,500,3,46515689,831.1474268,518.5030239,optimal,18,1214.207287
199,weakenvl,12800,19200,26,500,3,46515689,1145.94573,833.2960997,optimal,18,1471.714431
200,M_Agg,12800,19200,26,500,4,46484518,96.11132979,95.99990201,optimal,-,-
200,TPM,12800,19200,26,500,4,46484518,16.31530738,6.085398912,optimal,-,-
200,TPM_m,12800,19200,26,500,4,46484518,2.047476296,0.791309118,optimal,-,-
200,FAL,12800,19200,26,500,4,46484518,11.94181204,5.011940718,optimal,-,-
200,SHP,12800,19200,26,500,4,46484518,12.6848433,8.637233973,optimal,-,-
200,weakl,12800,19200,26,500,4,46484518,444.095089,138.5342934,optimal,18,1472.971705
200,envl,12800,19200,26,500,4,46484518,395.1224625,89.50520086,optimal,18,1460.376597
200,weakenvl,12800,19200,26,500,4,46484518,1111.434261,805.8147461,optimal,18,1638.695646
201,M_Agg,12800,19200,26,1000,1,92697164,1815.017408,1814.832625,maxTimeLimit,-,-
201,TPM,12800,19200,26,1000,1,92697164,71.05844641,27.07441354,optimal,-,-
201,TPM_m,12800,19200,26,1000,1,92697164,4.809083492,1.941078663,optimal,-,-
201,FAL,12800,19200,26,1000,1,92697164,115.0670483,84.83992553,optimal,-,-
201,SHP,12800,19200,26,1000,1,92697164,53.79761982,35.93205023,optimal,-,-
201,weakl,12800,19200,26,1000,1,92697164,1814.784211,1508.378978,maxTimeLimit,18,1815.864172
201,envl,12800,19200,26,1000,1,92697164,1814.620428,1508.165305,maxTimeLimit,18,1815.085363
201,weakenvl,12800,19200,26,1000,1,92697164,1814.262345,1507.791083,maxTimeLimit,18,1814.841959
202,M_Agg,12800,19200,26,1000,2,93279126,1816.994449,1816.826746,maxTimeLimit,-,-
202,TPM,12800,19200,26,1000,2,93279126,66.92445374,25.54314661,optimal,-,-
202,TPM_m,12800,19200,26,1000,2,93279126,4.930369848,2.13646698,optimal,-,-
202,FAL,12800,19200,26,1000,2,93279126,114.4251716,85.19881058,optimal,-,-
202,SHP,12800,19200,26,1000,2,93279126,54.60502791,35.96989036,optimal,-,-
202,weakl,12800,19200,26,1000,2,93297557,1817.598473,1506.582979,maxTimeLimit,17,1815.308844
202,envl,12800,19200,26,1000,2,93343664,1815.938832,1504.869474,maxTimeLimit,17,1814.612711
202,weakenvl,12800,19200,26,1000,2,93279126,1815.215387,1504.146744,maxTimeLimit,17,1814.515038
203,M_Agg,12800,19200,26,1000,3,92747767,1822.935023,1822.760066,maxTimeLimit,-,-
203,TPM,12800,19200,26,1000,3,92711054,67.64374113,25.49324393,optimal,-,-
203,TPM_m,12800,19200,26,1000,3,92711054,4.910535982,2.123628139,optimal,-,-
203,FAL,12800,19200,26,1000,3,92711054,114.6709054,85.93641853,optimal,-,-
203,SHP,12800,19200,26,1000,3,92711054,57.83031702,36.65003204,optimal,-,-
203,weakl,12800,19200,26,1000,3,92741533,1815.409048,1515.036665,maxTimeLimit,19,1811.518358
203,envl,12800,19200,26,1000,3,92794373,1815.824664,1515.399847,maxTimeLimit,19,1813.718096
203,weakenvl,12800,19200,26,1000,3,92864829,1813.870592,1513.444275,maxTimeLimit,19,1813.801537
204,M_Agg,12800,19200,26,1000,4,92759315,1821.20021,1821.032419,maxTimeLimit,-,-
204,TPM,12800,19200,26,1000,4,92717445,69.92837286,26.53455615,optimal,-,-
204,TPM_m,12800,19200,26,1000,4,92717445,4.601857902,1.846148968,optimal,-,-
204,FAL,12800,19200,26,1000,4,92717445,115.4380524,86.11506653,optimal,-,-
204,SHP,12800,19200,26,1000,4,92717445,54.67265058,36.37474513,optimal,-,-
204,weakl,12800,19200,26,1000,4,92820741,1815.664956,1503.889105,maxTimeLimit,18,1810.99727
204,envl,12800,19200,26,1000,4,92717661,1813.957529,1502.113603,maxTimeLimit,18,1812.981369
204,weakenvl,12800,19200,26,1000,4,92803917,1816.019513,1504.153948,maxTimeLimit,18,1815.786557
205,M_Agg,12800,19200,26,2000,1,185917372,1812.310274,1812.027954,maxTimeLimit,-,-
205,TPM,12800,19200,26,2000,1,185811953,413.2890346,187.8043087,optimal,-,-
205,TPM_m,12800,19200,26,2000,1,185811953,11.67387205,4.912889481,optimal,-,-
205,FAL,12800,19200,26,2000,1,185811953,1182.347747,1056.206774,optimal,-,-
205,SHP,12800,19200,26,2000,1,185811953,437.3883288,359.6611271,optimal,-,-
205,weakl,12800,19200,26,2000,1,185901127,1812.562898,1501.964723,maxTimeLimit,18,1810.114119
205,envl,12800,19200,26,2000,1,185957176,1812.729819,1502.067129,maxTimeLimit,18,1812.711425
205,weakenvl,12800,19200,26,2000,1,185958495,1812.954658,1502.315039,maxTimeLimit,18,1817.234346
206,M_Agg,12800,19200,26,2000,2,185948879,1814.400346,1814.113648,maxTimeLimit,-,-
206,TPM,12800,19200,26,2000,2,185834731,506.6873374,181.7476861,optimal,-,-
206,TPM_m,12800,19200,26,2000,2,185834731,11.20442071,4.459813118,optimal,-,-
206,FAL,12800,19200,26,2000,2,185834731,1131.937298,998.3008332,optimal,-,-
206,SHP,12800,19200,26,2000,2,185834731,445.3000755,362.5772448,optimal,-,-
206,weakl,12800,19200,26,2000,2,185985783,1802.436532,1501.453949,maxTimeLimit,20,1434.464336
206,envl,12800,19200,26,2000,2,185937154,1812.36037,1511.309833,maxTimeLimit,20,1437.120787
206,weakenvl,12800,19200,26,2000,2,185936531,1812.361385,1511.330526,maxTimeLimit,20,1441.498491
207,M_Agg,12800,19200,26,2000,3,185359502,1814.28193,1813.464596,maxTimeLimit,-,-
207,TPM,12800,19200,26,2000,3,185259104,633.4138215,230.7584167,optimal,-,-
207,TPM_m,12800,19200,26,2000,3,185259104,13.07783166,6.097651005,optimal,-,-
207,FAL,12800,19200,26,2000,3,185259104,1222.37803,1018.473275,optimal,-,-
207,SHP,12800,19200,26,2000,3,185259104,439.389848,356.7455442,optimal,-,-
207,weakl,12800,19200,26,2000,3,185358183,1813.324695,1502.974871,maxTimeLimit,18,1059.869149
207,envl,12800,19200,26,2000,3,185320514,1812.877755,1502.404,maxTimeLimit,18,1060.174251
207,weakenvl,12800,19200,26,2000,3,185317161,1821.810671,1511.355284,maxTimeLimit,18,1064.444891
208,M_Agg,12800,19200,26,2000,4,186102943,1813.476874,1813.102692,maxTimeLimit,-,-
208,TPM,12800,19200,26,2000,4,185868073,551.3930488,181.485482,optimal,-,-
208,TPM_m,12800,19200,26,2000,4,185868073,12.75585895,5.272157907,optimal,-,-
208,FAL,12800,19200,26,2000,4,185868073,1207.558706,1025.423381,optimal,-,-
208,SHP,12800,19200,26,2000,4,185868073,463.0405698,360.4006269,optimal,-,-
208,weakl,12800,19200,26,2000,4,185985709,1812.132351,1511.574994,maxTimeLimit,18,686.5939911
208,envl,12800,19200,26,2000,4,186320514,1812.877755,1502.404,maxTimeLimit,18,687.0539451
208,weakenvl,12800,19200,26,2000,4,185917161,1821.810671,1511.355284,maxTimeLimit,18,689.007829
209,M_Agg,12800,19200,36,90,1,8527465,0.769115925,0.688477755,optimal,-,-
209,TPM,12800,19200,36,90,1,8527465,0.652105331,0.27845788,optimal,-,-
209,TPM_m,12800,19200,36,90,1,8527465,0.516657668,0.261004448,optimal,-,-
209,FAL,12800,19200,36,90,1,8527465,0.546532869,0.235123873,optimal,-,-
209,SHP,12800,19200,36,90,1,8527465,0.436338186,0.285752535,optimal,-,-
209,weakl,12800,19200,36,90,1,8527465,309.963764,0.670822144,optimal,12,312.5165018
209,envl,12800,19200,36,90,1,8527465,310.3672652,1.004638672,optimal,12,312.5728273
209,weakenvl,12800,19200,36,90,1,8527465,310.0112383,0.664348602,optimal,12,312.5523955
210,M_Agg,12800,19200,36,90,2,8537461,1.180379629,1.114290953,optimal,-,-
210,TPM,12800,19200,36,90,2,8537461,0.537788153,0.246154785,optimal,-,-
210,TPM_m,12800,19200,36,90,2,8537461,0.842683379,0.592979193,optimal,-,-
210,FAL,12800,19200,36,90,2,8537461,0.537195206,0.22638154,optimal,-,-
210,SHP,12800,19200,36,90,2,8537461,0.33320117,0.185012817,optimal,-,-
210,weakl,12800,19200,36,90,2,8537461,304.0557853,0.5693748,optimal,12,313.6777311
210,envl,12800,19200,36,90,2,8537461,304.5742265,1.035721779,optimal,12,313.6404278
210,weakenvl,12800,19200,36,90,2,8537461,304.1469828,0.605800152,optimal,12,313.8472562
211,M_Agg,12800,19200,36,90,3,8500164,1.53213644,1.476141453,optimal,-,-
211,TPM,12800,19200,36,90,3,8500164,0.602265596,0.279089928,optimal,-,-
211,TPM_m,12800,19200,36,90,3,8500164,0.859127695,0.615655422,optimal,-,-
211,FAL,12800,19200,36,90,3,8500164,0.469277382,0.236203671,optimal,-,-
211,SHP,12800,19200,36,90,3,8500164,0.369192362,0.216205597,optimal,-,-
211,weakl,12800,19200,36,90,3,8500164,320.2240643,1.198087692,optimal,12,315.2704262
211,envl,12800,19200,36,90,3,8500164,320.3965335,1.217726469,optimal,12,315.3357057
211,weakenvl,12800,19200,36,90,3,8500164,320.0624241,0.886296511,optimal,12,315.4708967
212,M_Agg,12800,19200,36,90,4,8617921,1.547491789,1.501485348,optimal,-,-
212,TPM,12800,19200,36,90,4,8617921,0.595401764,0.261271238,optimal,-,-
212,TPM_m,12800,19200,36,90,4,8617921,0.549681447,0.286324024,optimal,-,-
212,FAL,12800,19200,36,90,4,8617921,0.766945124,0.509335041,optimal,-,-
212,SHP,12800,19200,36,90,4,8617921,0.361367226,0.215745687,optimal,-,-
212,weakl,12800,19200,36,90,4,8617921,315.8223938,1.696611881,optimal,13,315.7064291
212,envl,12800,19200,36,90,4,8617921,314.9532842,0.758234978,optimal,13,315.6523311
212,weakenvl,12800,19200,36,90,4,8617921,315.9889368,1.788676262,optimal,13,316.046088
213,M_Agg,12800,19200,36,100,1,9406148,0.890380383,0.80352354,optimal,-,-
213,TPM,12800,19200,36,100,1,9406148,0.793405533,0.312527895,optimal,-,-
213,TPM_m,12800,19200,36,100,1,9406148,0.520769299,0.23543334,optimal,-,-
213,FAL,12800,19200,36,100,1,9406148,0.509394169,0.252388,optimal,-,-
213,SHP,12800,19200,36,100,1,9406148,0.412549019,0.244253874,optimal,-,-
213,weakl,12800,19200,36,100,1,9406148,314.608681,0.70311904,optimal,11,318.332043
213,envl,12800,19200,36,100,1,9406148,314.6376672,0.575675249,optimal,11,318.4706191
213,weakenvl,12800,19200,36,100,1,9406148,315.190681,1.13279295,optimal,11,318.6623211
214,M_Agg,12800,19200,36,100,2,9225818,1.750379086,1.690259457,optimal,-,-
214,TPM,12800,19200,36,100,2,9225818,0.713973999,0.324136972,optimal,-,-
214,TPM_m,12800,19200,36,100,2,9225818,0.8459895,0.584569693,optimal,-,-
214,FAL,12800,19200,36,100,2,9225818,0.552874565,0.297174215,optimal,-,-
214,SHP,12800,19200,36,100,2,9225818,0.395285845,0.209137678,optimal,-,-
214,weakl,12800,19200,36,100,2,9225818,310.4265659,0.688262224,optimal,11,316.3671148
214,envl,12800,19200,36,100,2,9225818,311.3553379,1.51841855,optimal,11,316.1992851
214,weakenvl,12800,19200,36,100,2,9225818,310.6415448,0.812555313,optimal,11,316.5533829
215,M_Agg,12800,19200,36,100,3,9591368,0.953370571,0.89542985,optimal,-,-
215,TPM,12800,19200,36,100,3,9591368,0.721973658,0.313626289,optimal,-,-
215,TPM_m,12800,19200,36,100,3,9591368,0.908103943,0.62169528,optimal,-,-
215,FAL,12800,19200,36,100,3,9591368,0.535887003,0.258866787,optimal,-,-
215,SHP,12800,19200,36,100,3,9591368,0.416211128,0.247203588,optimal,-,-
215,weakl,12800,19200,36,100,3,9591368,321.9680757,1.312705994,optimal,11,322.193619
215,envl,12800,19200,36,100,3,9591368,321.6630354,0.888799191,optimal,11,322.0223748
215,weakenvl,12800,19200,36,100,3,9591368,322.3631892,1.592012405,optimal,11,322.527858
216,M_Agg,12800,19200,36,100,4,9270156,0.607778788,0.561470032,optimal,-,-
216,TPM,12800,19200,36,100,4,9270156,0.718019247,0.313218832,optimal,-,-
216,TPM_m,12800,19200,36,100,4,9270156,0.578710032,0.310134411,optimal,-,-
216,FAL,12800,19200,36,100,4,9270156,0.527685404,0.246971369,optimal,-,-
216,SHP,12800,19200,36,100,4,9270156,0.502761602,0.32899642,optimal,-,-
216,weakl,12800,19200,36,100,4,9270156,326.3248495,0.78753829,optimal,11,318.3086751
216,envl,12800,19200,36,100,4,9270156,326.226436,0.533451557,optimal,11,318.3442798
216,weakenvl,12800,19200,36,100,4,9270156,326.4538695,0.760294199,optimal,11,318.5808422
217,M_Agg,12800,19200,36,120,1,11255020,1.622641802,1.559610844,optimal,-,-
217,TPM,12800,19200,36,120,1,11255020,0.855919361,0.358291149,optimal,-,-
217,TPM_m,12800,19200,36,120,1,11255020,0.574165804,0.259886026,optimal,-,-
217,FAL,12800,19200,36,120,1,11255020,0.658865929,0.296356916,optimal,-,-
217,SHP,12800,19200,36,120,1,11255020,0.614535332,0.291057825,optimal,-,-
217,weakl,12800,19200,36,120,1,11255020,306.748968,2.237235546,optimal,8,312.2221913
217,envl,12800,19200,36,120,1,11255020,305.5523313,0.918879509,optimal,8,312.5009039
217,weakenvl,12800,19200,36,120,1,11255020,306.754928,2.115363598,optimal,8,312.6854427
218,M_Agg,12800,19200,36,120,2,11282122,1.397978544,1.323811054,optimal,-,-
218,TPM,12800,19200,36,120,2,11282122,0.989607573,0.467177629,optimal,-,-
218,TPM_m,12800,19200,36,120,2,11282122,0.633313786,0.268853903,optimal,-,-
218,FAL,12800,19200,36,120,2,11282122,0.667370558,0.286327124,optimal,-,-
218,SHP,12800,19200,36,120,2,11282122,0.528209209,0.294163942,optimal,-,-
218,weakl,12800,19200,36,120,2,11282122,333.7325826,0.990490913,optimal,9,324.2985897
218,envl,12800,19200,36,120,2,11282122,334.6476963,1.777230263,optimal,9,324.8667467
218,weakenvl,12800,19200,36,120,2,11282122,334.5394455,1.673636913,optimal,9,324.7847352
219,M_Agg,12800,19200,36,120,3,11367373,2.419822454,2.356343269,optimal,-,-
219,TPM,12800,19200,36,120,3,11367373,0.982532024,0.444372892,optimal,-,-
219,TPM_m,12800,19200,36,120,3,11367373,0.711337279,0.318450689,optimal,-,-
219,FAL,12800,19200,36,120,3,11367373,0.728874207,0.352038145,optimal,-,-
219,SHP,12800,19200,36,120,3,11367373,0.578771353,0.298532009,optimal,-,-
219,weakl,12800,19200,36,120,3,11367373,306.4283001,2.305136204,optimal,7,328.7115166
219,envl,12800,19200,36,120,3,11367373,306.9506555,2.686044216,optimal,7,329.0552
219,weakenvl,12800,19200,36,120,3,11367373,306.5751259,2.307528257,optimal,7,329.0064243
220,M_Agg,12800,19200,36,120,4,11214251,1.126568794,1.071220636,optimal,-,-
220,TPM,12800,19200,36,120,4,11214251,1.02833724,0.46771121,optimal,-,-
220,TPM_m,12800,19200,36,120,4,11214251,0.647534133,0.283839226,optimal,-,-
220,FAL,12800,19200,36,120,4,11214251,0.746101141,0.353526592,optimal,-,-
220,SHP,12800,19200,36,120,4,11214251,0.663982868,0.39385438,optimal,-,-
220,weakl,12800,19200,36,120,4,11214251,301.9789144,0.878346443,optimal,8,334.5801614
220,envl,12800,19200,36,120,4,11214251,302.8529326,1.584501266,optimal,8,334.8415537
220,weakenvl,12800,19200,36,120,4,11214251,302.8722714,1.607274771,optimal,8,334.910342
221,M_Agg,12800,19200,36,150,1,14040819,2.803367138,2.736314535,optimal,-,-
221,TPM,12800,19200,36,150,1,14040819,1.463076353,0.585170507,optimal,-,-
221,TPM_m,12800,19200,36,150,1,14040819,0.698986758,0.286822081,optimal,-,-
221,FAL,12800,19200,36,150,1,14040819,0.999270439,0.446875095,optimal,-,-
221,SHP,12800,19200,36,150,1,14040819,0.763147116,0.435889959,optimal,-,-
221,weakl,12800,19200,36,150,1,14040819,355.0545616,2.715272665,optimal,7,344.9137035
221,envl,12800,19200,36,150,1,14040819,355.0157025,2.504662275,optimal,7,345.0649795
221,weakenvl,12800,19200,36,150,1,14040819,355.1520981,2.633836031,optimal,7,345.0560003
222,M_Agg,12800,19200,36,150,2,14247044,3.840992212,3.772622347,optimal,-,-
222,TPM,12800,19200,36,150,2,14247044,1.734174252,0.716803074,optimal,-,-
222,TPM_m,12800,19200,36,150,2,14247044,0.787275541,0.328679085,optimal,-,-
222,FAL,12800,19200,36,150,2,14247044,1.192286491,0.561904669,optimal,-,-
222,SHP,12800,19200,36,150,2,14247044,0.951504946,0.590591431,optimal,-,-
222,weakl,12800,19200,36,150,2,14247044,351.3842904,3.292113781,optimal,7,347.3884682
222,envl,12800,19200,36,150,2,14247044,351.4015095,2.971621037,optimal,7,347.709942
222,weakenvl,12800,19200,36,150,2,14247044,351.4262018,3.073315382,optimal,7,347.5858795
223,M_Agg,12800,19200,36,150,3,14004858,3.430713415,3.365129948,optimal,-,-
223,TPM,12800,19200,36,150,3,14004858,1.549204111,0.602771044,optimal,-,-
223,TPM_m,12800,19200,36,150,3,14004858,0.78642946,0.334187269,optimal,-,-
223,FAL,12800,19200,36,150,3,14004858,1.038278818,0.445485115,optimal,-,-
223,SHP,12800,19200,36,150,3,14004858,0.815793037,0.458030701,optimal,-,-
223,weakl,12800,19200,36,150,3,14004858,329.9028791,3.485600471,optimal,7,349.6228659
223,envl,12800,19200,36,150,3,14004858,330.0960702,3.483959198,optimal,7,349.8020242
223,weakenvl,12800,19200,36,150,3,14004858,330.1907965,3.568373203,optimal,7,349.8028446
224,M_Agg,12800,19200,36,150,4,14052861,2.961567163,2.895022154,optimal,-,-
224,TPM,12800,19200,36,150,4,14052861,1.49479866,0.550195694,optimal,-,-
224,TPM_m,12800,19200,36,150,4,14052861,0.740023292,0.315285444,optimal,-,-
224,FAL,12800,19200,36,150,4,14052861,1.112059116,0.535335302,optimal,-,-
224,SHP,12800,19200,36,150,4,14052861,0.963922977,0.488820076,optimal,-,-
224,weakl,12800,19200,36,150,4,14052861,343.3130829,2.541318417,optimal,7,365.3248127
224,envl,12800,19200,36,150,4,14052861,343.7466358,2.657909155,optimal,7,365.3342147
224,weakenvl,12800,19200,36,150,4,14052861,343.4549047,2.367599964,optimal,7,365.4866926
225,M_Agg,12800,19200,36,200,1,18785397,4.865369797,4.798215628,optimal,-,-
225,TPM,12800,19200,36,200,1,18785397,2.37544775,1.046395063,optimal,-,-
225,TPM_m,12800,19200,36,200,1,18785397,0.985541286,0.465866804,optimal,-,-
225,FAL,12800,19200,36,200,1,18785397,1.731395245,0.782622337,optimal,-,-
225,SHP,12800,19200,36,200,1,18785397,1.324516535,0.771170139,optimal,-,-
225,weakl,12800,19200,36,200,1,18785397,364.9536204,4.039934397,optimal,6,369.3728329
225,envl,12800,19200,36,200,1,18785397,365.5955524,4.389363289,optimal,6,369.2320412
225,weakenvl,12800,19200,36,200,1,18785397,365.271615,4.065325499,optimal,6,369.6130292
226,M_Agg,12800,19200,36,200,2,18800836,4.676870346,4.601124287,optimal,-,-
226,TPM,12800,19200,36,200,2,18800836,2.336448669,0.989980698,optimal,-,-
226,TPM_m,12800,19200,36,200,2,18800836,1.058860505,0.457961798,optimal,-,-
226,FAL,12800,19200,36,200,2,18800836,1.57012248,0.681638718,optimal,-,-
226,SHP,12800,19200,36,200,2,18800836,1.3117311,0.755830765,optimal,-,-
226,weakl,12800,19200,36,200,2,18800836,360.3218811,4.905400991,optimal,6,393.8679087
226,envl,12800,19200,36,200,2,18800836,359.7698383,3.952897787,optimal,6,385.739121
226,weakenvl,12800,19200,36,200,2,18800836,360.2940622,4.468076706,optimal,6,390.361245
227,M_Agg,12800,19200,36,200,3,18421586,3.568812609,3.50475049,optimal,-,-
227,TPM,12800,19200,36,200,3,18421586,2.522894859,1.039620161,optimal,-,-
227,TPM_m,12800,19200,36,200,3,18421586,1.035362102,0.42238307,optimal,-,-
227,FAL,12800,19200,36,200,3,18421586,1.744474173,0.746474504,optimal,-,-
227,SHP,12800,19200,36,200,3,18421586,1.626707077,0.867064714,optimal,-,-
227,weakl,12800,19200,36,200,3,18421586,392.7106666,4.040534735,optimal,6,404.7677424
227,envl,12800,19200,36,200,3,18421586,392.2248322,3.213150024,optimal,6,390.8474751
227,weakenvl,12800,19200,36,200,3,18421586,392.9261887,3.932333469,optimal,6,401.5448625
228,M_Agg,12800,19200,36,200,4,18965617,4.486382723,4.412857533,optimal,-,-
228,TPM,12800,19200,36,200,4,18965617,2.375577211,0.886097431,optimal,-,-
228,TPM_m,12800,19200,36,200,4,18965617,1.040560276,0.475575686,optimal,-,-
228,FAL,12800,19200,36,200,4,18965617,1.786009073,0.738740206,optimal,-,-
228,SHP,12800,19200,36,200,4,18965617,1.639909029,0.889854908,optimal,-,-
228,weakl,12800,19200,36,200,4,18965617,359.5051634,4.470279694,optimal,6,405.1931647
228,envl,12800,19200,36,200,4,18965617,359.3379418,3.836938381,optimal,6,387.2506232
228,weakenvl,12800,19200,36,200,4,18965617,359.960251,4.45041585,optimal,6,401.5790264
229,M_Agg,12800,19200,36,300,1,28096846,172.1265945,172.0419967,optimal,-,-
229,TPM,12800,19200,36,300,1,28096846,5.534295797,2.264648914,optimal,-,-
229,TPM_m,12800,19200,36,300,1,28096846,1.392057163,0.551428556,optimal,-,-
229,FAL,12800,19200,36,300,1,28096846,4.081365585,1.938498974,optimal,-,-
229,SHP,12800,19200,36,300,1,28096846,3.599226713,2.036613941,optimal,-,-
229,weakl,12800,19200,36,300,1,28096846,462.9339237,90.94887018,optimal,6,412.7061907
229,envl,12800,19200,36,300,1,28096846,431.6238715,59.22041464,optimal,6,395.3351085
229,weakenvl,12800,19200,36,300,1,28096846,448.2644782,75.86052632,optimal,6,409.0883771
230,M_Agg,12800,19200,36,300,2,27881893,30.43001103,30.34578323,optimal,-,-
230,TPM,12800,19200,36,300,2,27881893,6.096261024,2.457588196,optimal,-,-
230,TPM_m,12800,19200,36,300,2,27881893,1.554078801,0.664647579,optimal,-,-
230,FAL,12800,19200,36,300,2,27881893,4.021598101,1.647721052,optimal,-,-
230,SHP,12800,19200,36,300,2,27881893,3.792508841,2.125566959,optimal,-,-
230,weakl,12800,19200,36,300,2,27881893,403.9212158,36.12207484,optimal,5,484.2331322
230,envl,12800,19200,36,300,2,27881893,380.2032547,12.12125969,optimal,5,471.0375701
230,weakenvl,12800,19200,36,300,2,27881893,405.0285321,36.94709873,optimal,5,438.5134794
231,M_Agg,12800,19200,36,300,3,27721666,30.76538825,30.68379283,optimal,-,-
231,TPM,12800,19200,36,300,3,27721666,5.569993496,2.08678031,optimal,-,-
231,TPM_m,12800,19200,36,300,3,27721666,1.518390559,0.631634712,optimal,-,-
231,FAL,12800,19200,36,300,3,27721666,4.154439688,1.665391684,optimal,-,-
231,SHP,12800,19200,36,300,3,27721666,3.285666704,1.879143476,optimal,-,-
231,weakl,12800,19200,36,300,3,27721666,394.412356,40.18437266,optimal,5,835.5952765
231,envl,12800,19200,36,300,3,27721666,377.8374248,23.17175341,optimal,5,828.4882547
231,weakenvl,12800,19200,36,300,3,27721666,393.0628444,38.39197183,optimal,5,789.7832386
232,M_Agg,12800,19200,36,300,4,27806256,7.890836,7.800583839,optimal,-,-
232,TPM,12800,19200,36,300,4,27806256,5.553021908,2.092245102,optimal,-,-
232,TPM_m,12800,19200,36,300,4,27806256,1.623519677,0.647515774,optimal,-,-
232,FAL,12800,19200,36,300,4,27806256,4.007769823,1.663962841,optimal,-,-
232,SHP,12800,19200,36,300,4,27806256,3.4396348,1.83980608,optimal,-,-
232,weakl,12800,19200,36,300,4,27806256,389.5572671,6.678048611,optimal,5,1188.154935
232,envl,12800,19200,36,300,4,27806256,391.6758827,8.29773283,optimal,5,1098.323475
232,weakenvl,12800,19200,36,300,4,27806256,389.9976539,6.628375769,optimal,5,1142.669484
233,M_Agg,12800,19200,36,500,1,46541816,421.0035613,420.8875713,optimal,-,-
233,TPM,12800,19200,36,500,1,46541816,16.40017772,6.356756687,optimal,-,-
233,TPM_m,12800,19200,36,500,1,46541816,3.513521207,0.976432085,optimal,-,-
233,FAL,12800,19200,36,500,1,46541816,11.96134853,4.862142086,optimal,-,-
233,SHP,12800,19200,36,500,1,46541816,12.69419646,8.671773195,optimal,-,-
233,weakl,12800,19200,36,500,1,46541816,749.0416901,318.4362679,optimal,6,1194.891639
233,envl,12800,19200,36,500,1,46541816,734.4337179,303.3273044,optimal,6,1153.588275
233,weakenvl,12800,19200,36,500,1,46541816,565.9648871,134.8731172,optimal,6,1149.055217
234,M_Agg,12800,19200,36,500,2,46621277,1810.120784,1810.006034,maxTimeLimit,-,-
234,TPM,12800,19200,36,500,2,46621277,15.78528619,5.677299261,optimal,-,-
234,TPM_m,12800,19200,36,500,2,46621277,3.509665255,0.968135118,optimal,-,-
234,FAL,12800,19200,36,500,2,46621277,12.79607439,5.514353275,optimal,-,-
234,SHP,12800,19200,36,500,2,46621277,12.94945455,8.856316328,optimal,-,-
234,weakl,12800,19200,36,500,2,46621277,1809.369793,1361.797057,maxTimeLimit,6,1461.567172
234,envl,12800,19200,36,500,2,46621277,1810.005993,1361.94765,maxTimeLimit,6,1423.331374
234,weakenvl,12800,19200,36,500,2,46621277,1810.107569,1362.046183,maxTimeLimit,6,1461.501194
235,M_Agg,12800,19200,36,500,3,46271422,1034.453574,1034.342593,optimal,-,-
235,TPM,12800,19200,36,500,3,46271422,15.45613885,5.313842535,optimal,-,-
235,TPM_m,12800,19200,36,500,3,46271422,2.565211428,1.021813393,optimal,-,-
235,FAL,12800,19200,36,500,3,46271422,11.40488863,4.695488214,optimal,-,-
235,SHP,12800,19200,36,500,3,46271422,11.31659961,7.247056246,optimal,-,-
235,weakl,12800,19200,36,500,3,46271422,1804.650991,1466.089508,maxTimeLimit,5,1462.879335
235,envl,12800,19200,36,500,3,46271422,1457.178304,1118.332287,optimal,5,1424.482471
235,weakenvl,12800,19200,36,500,3,46271422,1804.607828,1465.682308,maxTimeLimit,5,1463.121497
236,M_Agg,12800,19200,36,500,4,46196341,258.8317959,258.7165589,optimal,-,-
236,TPM,12800,19200,36,500,4,46196341,15.25984192,5.479635239,optimal,-,-
236,TPM_m,12800,19200,36,500,4,46196341,2.587468488,0.886847496,optimal,-,-
236,FAL,12800,19200,36,500,4,46196341,11.43001151,4.822601557,optimal,-,-
236,SHP,12800,19200,36,500,4,46196341,9.307286024,5.317282438,optimal,-,-
236,weakl,12800,19200,36,500,4,46196341,416.5040835,99.01557493,optimal,5,1466.359527
236,envl,12800,19200,36,500,4,46196341,612.7350863,294.6553633,optimal,5,1513.536268
236,weakenvl,12800,19200,36,500,4,46196341,415.5405857,97.42446184,optimal,5,1466.695046
237,M_Agg,12800,19200,36,1000,1,92830719,1821.584792,1821.392324,maxTimeLimit,-,-
237,TPM,12800,19200,36,1000,1,92830719,71.89534283,29.44669771,optimal,-,-
237,TPM_m,12800,19200,36,1000,1,92830719,5.712605815,2.085750341,optimal,-,-
237,FAL,12800,19200,36,1000,1,92830719,119.3930385,88.40390539,optimal,-,-
237,SHP,12800,19200,36,1000,1,92830719,55.62872338,36.6509521,optimal,-,-
237,weakl,12800,19200,36,1000,1,92830719,1815.743821,1504.129868,maxTimeLimit,5,1816.218293
237,envl,12800,19200,36,1000,1,92830719,1813.406111,1501.438086,maxTimeLimit,5,1814.086542
237,weakenvl,12800,19200,36,1000,1,92830719,1815.748792,1503.776885,maxTimeLimit,5,1816.132233
238,M_Agg,12800,19200,36,1000,2,92624964,1816.101114,1815.930712,maxTimeLimit,-,-
238,TPM,12800,19200,36,1000,2,92624134,69.91441202,26.72269297,optimal,-,-
238,TPM_m,12800,19200,36,1000,2,92624134,5.711904969,2.11684823,optimal,-,-
238,FAL,12800,19200,36,1000,2,92624134,116.3161898,87.59238124,optimal,-,-
238,SHP,12800,19200,36,1000,2,92624134,54.30310321,36.34101105,optimal,-,-
238,weakl,12800,19200,36,1000,2,92624134,1814.618445,1340.402333,maxTimeLimit,6,1815.274935
238,envl,12800,19200,36,1000,2,92630288,1814.610381,1339.528755,maxTimeLimit,6,1813.825858
238,weakenvl,12800,19200,36,1000,2,92624134,1816.588784,1341.533161,maxTimeLimit,6,1815.398134
239,M_Agg,12800,19200,36,1000,3,92896519,1814.724766,1814.564452,maxTimeLimit,-,-
239,TPM,12800,19200,36,1000,3,92896519,60.96495891,22.20008969,optimal,-,-
239,TPM_m,12800,19200,36,1000,3,92896519,5.509905424,1.971092463,optimal,-,-
239,FAL,12800,19200,36,1000,3,92896519,72.43465328,44.3314023,optimal,-,-
239,SHP,12800,19200,36,1000,3,92896519,44.04573488,24.1489048,optimal,-,-
239,weakl,12800,19200,36,1000,3,92916604,1818.57176,1499.64567,maxTimeLimit,5,1814.819117
239,envl,12800,19200,36,1000,3,92896519,1813.393495,1494.101754,maxTimeLimit,5,1813.560495
239,weakenvl,12800,19200,36,1000,3,92916604,1818.902022,1499.585501,maxTimeLimit,5,1814.299975
240,M_Agg,12800,19200,36,1000,4,92873470,1815.508516,1815.338273,maxTimeLimit,-,-
240,TPM,12800,19200,36,1000,4,92853654,62.959234,22.66906333,optimal,-,-
240,TPM_m,12800,19200,36,1000,4,92853654,5.553080591,2.011371136,optimal,-,-
240,FAL,12800,19200,36,1000,4,92853654,74.30004191,45.70468807,optimal,-,-
240,SHP,12800,19200,36,1000,4,92853654,64.05393839,43.65694308,optimal,-,-
240,weakl,12800,19200,36,1000,4,92876579,1815.939148,1424.295549,maxTimeLimit,5,1812.749954
240,envl,12800,19200,36,1000,4,92880750,1814.936181,1422.682369,maxTimeLimit,5,1812.790019
240,weakenvl,12800,19200,36,1000,4,92876579,1813.289334,1421.027641,maxTimeLimit,5,1812.024004
241,M_Agg,12800,19200,36,2000,1,185670170,1812.536599,1812.254019,maxTimeLimit,-,-
241,TPM,12800,19200,36,2000,1,185591045,381.690217,168.0739653,optimal,-,-
241,TPM_m,12800,19200,36,2000,1,185591045,12.70215714,4.998409271,optimal,-,-
241,FAL,12800,19200,36,2000,1,185591045,1191.750508,1056.895224,optimal,-,-
241,SHP,12800,19200,36,2000,1,185591045,436.51034,348.0795212,optimal,-,-
241,weakl,12800,19200,36,2000,1,185803808,1811.970386,1482.044087,maxTimeLimit,5,1811.829472
241,envl,12800,19200,36,2000,1,185670170,1812.363376,1482.006324,maxTimeLimit,5,1812.03654
241,weakenvl,12800,19200,36,2000,1,185740526,1812.812395,1482.452933,maxTimeLimit,5,1811.133421
242,M_Agg,12800,19200,36,2000,2,185641631,1813.885498,1813.582867,maxTimeLimit,-,-
242,TPM,12800,19200,36,2000,2,185581452,376.6594534,190.9587414,optimal,-,-
242,TPM_m,12800,19200,36,2000,2,185581452,13.13562072,4.840804338,optimal,-,-
242,FAL,12800,19200,36,2000,2,185581452,1147.363118,1018.633204,optimal,-,-
242,SHP,12800,19200,36,2000,2,185581452,443.6257505,349.7167468,optimal,-,-
242,weakl,12800,19200,36,2000,2,185753438,1812.795175,1422.682564,maxTimeLimit,5,1811.7825
242,envl,12800,19200,36,2000,2,185677947,1813.548927,1423.037307,maxTimeLimit,5,1811.927594
242,weakenvl,12800,19200,36,2000,2,185756578,1812.19615,1421.700683,maxTimeLimit,5,1810.573763
243,M_Agg,12800,19200,36,2000,3,185894612,1810.982057,1810.619123,maxTimeLimit,-,-
243,TPM,12800,19200,36,2000,3,185892852,288.2086952,125.4760184,optimal,-,-
243,TPM_m,12800,19200,36,2000,3,185892852,12.12055435,4.338629246,optimal,-,-
243,FAL,12800,19200,36,2000,3,185892852,677.1462758,560.5618024,optimal,-,-
243,SHP,12800,19200,36,2000,3,185892852,314.5317745,229.464164,optimal,-,-
243,weakl,12800,19200,36,2000,3,185986159,1810.295107,1435.13722,maxTimeLimit,5,1811.276163
243,envl,12800,19200,36,2000,3,185982890,1810.311593,1434.621272,maxTimeLimit,5,1811.116927
243,weakenvl,12800,19200,36,2000,3,185932305,1809.798136,1434.165626,maxTimeLimit,5,1809.76257
244,M_Agg,12800,19200,36,2000,4,185232998,1812.362709,1811.877863,maxTimeLimit,-,-
244,TPM,12800,19200,36,2000,4,185090415,320.560261,142.4282222,optimal,-,-
244,TPM_m,12800,19200,36,2000,4,185090415,12.13411649,4.342785358,optimal,-,-
244,FAL,12800,19200,36,2000,4,185090415,691.9735978,577.5716753,optimal,-,-
244,SHP,12800,19200,36,2000,4,185090415,308.2737286,234.6976619,optimal,-,-
244,weakl,12800,19200,36,2000,4,185116837,1812.257219,1484.600312,maxTimeLimit,5,1812.257219
244,envl,12800,19200,36,2000,4,185133491,1811.922262,1483.756933,maxTimeLimit,5,1811.922262
244,weakenvl,12800,19200,36,2000,4,185242557,1809.727005,1481.574765,maxTimeLimit,5,1809.727005

